{
  "sepas" : [ {
    "@class" : "org.apache.streampipes.model.graph.DataProcessorInvocation",
    "elementId" : "sp:dataprocessorinvocation:VTvPPJ:yYIDI",
    "dom" : "jsplumb_6_ZPMw",
    "connectedTo" : [ "jsplumb_4_p0VA" ],
    "name" : "Numerical Filter",
    "description" : "Numerical Filter Description",
    "iconUrl" : null,
    "appId" : "org.apache.streampipes.processors.filters.jvm.numericalfilter",
    "includesAssets" : true,
    "includesLocales" : false,
    "includedAssets" : [ "documentation.md", "icon.png" ],
    "includedLocales" : [ ],
    "internallyManaged" : false,
    "inputStreams" : [ {
      "@class" : "org.apache.streampipes.model.SpDataStream",
      "elementId" : "urn:streampipes.apache.org:eventstream:wMDbfy",
      "dom" : null,
      "connectedTo" : null,
      "name" : null,
      "description" : null,
      "iconUrl" : null,
      "appId" : null,
      "includesAssets" : false,
      "includesLocales" : false,
      "includedAssets" : [ ],
      "includedLocales" : [ ],
      "internallyManaged" : false,
      "eventGrounding" : {
        "transportProtocols" : [ {
          "@class" : "org.apache.streampipes.model.grounding.KafkaTransportProtocol",
          "elementId" : "sp:transportprotocol:WSlgJL",
          "brokerHostname" : "kafka",
          "topicDefinition" : {
            "@class" : "org.apache.streampipes.model.grounding.SimpleTopicDefinition",
            "actualTopicName" : "org.apache.streampipes.connect.19620071-3978-468b-9e12-0f39e580c4a4"
          },
          "zookeeperHost" : null,
          "zookeeperPort" : 0,
          "kafkaPort" : 9092,
          "lingerMs" : null,
          "messageMaxBytes" : null,
          "maxRequestSize" : null,
          "acks" : null,
          "batchSize" : null,
          "offset" : null,
          "groupId" : "Default_Pipeline25f19b666f8f278364f5c0c345485153c"
        } ],
        "transportFormats" : [ {
          "rdfType" : [ "http://sepa.event-processing.org/sepa#json" ]
        } ]
      },
      "eventSchema" : {
        "eventProperties" : [ {
          "@class" : "org.apache.streampipes.model.schema.EventPropertyPrimitive",
          "elementId" : "sp:eventproperty:IKdPLH",
          "label" : "Water Level",
          "description" : "Denotes the current water level in the container",
          "runtimeName" : "level",
          "required" : false,
          "domainProperties" : [ "http://schema.org/Number" ],
          "propertyScope" : "MEASUREMENT_PROPERTY",
          "index" : 2,
          "runtimeId" : null,
          "runtimeType" : "http://www.w3.org/2001/XMLSchema#float",
          "measurementUnit" : null,
          "valueSpecification" : null
        }, {
          "@class" : "org.apache.streampipes.model.schema.EventPropertyPrimitive",
          "elementId" : "sp:eventproperty:pLyyfE",
          "label" : "Overflow",
          "description" : "Indicates whether the tank overflows",
          "runtimeName" : "overflow",
          "required" : false,
          "domainProperties" : [ "http://schema.org/Number" ],
          "propertyScope" : "MEASUREMENT_PROPERTY",
          "index" : 3,
          "runtimeId" : null,
          "runtimeType" : "http://www.w3.org/2001/XMLSchema#boolean",
          "measurementUnit" : null,
          "valueSpecification" : null
        }, {
          "@class" : "org.apache.streampipes.model.schema.EventPropertyPrimitive",
          "elementId" : "sp:eventproperty:HZBCNv",
          "label" : "Sensor ID",
          "description" : "The ID of the sensor",
          "runtimeName" : "sensorId",
          "required" : false,
          "domainProperties" : [ "https://streampipes.org/vocabulary/examples/watertank/v1/hasSensorId" ],
          "propertyScope" : "DIMENSION_PROPERTY",
          "index" : 1,
          "runtimeId" : null,
          "runtimeType" : "http://www.w3.org/2001/XMLSchema#string",
          "measurementUnit" : null,
          "valueSpecification" : null
        }, {
          "@class" : "org.apache.streampipes.model.schema.EventPropertyPrimitive",
          "elementId" : "sp:eventproperty:OnctfA",
          "label" : "Timestamp",
          "description" : "The current timestamp value",
          "runtimeName" : "timestamp",
          "required" : false,
          "domainProperties" : [ "http://schema.org/DateTime" ],
          "propertyScope" : "HEADER_PROPERTY",
          "index" : 0,
          "runtimeId" : null,
          "runtimeType" : "http://www.w3.org/2001/XMLSchema#long",
          "measurementUnit" : null,
          "valueSpecification" : null
        } ]
      },
      "category" : null,
      "index" : 0,
      "correspondingAdapterId" : null,
      "uri" : "urn:streampipes.apache.org:eventstream:wMDbfy",
      "_rev" : null
    } ],
    "staticProperties" : [ {
      "@class" : "org.apache.streampipes.model.staticproperty.MappingPropertyUnary",
      "valueRequired" : false,
      "staticPropertyType" : "MappingPropertyUnary",
      "index" : 0,
      "label" : "Field",
      "description" : "Specifies the field name where the filter operation should be applied on.",
      "internalName" : "number-mapping",
      "predefined" : false,
      "requirementSelector" : "r0::number-mapping",
      "mapsFromOptions" : [ "s0::level", "s0::timestamp" ],
      "propertyScope" : "NONE",
      "selectedProperty" : "s0::level"
    }, {
      "@class" : "org.apache.streampipes.model.staticproperty.OneOfStaticProperty",
      "valueRequired" : false,
      "staticPropertyType" : "OneOfStaticProperty",
      "index" : 1,
      "label" : "Filter Operation",
      "description" : "Specifies the filter operation that should be applied on the field",
      "internalName" : "operation",
      "predefined" : false,
      "options" : [ {
        "elementId" : "sp:option:VAmpCH",
        "name" : "<",
        "selected" : true,
        "internalName" : null
      }, {
        "elementId" : "sp:option:kcVSYf",
        "name" : "<=",
        "selected" : false,
        "internalName" : null
      }, {
        "elementId" : "sp:option:jDGXqm",
        "name" : ">",
        "selected" : false,
        "internalName" : null
      }, {
        "elementId" : "sp:option:EhcSrt",
        "name" : ">=",
        "selected" : false,
        "internalName" : null
      }, {
        "elementId" : "sp:option:beKkDp",
        "name" : "==",
        "selected" : false,
        "internalName" : null
      }, {
        "elementId" : "sp:option:PbZeRB",
        "name" : "!=",
        "selected" : false,
        "internalName" : null
      } ],
      "horizontalRendering" : false
    }, {
      "@class" : "org.apache.streampipes.model.staticproperty.FreeTextStaticProperty",
      "valueRequired" : false,
      "staticPropertyType" : "FreeTextStaticProperty",
      "index" : 2,
      "label" : "Threshold value",
      "description" : "Specifies a threshold value",
      "internalName" : "value",
      "predefined" : false,
      "value" : "20",
      "requiredDatatype" : null,
      "requiredDomainProperty" : "http://www.w3.org/2001/XMLSchema#double",
      "mapsTo" : null,
      "multiLine" : false,
      "htmlAllowed" : false,
      "htmlFontFormat" : false,
      "placeholdersSupported" : false,
      "valueSpecification" : null
    } ],
    "belongsTo" : "sp:org.apache.streampipes.processors.filters.jvm.numericalfilter",
    "statusInfoSettings" : null,
    "supportedGrounding" : {
      "transportProtocols" : [ {
        "@class" : "org.apache.streampipes.model.grounding.MqttTransportProtocol",
        "elementId" : "sp:transportprotocol:PzSHfh",
        "brokerHostname" : null,
        "topicDefinition" : null,
        "port" : 0
      }, {
        "@class" : "org.apache.streampipes.model.grounding.NatsTransportProtocol",
        "elementId" : "sp:transportprotocol:tlCzfb",
        "brokerHostname" : null,
        "topicDefinition" : null,
        "port" : 0
      }, {
        "@class" : "org.apache.streampipes.model.grounding.JmsTransportProtocol",
        "elementId" : "sp:transportprotocol:HVUMjt",
        "brokerHostname" : null,
        "topicDefinition" : null,
        "port" : 0
      }, {
        "@class" : "org.apache.streampipes.model.grounding.KafkaTransportProtocol",
        "elementId" : "sp:transportprotocol:WklSkW",
        "brokerHostname" : null,
        "topicDefinition" : null,
        "zookeeperHost" : null,
        "zookeeperPort" : 0,
        "kafkaPort" : 0,
        "lingerMs" : null,
        "messageMaxBytes" : null,
        "maxRequestSize" : null,
        "acks" : null,
        "batchSize" : null,
        "offset" : null,
        "groupId" : null
      } ],
      "transportFormats" : [ {
        "rdfType" : [ "http://sepa.event-processing.org/sepa#json" ]
      }, {
        "rdfType" : [ "http://sepa.event-processing.org/sepa#smile" ]
      }, {
        "rdfType" : [ "http://sepa.event-processing.org/sepa#fst" ]
      }, {
        "rdfType" : [ "http://sepa.event-processing.org/sepa#cbor" ]
      } ]
    },
    "correspondingPipeline" : "f372828c3a254e59bb629610833390a5",
    "correspondingUser" : "7414d58ec42444bda9059792163c902f",
    "streamRequirements" : [ {
      "@class" : "org.apache.streampipes.model.SpDataStream",
      "elementId" : "urn:streampipes.apache.org:eventstream:wMDbfy",
      "dom" : null,
      "connectedTo" : null,
      "name" : null,
      "description" : null,
      "iconUrl" : null,
      "appId" : null,
      "includesAssets" : false,
      "includesLocales" : false,
      "includedAssets" : [ ],
      "includedLocales" : [ ],
      "internallyManaged" : false,
      "eventGrounding" : null,
      "eventSchema" : {
        "eventProperties" : [ {
          "@class" : "org.apache.streampipes.model.schema.EventPropertyPrimitive",
          "elementId" : "sp:eventproperty:VPEXYg",
          "label" : null,
          "description" : null,
          "runtimeName" : "number-mapping",
          "required" : false,
          "domainProperties" : [ ],
          "propertyScope" : null,
          "index" : 0,
          "runtimeId" : null,
          "runtimeType" : "http://schema.org/Number",
          "measurementUnit" : null,
          "valueSpecification" : null
        } ]
      },
      "category" : null,
      "index" : 0,
      "correspondingAdapterId" : null,
      "uri" : "urn:streampipes.apache.org:eventstream:wMDbfy",
      "_rev" : null
    } ],
    "configured" : true,
    "uncompleted" : false,
    "selectedEndpointUrl" : null,
    "outputStream" : {
      "@class" : "org.apache.streampipes.model.SpDataStream",
      "elementId" : "urn:streampipes.apache.org:eventstream:KINCON",
      "dom" : null,
      "connectedTo" : null,
      "name" : null,
      "description" : null,
      "iconUrl" : null,
      "appId" : null,
      "includesAssets" : false,
      "includesLocales" : false,
      "includedAssets" : [ ],
      "includedLocales" : [ ],
      "internallyManaged" : false,
      "eventGrounding" : {
        "transportProtocols" : [ {
          "@class" : "org.apache.streampipes.model.grounding.KafkaTransportProtocol",
          "elementId" : "sp:transportprotocol:wPocUI",
          "brokerHostname" : "kafka",
          "topicDefinition" : {
            "@class" : "org.apache.streampipes.model.grounding.SimpleTopicDefinition",
            "actualTopicName" : "org-apache-streampipes-internal-JZuupiJxtzorAXS"
          },
          "zookeeperHost" : "zookeeper",
          "zookeeperPort" : 2181,
          "kafkaPort" : 9092,
          "lingerMs" : null,
          "messageMaxBytes" : null,
          "maxRequestSize" : null,
          "acks" : null,
          "batchSize" : null,
          "offset" : null,
          "groupId" : null
        } ],
        "transportFormats" : [ {
          "rdfType" : [ "http://sepa.event-processing.org/sepa#json" ]
        } ]
      },
      "eventSchema" : {
        "eventProperties" : [ {
          "@class" : "org.apache.streampipes.model.schema.EventPropertyPrimitive",
          "elementId" : "sp:eventproperty:IKdPLH",
          "label" : "Water Level",
          "description" : "Denotes the current water level in the container",
          "runtimeName" : "level",
          "required" : false,
          "domainProperties" : [ "http://schema.org/Number" ],
          "propertyScope" : "MEASUREMENT_PROPERTY",
          "index" : 2,
          "runtimeId" : null,
          "runtimeType" : "http://www.w3.org/2001/XMLSchema#float",
          "measurementUnit" : null,
          "valueSpecification" : null
        }, {
          "@class" : "org.apache.streampipes.model.schema.EventPropertyPrimitive",
          "elementId" : "sp:eventproperty:pLyyfE",
          "label" : "Overflow",
          "description" : "Indicates whether the tank overflows",
          "runtimeName" : "overflow",
          "required" : false,
          "domainProperties" : [ "http://schema.org/Number" ],
          "propertyScope" : "MEASUREMENT_PROPERTY",
          "index" : 3,
          "runtimeId" : null,
          "runtimeType" : "http://www.w3.org/2001/XMLSchema#boolean",
          "measurementUnit" : null,
          "valueSpecification" : null
        }, {
          "@class" : "org.apache.streampipes.model.schema.EventPropertyPrimitive",
          "elementId" : "sp:eventproperty:HZBCNv",
          "label" : "Sensor ID",
          "description" : "The ID of the sensor",
          "runtimeName" : "sensorId",
          "required" : false,
          "domainProperties" : [ "https://streampipes.org/vocabulary/examples/watertank/v1/hasSensorId" ],
          "propertyScope" : "DIMENSION_PROPERTY",
          "index" : 1,
          "runtimeId" : null,
          "runtimeType" : "http://www.w3.org/2001/XMLSchema#string",
          "measurementUnit" : null,
          "valueSpecification" : null
        }, {
          "@class" : "org.apache.streampipes.model.schema.EventPropertyPrimitive",
          "elementId" : "sp:eventproperty:OnctfA",
          "label" : "Timestamp",
          "description" : "The current timestamp value",
          "runtimeName" : "timestamp",
          "required" : false,
          "domainProperties" : [ "http://schema.org/DateTime" ],
          "propertyScope" : "HEADER_PROPERTY",
          "index" : 0,
          "runtimeId" : null,
          "runtimeType" : "http://www.w3.org/2001/XMLSchema#long",
          "measurementUnit" : null,
          "valueSpecification" : null
        } ]
      },
      "category" : null,
      "index" : 0,
      "correspondingAdapterId" : null,
      "uri" : "urn:streampipes.apache.org:eventstream:KINCON",
      "_rev" : null
    },
    "outputStrategies" : [ {
      "@class" : "org.apache.streampipes.model.output.KeepOutputStrategy",
      "name" : null,
      "renameRules" : [ ],
      "eventName" : null,
      "keepBoth" : false
    } ],
    "pathName" : null,
    "category" : [ "FILTER" ],
    "uri" : "sp:dataprocessorinvocation:VTvPPJ:yYIDI",
    "_rev" : null
  } ],
  "streams" : [ {
    "@class" : "org.apache.streampipes.model.SpDataStream",
    "elementId" : "sp:spdatastream:dtkMJs",
    "dom" : "jsplumb_4_p0VA",
    "connectedTo" : null,
    "name" : "Default_Adapter1",
    "description" : "",
    "iconUrl" : null,
    "appId" : null,
    "includesAssets" : false,
    "includesLocales" : false,
    "includedAssets" : [ ],
    "includedLocales" : [ ],
    "internallyManaged" : true,
    "eventGrounding" : {
      "transportProtocols" : [ {
        "@class" : "org.apache.streampipes.model.grounding.KafkaTransportProtocol",
        "elementId" : "sp:transportprotocol:WSlgJL",
        "brokerHostname" : "kafka",
        "topicDefinition" : {
          "@class" : "org.apache.streampipes.model.grounding.SimpleTopicDefinition",
          "actualTopicName" : "org.apache.streampipes.connect.19620071-3978-468b-9e12-0f39e580c4a4"
        },
        "zookeeperHost" : null,
        "zookeeperPort" : 0,
        "kafkaPort" : 9092,
        "lingerMs" : null,
        "messageMaxBytes" : null,
        "maxRequestSize" : null,
        "acks" : null,
        "batchSize" : null,
        "offset" : null,
        "groupId" : null
      } ],
      "transportFormats" : [ {
        "rdfType" : [ "http://sepa.event-processing.org/sepa#json" ]
      } ]
    },
    "eventSchema" : {
      "eventProperties" : [ {
        "@class" : "org.apache.streampipes.model.schema.EventPropertyPrimitive",
        "elementId" : "sp:eventproperty:IKdPLH",
        "label" : "Water Level",
        "description" : "Denotes the current water level in the container",
        "runtimeName" : "level",
        "required" : false,
        "domainProperties" : [ "http://schema.org/Number" ],
        "propertyScope" : "MEASUREMENT_PROPERTY",
        "index" : 2,
        "runtimeId" : null,
        "runtimeType" : "http://www.w3.org/2001/XMLSchema#float",
        "measurementUnit" : null,
        "valueSpecification" : null
      }, {
        "@class" : "org.apache.streampipes.model.schema.EventPropertyPrimitive",
        "elementId" : "sp:eventproperty:pLyyfE",
        "label" : "Overflow",
        "description" : "Indicates whether the tank overflows",
        "runtimeName" : "overflow",
        "required" : false,
        "domainProperties" : [ "http://schema.org/Number" ],
        "propertyScope" : "MEASUREMENT_PROPERTY",
        "index" : 3,
        "runtimeId" : null,
        "runtimeType" : "http://www.w3.org/2001/XMLSchema#boolean",
        "measurementUnit" : null,
        "valueSpecification" : null
      }, {
        "@class" : "org.apache.streampipes.model.schema.EventPropertyPrimitive",
        "elementId" : "sp:eventproperty:HZBCNv",
        "label" : "Sensor ID",
        "description" : "The ID of the sensor",
        "runtimeName" : "sensorId",
        "required" : false,
        "domainProperties" : [ "https://streampipes.org/vocabulary/examples/watertank/v1/hasSensorId" ],
        "propertyScope" : "DIMENSION_PROPERTY",
        "index" : 1,
        "runtimeId" : null,
        "runtimeType" : "http://www.w3.org/2001/XMLSchema#string",
        "measurementUnit" : null,
        "valueSpecification" : null
      }, {
        "@class" : "org.apache.streampipes.model.schema.EventPropertyPrimitive",
        "elementId" : "sp:eventproperty:OnctfA",
        "label" : "Timestamp",
        "description" : "The current timestamp value",
        "runtimeName" : "timestamp",
        "required" : false,
        "domainProperties" : [ "http://schema.org/DateTime" ],
        "propertyScope" : "HEADER_PROPERTY",
        "index" : 0,
        "runtimeId" : null,
        "runtimeType" : "http://www.w3.org/2001/XMLSchema#long",
        "measurementUnit" : null,
        "valueSpecification" : null
      } ]
    },
    "category" : null,
    "index" : 0,
    "correspondingAdapterId" : "sp:adapterdescription:gMBaFO",
    "uri" : "sp:spdatastream:dtkMJs",
    "_rev" : "1-ae7f9b18f0867ce31ef752da2b35c59c"
  } ],
  "name" : "Default_Pipeline2",
  "description" : null,
  "actions" : [ {
    "@class" : "org.apache.streampipes.model.graph.DataSinkInvocation",
    "elementId" : "sp:datasinkinvocation:uZEGCN:ESedU",
    "dom" : "jsplumb_7_QN2i",
    "connectedTo" : [ "jsplumb_6_ZPMw" ],
    "name" : "Notification",
    "description" : "Publish a notification directly to the notification pane.",
    "iconUrl" : null,
    "appId" : "org.apache.streampipes.sinks.internal.jvm.notification",
    "includesAssets" : true,
    "includesLocales" : false,
    "includedAssets" : [ "documentation.md", "icon.png" ],
    "includedLocales" : [ ],
    "internallyManaged" : false,
    "inputStreams" : [ {
      "@class" : "org.apache.streampipes.model.SpDataStream",
      "elementId" : "urn:streampipes.apache.org:eventstream:hnTPuq",
      "dom" : null,
      "connectedTo" : null,
      "name" : null,
      "description" : null,
      "iconUrl" : null,
      "appId" : null,
      "includesAssets" : false,
      "includesLocales" : false,
      "includedAssets" : [ ],
      "includedLocales" : [ ],
      "internallyManaged" : false,
      "eventGrounding" : {
        "transportProtocols" : [ {
          "@class" : "org.apache.streampipes.model.grounding.KafkaTransportProtocol",
          "elementId" : "sp:transportprotocol:Rfgeqe",
          "brokerHostname" : "kafka",
          "topicDefinition" : {
            "@class" : "org.apache.streampipes.model.grounding.SimpleTopicDefinition",
            "actualTopicName" : "org-apache-streampipes-internal-JZuupiJxtzorAXS"
          },
          "zookeeperHost" : "zookeeper",
          "zookeeperPort" : 2181,
          "kafkaPort" : 9092,
          "lingerMs" : null,
          "messageMaxBytes" : null,
          "maxRequestSize" : null,
          "acks" : null,
          "batchSize" : null,
          "offset" : null,
          "groupId" : "Default_Pipeline26be5d39c0035d80355ab8037e0c4ad04"
        } ],
        "transportFormats" : [ {
          "rdfType" : [ "http://sepa.event-processing.org/sepa#json" ]
        } ]
      },
      "eventSchema" : {
        "eventProperties" : [ {
          "@class" : "org.apache.streampipes.model.schema.EventPropertyPrimitive",
          "elementId" : "sp:eventproperty:IKdPLH",
          "label" : "Water Level",
          "description" : "Denotes the current water level in the container",
          "runtimeName" : "level",
          "required" : false,
          "domainProperties" : [ "http://schema.org/Number" ],
          "propertyScope" : "MEASUREMENT_PROPERTY",
          "index" : 2,
          "runtimeId" : null,
          "runtimeType" : "http://www.w3.org/2001/XMLSchema#float",
          "measurementUnit" : null,
          "valueSpecification" : null
        }, {
          "@class" : "org.apache.streampipes.model.schema.EventPropertyPrimitive",
          "elementId" : "sp:eventproperty:pLyyfE",
          "label" : "Overflow",
          "description" : "Indicates whether the tank overflows",
          "runtimeName" : "overflow",
          "required" : false,
          "domainProperties" : [ "http://schema.org/Number" ],
          "propertyScope" : "MEASUREMENT_PROPERTY",
          "index" : 3,
          "runtimeId" : null,
          "runtimeType" : "http://www.w3.org/2001/XMLSchema#boolean",
          "measurementUnit" : null,
          "valueSpecification" : null
        }, {
          "@class" : "org.apache.streampipes.model.schema.EventPropertyPrimitive",
          "elementId" : "sp:eventproperty:HZBCNv",
          "label" : "Sensor ID",
          "description" : "The ID of the sensor",
          "runtimeName" : "sensorId",
          "required" : false,
          "domainProperties" : [ "https://streampipes.org/vocabulary/examples/watertank/v1/hasSensorId" ],
          "propertyScope" : "DIMENSION_PROPERTY",
          "index" : 1,
          "runtimeId" : null,
          "runtimeType" : "http://www.w3.org/2001/XMLSchema#string",
          "measurementUnit" : null,
          "valueSpecification" : null
        }, {
          "@class" : "org.apache.streampipes.model.schema.EventPropertyPrimitive",
          "elementId" : "sp:eventproperty:OnctfA",
          "label" : "Timestamp",
          "description" : "The current timestamp value",
          "runtimeName" : "timestamp",
          "required" : false,
          "domainProperties" : [ "http://schema.org/DateTime" ],
          "propertyScope" : "HEADER_PROPERTY",
          "index" : 0,
          "runtimeId" : null,
          "runtimeType" : "http://www.w3.org/2001/XMLSchema#long",
          "measurementUnit" : null,
          "valueSpecification" : null
        } ]
      },
      "category" : null,
      "index" : 0,
      "correspondingAdapterId" : null,
      "uri" : "urn:streampipes.apache.org:eventstream:hnTPuq",
      "_rev" : null
    } ],
    "staticProperties" : [ {
      "@class" : "org.apache.streampipes.model.staticproperty.FreeTextStaticProperty",
      "valueRequired" : false,
      "staticPropertyType" : "FreeTextStaticProperty",
      "index" : 0,
      "label" : "Notification Title",
      "description" : "",
      "internalName" : "title",
      "predefined" : false,
      "value" : "Notification2",
      "requiredDatatype" : null,
      "requiredDomainProperty" : "http://www.w3.org/2001/XMLSchema#string",
      "mapsTo" : null,
      "multiLine" : false,
      "htmlAllowed" : false,
      "htmlFontFormat" : false,
      "placeholdersSupported" : false,
      "valueSpecification" : null
    }, {
      "@class" : "org.apache.streampipes.model.staticproperty.FreeTextStaticProperty",
      "valueRequired" : false,
      "staticPropertyType" : "FreeTextStaticProperty",
      "index" : 1,
      "label" : "Content",
      "description" : "Enter the notification text. You can  use placeholders like #fieldName# to add the value of a stream variable.",
      "internalName" : "content",
      "predefined" : false,
      "value" : "<p>#level#</p>",
      "requiredDatatype" : null,
      "requiredDomainProperty" : null,
      "mapsTo" : null,
      "multiLine" : true,
      "htmlAllowed" : true,
      "htmlFontFormat" : false,
      "placeholdersSupported" : true,
      "valueSpecification" : null
    }, {
      "@class" : "org.apache.streampipes.model.staticproperty.FreeTextStaticProperty",
      "valueRequired" : false,
      "staticPropertyType" : "FreeTextStaticProperty",
      "index" : 2,
      "label" : "Silent Period [min]",
      "description" : "The minimum number of minutes between two consecutive notifications that are sent.",
      "internalName" : "silent-period",
      "predefined" : false,
      "value" : "10",
      "requiredDatatype" : null,
      "requiredDomainProperty" : "http://www.w3.org/2001/XMLSchema#integer",
      "mapsTo" : null,
      "multiLine" : false,
      "htmlAllowed" : false,
      "htmlFontFormat" : false,
      "placeholdersSupported" : false,
      "valueSpecification" : null
    } ],
    "belongsTo" : "sp:org.apache.streampipes.sinks.internal.jvm.notification",
    "statusInfoSettings" : null,
    "supportedGrounding" : {
      "transportProtocols" : [ {
        "@class" : "org.apache.streampipes.model.grounding.MqttTransportProtocol",
        "elementId" : "sp:transportprotocol:AhTVQu",
        "brokerHostname" : null,
        "topicDefinition" : null,
        "port" : 0
      }, {
        "@class" : "org.apache.streampipes.model.grounding.NatsTransportProtocol",
        "elementId" : "sp:transportprotocol:iknPrH",
        "brokerHostname" : null,
        "topicDefinition" : null,
        "port" : 0
      }, {
        "@class" : "org.apache.streampipes.model.grounding.JmsTransportProtocol",
        "elementId" : "sp:transportprotocol:qzxDTS",
        "brokerHostname" : null,
        "topicDefinition" : null,
        "port" : 0
      }, {
        "@class" : "org.apache.streampipes.model.grounding.PulsarTransportProtocol",
        "elementId" : "sp:transportprotocol:cfipxa",
        "brokerHostname" : "pulsar://localhost:6650",
        "topicDefinition" : null
      }, {
        "@class" : "org.apache.streampipes.model.grounding.KafkaTransportProtocol",
        "elementId" : "sp:transportprotocol:VqTrks",
        "brokerHostname" : null,
        "topicDefinition" : null,
        "zookeeperHost" : null,
        "zookeeperPort" : 0,
        "kafkaPort" : 0,
        "lingerMs" : null,
        "messageMaxBytes" : null,
        "maxRequestSize" : null,
        "acks" : null,
        "batchSize" : null,
        "offset" : null,
        "groupId" : null
      } ],
      "transportFormats" : [ {
        "rdfType" : [ "http://sepa.event-processing.org/sepa#json" ]
      }, {
        "rdfType" : [ "http://sepa.event-processing.org/sepa#smile" ]
      }, {
        "rdfType" : [ "http://sepa.event-processing.org/sepa#fst" ]
      }, {
        "rdfType" : [ "http://sepa.event-processing.org/sepa#cbor" ]
      } ]
    },
    "correspondingPipeline" : "f372828c3a254e59bb629610833390a5",
    "correspondingUser" : "7414d58ec42444bda9059792163c902f",
    "streamRequirements" : [ {
      "@class" : "org.apache.streampipes.model.SpDataStream",
      "elementId" : "urn:streampipes.apache.org:eventstream:hnTPuq",
      "dom" : null,
      "connectedTo" : null,
      "name" : null,
      "description" : null,
      "iconUrl" : null,
      "appId" : null,
      "includesAssets" : false,
      "includesLocales" : false,
      "includedAssets" : [ ],
      "includedLocales" : [ ],
      "internallyManaged" : false,
      "eventGrounding" : null,
      "eventSchema" : {
        "eventProperties" : [ {
          "@class" : "org.apache.streampipes.model.schema.EventPropertyPrimitive",
          "elementId" : "sp:eventproperty:LCOImg",
          "label" : null,
          "description" : null,
          "runtimeName" : null,
          "required" : false,
          "domainProperties" : [ ],
          "propertyScope" : null,
          "index" : 0,
          "runtimeId" : null,
          "runtimeType" : null,
          "measurementUnit" : null,
          "valueSpecification" : null
        } ]
      },
      "category" : null,
      "index" : 0,
      "correspondingAdapterId" : null,
      "uri" : "urn:streampipes.apache.org:eventstream:hnTPuq",
      "_rev" : null
    } ],
    "configured" : true,
    "uncompleted" : false,
    "selectedEndpointUrl" : null,
    "category" : [ "INTERNAL", "NOTIFICATION" ],
    "uri" : "sp:datasinkinvocation:uZEGCN:ESedU",
    "_rev" : null
  } ],
  "running" : false,
  "restartOnSystemReboot" : false,
  "startedAt" : 1695197724334,
  "createdAt" : 1695197723388,
  "publicElement" : false,
  "createdByUser" : "7414d58ec42444bda9059792163c902f",
  "pipelineCategories" : [ ],
  "pipelineNotifications" : [ ],
  "healthStatus" : "OK",
  "_id" : "f372828c3a254e59bb629610833390a5",
  "_rev" : null
}