{
  "widgetId" : null,
  "widgetType" : "area",
  "dashboardWidgetSettings" : {
    "widgetLabel" : "Area Chart",
    "widgetName" : "area",
    "config" : [ {
      "@class" : "org.apache.streampipes.model.staticproperty.FreeTextStaticProperty",
      "valueRequired" : false,
      "staticPropertyType" : "FreeTextStaticProperty",
      "index" : 0,
      "label" : "Widget title",
      "description" : "The title of the widget",
      "internalName" : "spi-title-key",
      "predefined" : false,
      "value" : "Temperature ",
      "requiredDatatype" : "http://www.w3.org/2001/XMLSchema#string",
      "requiredDomainProperty" : null,
      "mapsTo" : null,
      "multiLine" : false,
      "htmlAllowed" : false,
      "htmlFontFormat" : false,
      "placeholdersSupported" : false,
      "valueSpecification" : null
    }, {
      "@class" : "org.apache.streampipes.model.staticproperty.ColorPickerStaticProperty",
      "valueRequired" : false,
      "staticPropertyType" : "ColorPickerStaticProperty",
      "index" : 1,
      "label" : "Background color",
      "description" : "The background color",
      "internalName" : "spi-background-color-key",
      "predefined" : false,
      "selectedColor" : "#1B1464"
    }, {
      "@class" : "org.apache.streampipes.model.staticproperty.ColorPickerStaticProperty",
      "valueRequired" : false,
      "staticPropertyType" : "ColorPickerStaticProperty",
      "index" : 2,
      "label" : "Primary text color",
      "description" : "The primary text color",
      "internalName" : "spi-primary-text-color-key",
      "predefined" : false,
      "selectedColor" : "#FFFFFF"
    }, {
      "@class" : "org.apache.streampipes.model.staticproperty.ColorPickerStaticProperty",
      "valueRequired" : false,
      "staticPropertyType" : "ColorPickerStaticProperty",
      "index" : 3,
      "label" : "Secondary text color",
      "description" : "The secondary text color",
      "internalName" : "spi-secondary-text-color-key",
      "predefined" : false,
      "selectedColor" : "#39B54A"
    }, {
      "@class" : "org.apache.streampipes.model.staticproperty.FreeTextStaticProperty",
      "valueRequired" : false,
      "staticPropertyType" : "FreeTextStaticProperty",
      "index" : 4,
      "label" : "Refresh interval [seconds]",
      "description" : "The interval in seconds in which new data should be fetched",
      "internalName" : "spi-refresh-interval-key",
      "predefined" : false,
      "value" : "5",
      "requiredDatatype" : "http://www.w3.org/2001/XMLSchema#integer",
      "requiredDomainProperty" : null,
      "mapsTo" : null,
      "multiLine" : false,
      "htmlAllowed" : false,
      "htmlFontFormat" : false,
      "placeholdersSupported" : false,
      "valueSpecification" : null
    }, {
      "@class" : "org.apache.streampipes.model.staticproperty.FreeTextStaticProperty",
      "valueRequired" : false,
      "staticPropertyType" : "FreeTextStaticProperty",
      "index" : 5,
      "label" : "Past data",
      "description" : "The number of historic events that should be shown",
      "internalName" : "spi-query-limit-key",
      "predefined" : false,
      "value" : "50",
      "requiredDatatype" : "http://www.w3.org/2001/XMLSchema#integer",
      "requiredDomainProperty" : null,
      "mapsTo" : null,
      "multiLine" : false,
      "htmlAllowed" : false,
      "htmlFontFormat" : false,
      "placeholdersSupported" : false,
      "valueSpecification" : null
    }, {
      "@class" : "org.apache.streampipes.model.staticproperty.MappingPropertyUnary",
      "valueRequired" : false,
      "staticPropertyType" : "MappingPropertyUnary",
      "index" : 6,
      "label" : "Number field",
      "description" : "",
      "internalName" : "number-mapping",
      "predefined" : false,
      "requirementSelector" : "",
      "mapsFromOptions" : [ "s0::mass_flow", "s0::temperature" ],
      "propertyScope" : null,
      "selectedProperty" : "s0::temperature"
    }, {
      "@class" : "org.apache.streampipes.model.staticproperty.FreeTextStaticProperty",
      "valueRequired" : false,
      "staticPropertyType" : "FreeTextStaticProperty",
      "index" : 7,
      "label" : "Y-axis range (min)",
      "description" : "",
      "internalName" : "min-y-axis-key",
      "predefined" : false,
      "value" : "0",
      "requiredDatatype" : "http://www.w3.org/2001/XMLSchema#integer",
      "requiredDomainProperty" : null,
      "mapsTo" : null,
      "multiLine" : false,
      "htmlAllowed" : false,
      "htmlFontFormat" : false,
      "placeholdersSupported" : false,
      "valueSpecification" : null
    }, {
      "@class" : "org.apache.streampipes.model.staticproperty.FreeTextStaticProperty",
      "valueRequired" : false,
      "staticPropertyType" : "FreeTextStaticProperty",
      "index" : 8,
      "label" : "Y-axis range (max)",
      "description" : "",
      "internalName" : "max-y-axis-key",
      "predefined" : false,
      "value" : "100",
      "requiredDatatype" : "http://www.w3.org/2001/XMLSchema#integer",
      "requiredDomainProperty" : null,
      "mapsTo" : null,
      "multiLine" : false,
      "htmlAllowed" : false,
      "htmlFontFormat" : false,
      "placeholdersSupported" : false,
      "valueSpecification" : null
    } ],
    "requiredSchema" : {
      "eventProperties" : [ {
        "@class" : "org.apache.streampipes.model.schema.EventPropertyPrimitive",
        "elementId" : "sp:eventproperty:AGuppb",
        "label" : null,
        "description" : null,
        "runtimeName" : "number-mapping",
        "required" : false,
        "domainProperties" : [ ],
        "propertyScope" : null,
        "index" : 0,
        "runtimeId" : null,
        "runtimeType" : "http://schema.org/Number",
        "measurementUnit" : null,
        "valueSpecification" : null
      } ]
    },
    "widgetIconName" : "fas fa-chart-area",
    "widgetDescription" : "An area chart with customizable axes and fields to display"
  },
  "pipelineId" : "6030c01af0644f169b9a03027d80dae1",
  "visualizationName" : "Tutorial Test",
  "_id" : "5e5091ddebb74119a50cd1b7fdf009be",
  "_rev" : null
}