{
  "widgetId" : null,
  "widgetType" : "correlation-chart",
  "baseAppearanceConfig" : {"widgetTitle":"Tutorial Test - correlation-chart","backgroundColor":"#FFFFFF","textColor":"#3e3e3e"},
  "visualizationConfig" : {"forType":6.0,"firstField":{"runtimeName":"temperature","measure":"Tutorial Test","fullDbName":"temperature","sourceIndex":0.0,"fieldCharacteristics":{"dimension":false,"numeric":true,"binary":false,"semanticTypes":["http://schema.org/Number"]}},"secondField":{"runtimeName":"temperature","measure":"Tutorial Test","fullDbName":"temperature","sourceIndex":0.0,"fieldCharacteristics":{"dimension":false,"numeric":true,"binary":false,"semanticTypes":["http://schema.org/Number"]}},"displayType":"Scatter"},
  "dataConfig" : {"ignoreMissingValues":false,"sourceConfigs":[{"measureName":"Tutorial Test","queryConfig":{"selectedFilters":[],"limit":100.0,"page":1.0,"aggregationTimeUnit":"d","aggregationValue":1.0,"fields":[{"runtimeName":"mass_flow","selected":true,"numeric":true,"aggregations":["MEAN"]},{"runtimeName":"sensorId","selected":true,"numeric":false,"aggregations":["MODE"]},{"runtimeName":"temperature","selected":true,"numeric":true,"aggregations":["MEAN"]}],"groupBy":[{"runtimeName":"sensorId","selected":false,"numeric":false}]},"queryType":"raw","sourceType":"pipeline","measure":{"@class":"org.apache.streampipes.model.datalake.DataLakeMeasure","eventSchema":{"eventProperties":[{"@class":"org.apache.streampipes.model.schema.EventPropertyPrimitive","description":"Denotes the current mass flow in the sensor","domainProperties":["http://schema.org/Number"],"elementId":"sp:eventproperty:ggVYhR","index":2.0,"label":"Mass Flow","propertyScope":"MEASUREMENT_PROPERTY","required":false,"runtimeName":"mass_flow","runtimeType":"http://www.w3.org/2001/XMLSchema#float"},{"@class":"org.apache.streampipes.model.schema.EventPropertyPrimitive","description":"The ID of the sensor","domainProperties":["https://streampipes.org/vocabulary/examples/watertank/v1/hasSensorId"],"elementId":"sp:eventproperty:rIyfEM","index":1.0,"label":"Sensor ID","propertyScope":"DIMENSION_PROPERTY","required":false,"runtimeName":"sensorId","runtimeType":"http://www.w3.org/2001/XMLSchema#string"},{"@class":"org.apache.streampipes.model.schema.EventPropertyPrimitive","description":"Denotes the current temperature in degrees celsius","domainProperties":["http://schema.org/Number"],"elementId":"sp:eventproperty:TJSspS","index":3.0,"label":"Temperature","propertyScope":"MEASUREMENT_PROPERTY","required":false,"runtimeName":"temperature","measurementUnit":"http://codes.wmo.int/common/unit/degC","runtimeType":"http://www.w3.org/2001/XMLSchema#float","valueSpecification":{"@class":"org.apache.streampipes.model.schema.QuantitativeValue","maxValue":100.0,"minValue":0.0,"step":0.1}}]},"measureName":"Tutorial Test","pipelineId":"6030c01af0644f169b9a03027d80dae1","pipelineIsRunning":false,"pipelineName":"Test1"}}]},
  "pipelineId" : null,
  "measureName" : null,
  "_id" : "6b5a8bfbc64345da951b1f4d948360e8",
  "_rev" : null
}