{
  "@class" : "org.apache.streampipes.model.datalake.DataLakeMeasure",
  "measureName" : "Tutorial Test",
  "timestampField" : "s0::timestamp",
  "eventSchema" : {
    "eventProperties" : [ {
      "@class" : "org.apache.streampipes.model.schema.EventPropertyPrimitive",
      "elementId" : "sp:eventproperty:rIyfEM",
      "label" : "Sensor ID",
      "description" : "The ID of the sensor",
      "runtimeName" : "sensorId",
      "required" : false,
      "domainProperties" : [ "https://streampipes.org/vocabulary/examples/watertank/v1/hasSensorId" ],
      "propertyScope" : "DIMENSION_PROPERTY",
      "index" : 1,
      "runtimeId" : null,
      "runtimeType" : "http://www.w3.org/2001/XMLSchema#string",
      "measurementUnit" : null,
      "valueSpecification" : null
    }, {
      "@class" : "org.apache.streampipes.model.schema.EventPropertyPrimitive",
      "elementId" : "sp:eventproperty:ggVYhR",
      "label" : "Mass Flow",
      "description" : "Denotes the current mass flow in the sensor",
      "runtimeName" : "mass_flow",
      "required" : false,
      "domainProperties" : [ "http://schema.org/Number" ],
      "propertyScope" : "MEASUREMENT_PROPERTY",
      "index" : 2,
      "runtimeId" : null,
      "runtimeType" : "http://www.w3.org/2001/XMLSchema#float",
      "measurementUnit" : null,
      "valueSpecification" : null
    }, {
      "@class" : "org.apache.streampipes.model.schema.EventPropertyPrimitive",
      "elementId" : "sp:eventproperty:TJSspS",
      "label" : "Temperature",
      "description" : "Denotes the current temperature in degrees celsius",
      "runtimeName" : "temperature",
      "required" : false,
      "domainProperties" : [ "http://schema.org/Number" ],
      "propertyScope" : "MEASUREMENT_PROPERTY",
      "index" : 3,
      "runtimeId" : null,
      "runtimeType" : "http://www.w3.org/2001/XMLSchema#float",
      "measurementUnit" : "http://codes.wmo.int/common/unit/degC",
      "valueSpecification" : {
        "@class" : "org.apache.streampipes.model.schema.QuantitativeValue",
        "minValue" : 0.0,
        "maxValue" : 100.0,
        "step" : 0.1
      }
    } ]
  },
  "pipelineId" : null,
  "pipelineName" : null,
  "pipelineIsRunning" : false,
  "schemaVersion" : "1.1",
  "elementId" : "e0f5a9ec41e648e6a5d57c074e290275",
  "_rev" : null
}