{"_id":"qqoKCAspZqUBiQDtaHAlupli","assetName":"Default_Asset_tutorial","assetDescription":"","assetLinks":[{"linkLabel":"Default_dataview","linkType":"data-view","editingDisabled":false,"resourceId":"sp:dashboardmodel:uUUBSt","navigationActive":true,"queryHint":"data-view"},{"linkLabel":"Flow Rate 1","linkType":"data-source","editingDisabled":false,"resourceId":"sp:org.apache.streampipes.sources.simulator.flowrate1","navigationActive":false,"queryHint":"data-source"},{"linkLabel":"Tutorial","linkType":"dashboard","editingDisabled":false,"resourceId":"sp:dashboardmodel:fBvspS","navigationActive":true,"queryHint":"dashboard"},{"linkLabel":"Test1","linkType":"pipeline","editingDisabled":false,"resourceId":"6030c01af0644f169b9a03027d80dae1","navigationActive":true,"queryHint":"pipeline"},{"linkLabel":"Tutorial Test","linkType":"measurement","editingDisabled":false,"resourceId":"e0f5a9ec41e648e6a5d57c074e290275","navigationActive":false,"queryHint":"measurement"}],"assetId":"QGLLvI","appDocType":"asset-management","removable":true,"assets":[]}