{
  "id" : null,
  "name" : "Default_dataview",
  "description" : null,
  "displayHeader" : false,
  "dashboardTimeSettings" : {
    "startTime" : 1.695885093536E12,
    "endTime" : 1.695885993536E12,
    "dynamicSelection" : 15.0
  },
  "dashboardGeneralSettings" : {
    "defaultViewMode" : "grid"
  },
  "widgets" : [ {
    "id" : "6b5a8bfbc64345da951b1f4d948360e8",
    "name" : null,
    "component" : null,
    "settings" : null,
    "cols" : 6,
    "rows" : 4,
    "x" : 0,
    "y" : 0
  } ],
  "_id" : "sp:dashboardmodel:uUUBSt",
  "_rev" : null
}