{
  "@class" : "org.apache.streampipes.model.SpDataStream",
  "elementId" : "sp:org.apache.streampipes.sources.simulator.flowrate1",
  "dom" : null,
  "connectedTo" : null,
  "name" : "Flow Rate 1",
  "description" : "Simulates a water flow rate sensor",
  "iconUrl" : null,
  "appId" : "org.apache.streampipes.sources.simulator.flowrate1",
  "includesAssets" : true,
  "includesLocales" : true,
  "includedAssets" : [ "documentation.md", "icon.png" ],
  "includedLocales" : [ "strings.en" ],
  "internallyManaged" : false,
  "eventGrounding" : {
    "transportProtocols" : [ {
      "@class" : "org.apache.streampipes.model.grounding.KafkaTransportProtocol",
      "elementId" : "sp:transportprotocol:WQZyQS",
      "brokerHostname" : "kafka",
      "topicDefinition" : {
        "@class" : "org.apache.streampipes.model.grounding.SimpleTopicDefinition",
        "actualTopicName" : "org.apache.streampipes.examples.flowrate-1"
      },
      "zookeeperHost" : "kafka",
      "zookeeperPort" : 9092,
      "kafkaPort" : 9092,
      "lingerMs" : null,
      "messageMaxBytes" : null,
      "maxRequestSize" : null,
      "acks" : null,
      "batchSize" : null,
      "offset" : null,
      "groupId" : null
    } ],
    "transportFormats" : [ {
      "rdfType" : [ "http://sepa.event-processing.org/sepa#json" ]
    } ]
  },
  "eventSchema" : {
    "eventProperties" : [ {
      "@class" : "org.apache.streampipes.model.schema.EventPropertyPrimitive",
      "elementId" : "sp:eventproperty:IVIvmU",
      "label" : "Timestamp",
      "description" : "The current timestamp value",
      "runtimeName" : "timestamp",
      "required" : false,
      "domainProperties" : [ "http://schema.org/DateTime" ],
      "propertyScope" : "HEADER_PROPERTY",
      "index" : 0,
      "runtimeId" : null,
      "runtimeType" : "http://www.w3.org/2001/XMLSchema#long",
      "measurementUnit" : null,
      "valueSpecification" : null
    }, {
      "@class" : "org.apache.streampipes.model.schema.EventPropertyPrimitive",
      "elementId" : "sp:eventproperty:rIyfEM",
      "label" : "Sensor ID",
      "description" : "The ID of the sensor",
      "runtimeName" : "sensorId",
      "required" : false,
      "domainProperties" : [ "https://streampipes.org/vocabulary/examples/watertank/v1/hasSensorId" ],
      "propertyScope" : "DIMENSION_PROPERTY",
      "index" : 1,
      "runtimeId" : null,
      "runtimeType" : "http://www.w3.org/2001/XMLSchema#string",
      "measurementUnit" : null,
      "valueSpecification" : null
    }, {
      "@class" : "org.apache.streampipes.model.schema.EventPropertyPrimitive",
      "elementId" : "sp:eventproperty:ggVYhR",
      "label" : "Mass Flow",
      "description" : "Denotes the current mass flow in the sensor",
      "runtimeName" : "mass_flow",
      "required" : false,
      "domainProperties" : [ "http://schema.org/Number" ],
      "propertyScope" : "MEASUREMENT_PROPERTY",
      "index" : 2,
      "runtimeId" : null,
      "runtimeType" : "http://www.w3.org/2001/XMLSchema#float",
      "measurementUnit" : null,
      "valueSpecification" : null
    }, {
      "@class" : "org.apache.streampipes.model.schema.EventPropertyPrimitive",
      "elementId" : "sp:eventproperty:TJSspS",
      "label" : "Temperature",
      "description" : "Denotes the current temperature in degrees celsius",
      "runtimeName" : "temperature",
      "required" : false,
      "domainProperties" : [ "http://schema.org/Number" ],
      "propertyScope" : "MEASUREMENT_PROPERTY",
      "index" : 3,
      "runtimeId" : null,
      "runtimeType" : "http://www.w3.org/2001/XMLSchema#float",
      "measurementUnit" : "http://codes.wmo.int/common/unit/degC",
      "valueSpecification" : {
        "@class" : "org.apache.streampipes.model.schema.QuantitativeValue",
        "minValue" : 0.0,
        "maxValue" : 100.0,
        "step" : 0.1
      }
    } ]
  },
  "category" : null,
  "index" : 0,
  "correspondingAdapterId" : null,
  "uri" : "sp:org.apache.streampipes.sources.simulator.flowrate1",
  "_rev" : null
}