2107113951570141, 1, 1, 2, 20382892, 
2107113972032662, 2, 1, 3, 25200538, 
2107113980317473, 3, 1, 4, 26904568, 
2107114005964634, 4, 1, 5, 29266499, 
2107114033045095, 5, 1, 6, 31604365, 
2107114216220386, 6, 2, 6, 49542160, 
2107114217473197, 7, 2, 7, 67669999, 
2107114218067748, 8, 2, 8, 82825782, 
2107114218761399, 9, 2, 9, 94895908, 
21071142683003610, 10, 2, 10, 109160924, 
21071143007282511, 11, 2, 11, 112979509, 
21071143370384312, 12, 2, 12, 114675400, 
21071143518279313, 13, 2, 13, 117930576, 
21071143726832714, 14, 2, 14, 120798584, 
21071144653414715, 15, 2, 15, 130694700, 
21071144843140716, 16, 2, 16, 134100637, 
21071145140523217, 17, 2, 17, 137339180, 
21071145213143518, 18, 2, 18, 139181939, 
21071145671586119, 19, 3, 18, 143736637, 
21071145886580520, 20, 3, 19, 147230342, 
21071146322408921, 21, 3, 20, 150221154, 
21071146462730322, 22, 3, 21, 152798610, 
21071146636849323, 23, 3, 22, 155639015, 
21071147704672924, 24, 3, 23, 166900124, 
21071148162266125, 25, 3, 24, 170311016, 
21071148323821626, 26, 3, 25, 172635787, 
21071149217030827, 27, 3, 26, 178504163, 
21071149231328328, 28, 4, 26, 180896175, 
21071149240317429, 29, 4, 27, 183437179, 
21071149475271930, 30, 4, 28, 186787908, 
21071149691292731, 31, 5, 28, 187812095, 
21071149718896932, 32, 5, 29, 189145945, 
21071149877833533, 33, 5, 30, 190619233, 
21071150320138234, 34, 5, 31, 191916632, 
21071150444357335, 35, 5, 32, 193070348, 
21071150882415136, 36, 5, 33, 194342266, 
21071151259142137, 37, 6, 33, 195409984, 
21071152674495838, 38, 6, 34, 198872191, 
21071152726696139, 39, 6, 35, 201308441, 
21071152930790540, 40, 7, 35, 202210179, 
21071153048568541, 41, 7, 36, 203210301, 
21071153181528942, 42, 7, 37, 204400822, 
21071167380365743, 43, 7, 38, 205563739, 
21071167523907744, 44, 8, 38, 206951737, 
21071167641119545, 45, 9, 38, 207836488, 
21071167667555946, 46, 9, 39, 208971801, 
21071167913091947, 47, 9, 40, 209983602, 
21071168123804248, 48, 10, 40, 211999065, 
21071168133324149, 49, 10, 41, 214151133, 
21071168379780350, 50, 11, 41, 214867428, 
21071168394431851, 51, 11, 42, 215790754, 
21071168492108352, 52, 12, 42, 216662765, 
21071168688735453, 53, 13, 42, 218360425, 
21071168852874454, 54, 13, 43, 219172980, 
21071169022569655, 55, 14, 43, 219868040, 
21071169106444056, 56, 15, 43, 220538327, 
21071169270122957, 57, 15, 44, 221270193, 
21071169649787258, 58, 16, 44, 222084164, 
21071169854907959, 59, 17, 44, 223751035, 
21071170438914360, 60, 18, 44, 225890717, 
21071171063477661, 61, 19, 44, 227756125, 
21071171237844462, 62, 20, 44, 230163709, 
21071171418227463, 63, 21, 44, 232653752, 
21071172102281464, 64, 22, 44, 238227329, 
21071172118136165, 65, 23, 44, 243299783, 
21071172131513666, 66, 23, 45, 248499641, 
21071177940257367, 67, 24, 45, 249410934, 
21071178095796568, 68, 25, 45, 250751509, 
21071178163391569, 69, 25, 46, 251837629, 
21071178393674570, 70, 25, 47, 254074634, 
21071178407087371, 71, 26, 47, 255619055, 
21071179573472172, 72, 27, 47, 261640316, 
21071179583699973, 73, 27, 48, 267821894, 
21071179690117774, 74, 28, 48, 272349342, 
21071179698823775, 75, 28, 49, 277008087, 
21071179760366976, 76, 29, 49, 277724381, 
21071180055767677, 77, 29, 50, 281407776, 
21071180198141778, 78, 30, 50, 283843672, 
21071180207307779, 79, 30, 51, 286409096, 
21071180352690080, 80, 30, 52, 288524712, 
21071180612311381, 81, 30, 53, 291698844, 
21071180627210582, 82, 31, 53, 293786502, 
21071180828119783, 83, 31, 54, 296693794, 
21071181069055184, 84, 32, 54, 298415519, 
21071181191752485, 85, 33, 54, 300367988, 
21071181202404886, 86, 34, 54, 301065525, 
21071181215428387, 87, 34, 55, 301912762, 
21071181541122888, 88, 34, 56, 304194004, 
21071181553686389, 89, 35, 56, 305493172, 
21071181700519590, 90, 36, 56, 306263613, 
21071181730353491, 91, 36, 57, 307389370, 
21071181864764792, 92, 37, 57, 308747286, 
21071181991673493, 93, 38, 57, 310428313, 
21071182820260394, 94, 39, 57, 318800534, 
21071182831655995, 95, 40, 57, 326547060, 
21071182842520796, 96, 41, 57, 333234715, 
21071182851863697, 97, 42, 57, 338414401, 
21071182865665798, 98, 43, 57, 341614722, 
21071182874619499, 99, 44, 57, 343789793, 
210711831410710100, 100, 45, 57, 345945400, 
210711831508741101, 101, 46, 57, 347082835, 
210711904525111102, 102, 47, 57, 420126809, 
210711904599430103, 103, 47, 58, 493266337, 
210711904657470104, 104, 48, 58, 496179645, 
210711904711263105, 105, 49, 58, 498393999, 
210711904755146106, 106, 49, 59, 500661085, 
210711904798322107, 107, 49, 60, 502381041, 
210711920010376108, 108, 50, 60, 518208881, 
210711920081510109, 109, 51, 60, 519431607, 
210711925386476110, 110, 52, 60, 520892154, 
210711927450069111, 111, 53, 60, 523264348, 
210711932983656112, 112, 54, 60, 528371838, 
210711934362805113, 113, 55, 60, 530098871, 
210711938275528114, 114, 56, 60, 531396270, 
210711938339938115, 115, 56, 61, 532782852, 
210711938404702116, 116, 57, 61, 533551170, 
210711940198976117, 117, 58, 61, 534679050, 
210711960241062118, 118, 59, 61, 554807487, 
210711960299102119, 119, 60, 61, 572924355, 
210711960351833120, 120, 61, 61, 590205310, 
210711960517458121, 121, 62, 61, 607065124, 
210711960580099122, 122, 62, 62, 624001026, 
210711960633538123, 123, 63, 62, 640435805, 
210711960676714124, 124, 63, 63, 656461476, 
210711960729091125, 125, 64, 63, 670611120, 
210711960771205126, 126, 64, 64, 683443901, 
210711960825352127, 127, 65, 64, 691979624, 
210711960869235128, 128, 65, 65, 700566309, 
210711961097147129, 129, 65, 66, 701399037, 
210711962612195130, 130, 66, 66, 701833981, 
210711962695007131, 131, 66, 67, 702388189, 
210711965481973132, 132, 67, 67, 703580125, 
210711966404237133, 133, 67, 68, 704872215, 
210711969235086134, 134, 68, 68, 708110049, 
210711970227423135, 135, 69, 68, 709510787, 
210711970286524136, 136, 70, 68, 710211864, 
210711970741994137, 137, 70, 69, 711359917, 
210711973792261138, 138, 71, 69, 713137559, 
210711974350716139, 139, 72, 69, 714821771, 
210711975894076140, 140, 73, 69, 715381642, 
210711979222155141, 141, 74, 69, 716558715, 
210711980358175142, 142, 75, 69, 717977856, 
210712066759766143, 143, 76, 69, 804828546, 
210712068636145144, 144, 77, 69, 805505912, 
210712069029683145, 145, 78, 69, 806084539, 
210712069131606146, 146, 78, 70, 806756242, 
210712070136683147, 147, 79, 70, 807265151, 
210712071113802148, 148, 80, 70, 808135746, 
210712071439036149, 149, 81, 70, 808787630, 
210712072380057150, 150, 82, 70, 809603725, 
210712074737388151, 151, 83, 70, 810630744, 
210712076739048152, 152, 83, 71, 812947730, 
210712080065358153, 153, 84, 71, 816636079, 
210712080916134154, 154, 85, 71, 817906935, 
210712088425546155, 155, 86, 71, 821891145, 
210712089957935156, 156, 87, 71, 824758091, 
210712092994754157, 157, 88, 71, 825204713, 
210712093702909158, 158, 89, 71, 825859782, 
210712094607832159, 159, 90, 71, 826293664, 
210712098386072160, 160, 90, 72, 826722238, 
210712099182348161, 161, 90, 73, 827144441, 
210712099628263162, 162, 91, 73, 827543641, 
210712100555128163, 163, 92, 73, 827964428, 
210712200802362164, 164, 93, 73, 928129204, 
210712201472650165, 165, 94, 73, 928657931, 
210712203591097166, 166, 95, 73, 930227833, 
210712203665770167, 167, 96, 73, 931207783, 
210712225827719168, 168, 97, 73, 932452450, 
210712231185417169, 169, 98, 73, 933335432, 
210712232492725170, 170, 99, 73, 934964081, 
210712236773150171, 171, 100, 73, 935823705, 
210712237738944172, 172, 101, 73, 937075804, 
210712238621926173, 173, 102, 73, 938311978, 
210712238867532174, 174, 103, 73, 938978726, 
210712240735773175, 175, 104, 73, 939499314, 
210712241551867176, 176, 105, 73, 939858523, 
210712242851035177, 177, 106, 73, 940271879, 
210712245099364178, 178, 107, 73, 940748937, 
210712245692855179, 179, 108, 73, 941298190, 
210712246236446180, 180, 108, 74, 941781971, 
210712336641358181, 181, 108, 75, 1032169188, 
210712337298904182, 182, 108, 76, 1032669603, 
210712337600074183, 183, 108, 77, 1033120826, 
210712338171623184, 184, 108, 78, 1033660525, 
210712340319090185, 185, 108, 79, 1034483343, 
210712342636784186, 186, 108, 80, 1035476742, 
210712343745908187, 187, 109, 80, 1036627272, 
210712345416671188, 188, 110, 80, 1037810361, 
210712348276540189, 189, 111, 80, 1039214284, 
210712351148442190, 190, 112, 80, 1040018345, 
210712352619959191, 191, 113, 80, 1040954057, 
210712357166517192, 192, 114, 80, 1045911139, 
210712359513585193, 193, 115, 80, 1046189659, 
210712360715784194, 194, 116, 80, 1046617525, 
210712361878347195, 195, 117, 80, 1047080427, 
210712361961514196, 196, 118, 80, 1047797429, 
210712362241803197, 197, 119, 80, 1048199459, 
210712462837275198, 198, 120, 80, 1147774283, 
210712462895315199, 199, 121, 80, 1148776882, 
210712462938491200, 200, 122, 80, 1149516887, 
210712473807479201, 201, 123, 80, 1150123119, 
210712473866581202, 202, 124, 80, 1150475958, 
210712473920373203, 203, 124, 81, 1150885421, 
210712475055686204, 204, 124, 82, 1151339122, 
210712477717370205, 205, 125, 82, 1153736443, 
210712478361823206, 206, 126, 82, 1156469970, 
210712478953898207, 207, 127, 82, 1157337026, 
210712479419985208, 208, 127, 83, 1157776570, 
210712481380947209, 209, 128, 83, 1158063937, 
210712484467312210, 210, 129, 83, 1159291618, 
210712484626213211, 211, 130, 83, 1161866243, 
210712484709026212, 212, 131, 83, 1163914618, 
210712485071774213, 213, 131, 84, 1164350977, 
210712485728259214, 214, 132, 84, 1164616048, 
210712591573136215, 215, 133, 84, 1168370223, 
210712593907463216, 216, 134, 84, 1168789948, 
210712593992753217, 217, 135, 84, 1169684962, 
210712594041945218, 218, 135, 85, 1170215459, 
210712597928125219, 219, 135, 86, 1170561928, 
210712599417338220, 220, 136, 86, 1170856019, 
210712599664007221, 221, 137, 86, 1171105873, 
210712600113106222, 222, 138, 86, 1171524537, 
210712604135184223, 223, 138, 87, 1175312687, 
210712604466435224, 224, 139, 87, 1179123840, 
210712605286776225, 225, 140, 87, 1179493312, 
210712606608947226, 226, 141, 87, 1179795543, 
210712607410178227, 227, 142, 87, 1180218100, 
210712610226517228, 228, 143, 87, 1181173985, 
210712800971739229, 229, 144, 87, 1181557613, 
210712802742303230, 230, 145, 87, 1182566229, 
210712802821576231, 231, 146, 87, 1183237932, 
210712803419314232, 232, 146, 88, 1183574491, 
210712804494463233, 233, 147, 88, 1184269905, 
210712824231841234, 234, 148, 88, 1186162210, 
210712825757859235, 235, 148, 89, 1187148176, 
210712827477461236, 236, 148, 90, 1187812447, 
210712829326591237, 237, 148, 91, 1188256238, 
210712829738531238, 238, 149, 91, 1188597044, 
210712830695124239, 239, 150, 91, 1188906707, 
210712831807432240, 240, 151, 91, 1189604245, 
210712833351500241, 241, 152, 91, 1189878518, 
210712883659499242, 242, 153, 91, 1239383517, 
210712884885056243, 243, 154, 91, 1239740603, 
210712885246035244, 244, 154, 92, 1240093088, 
210712885555344245, 245, 155, 92, 1240397797, 
210712885939679246, 246, 156, 92, 1240738249, 
210712886266683247, 247, 157, 92, 1241051805, 
210712888415212248, 248, 158, 92, 1241919569, 
210712902333052249, 249, 159, 92, 1255084663, 
210712912612089250, 250, 160, 92, 1256629792, 
210712916010594251, 251, 161, 92, 1258466181, 
210712919987372252, 252, 162, 92, 1259808526, 
210712920064877253, 253, 163, 92, 1260484476, 
210712920763476254, 254, 164, 92, 1261461241, 
210712935175007255, 255, 165, 92, 1273745830, 
210712938886360256, 256, 166, 92, 1288783411, 
210712941617055257, 257, 167, 92, 1289898551, 
210712942041736258, 258, 168, 92, 1290533448, 
210712986616195259, 259, 169, 92, 1291255405, 
210712987397961260, 260, 170, 92, 1292271807, 
210713007026337261, 261, 171, 92, 1292771161, 
210713009266881262, 262, 172, 92, 1295223691, 
210713010144908263, 263, 172, 93, 1295677037, 
210713015284957264, 264, 173, 93, 1297260033, 
210713015335210265, 265, 174, 93, 1298803039, 
210713017333686266, 266, 175, 93, 1299327520, 
210713019143532267, 267, 176, 93, 1300636597, 
210713020831283268, 268, 177, 93, 1301332011, 
210713023079966269, 269, 178, 93, 1302944735, 
210713023995506270, 270, 179, 93, 1304791034, 
210713030080823271, 271, 180, 93, 1307149780, 
210713162043194272, 272, 181, 93, 1439543909, 
210713162114682273, 273, 181, 94, 1572028637, 
210713162583600274, 274, 182, 94, 1572474552, 
210713163539485275, 275, 183, 94, 1573356117, 
210713164017250276, 276, 183, 95, 1573812648, 
210713164747700277, 277, 184, 95, 1574158055, 
210713165746407278, 278, 184, 96, 1574586982, 
210713198979422279, 279, 184, 97, 1606123398, 
210713199200963280, 280, 185, 97, 1636096282, 
210713199279883281, 281, 185, 98, 1665845147, 
210713199363404282, 282, 186, 98, 1693996860, 
210713199432414283, 283, 187, 98, 1721747249, 
210713199496824284, 284, 188, 98, 1748658895, 
210713199561942285, 285, 189, 98, 1775166740, 
210713199625998286, 286, 190, 98, 1800545997, 
210713199697839287, 287, 191, 98, 1825216745, 
210713199764727288, 288, 192, 98, 1848666537, 
210713199829844289, 289, 193, 98, 1871166814, 
210713266635971290, 290, 194, 98, 1872405112, 
210713267895503291, 291, 194, 99, 1873258366, 
210713268637986292, 292, 195, 99, 1874321129, 
210713300672339293, 293, 195, 100, 1879173457, 
210713300770724294, 294, 196, 100, 1880159778, 
210713301425086295, 295, 197, 100, 1880681074, 
210713302295327296, 296, 198, 100, 1881602984, 
210713303701019297, 297, 199, 100, 1882190105, 
210713329055857298, 298, 200, 100, 1883017524, 
210713379976104299, 299, 200, 101, 1934229739, 
210713381943790300, 300, 200, 102, 1935274807, 
210713382401383301, 301, 201, 102, 1935613844, 
210713384816400302, 302, 202, 102, 1937628245, 
210713384880102303, 303, 203, 102, 1939367311, 
210713384939911304, 304, 204, 102, 1940778312, 
210713387081716305, 305, 205, 102, 1941797545, 
210713395796159306, 306, 206, 102, 1947105342, 
210713395857737307, 307, 207, 102, 1951288798, 
210713395933472308, 308, 208, 102, 1955103136, 
210713403051470309, 309, 208, 103, 1961017519, 
210713403163656310, 310, 209, 103, 1966363891, 
210713403235498311, 311, 210, 103, 1970771721, 
210713405498691312, 312, 211, 103, 1976269209, 
210713408230094313, 313, 211, 104, 1982563327, 
210713408534802314, 314, 212, 104, 1983536199, 
210713471839085315, 315, 213, 104, 1984557202, 
210713473197001316, 316, 214, 104, 1986471449, 
210713477824602317, 317, 215, 104, 1987128288, 
210713503454421318, 318, 216, 104, 1988254399, 
210713505563313319, 319, 217, 104, 1988830549, 
210713509113996320, 320, 218, 104, 1989537642, 
210713519290755321, 321, 219, 104, 1991091618, 
210713519341717322, 322, 220, 104, 1991883293, 
210713578063343323, 323, 221, 104, 1993103895, 
210713578679484324, 324, 222, 104, 1993929898, 
210713580126936325, 325, 223, 104, 1995008586, 
210713580972758326, 326, 224, 104, 1996422064, 
210713587373754327, 327, 224, 105, 1997167378, 
210713604066527328, 328, 225, 105, 2013540579, 
210713606502069329, 329, 226, 105, 2014267137, 
210713606855970330, 330, 227, 105, 2014583170, 
210713609315224331, 331, 228, 105, 2014935301, 
210713610214838332, 332, 229, 105, 2015285662, 
210713762668394333, 333, 230, 105, 2167469192, 
210713765906936334, 334, 231, 105, 2168180886, 
210713766640926335, 335, 232, 105, 2169190563, 
210713766697904336, 336, 233, 105, 2169717521, 
210713768950126337, 337, 234, 105, 2170384624, 
210713788282287338, 338, 235, 105, 2170737462, 
210713790223077339, 339, 236, 105, 2171036508, 
210713790882393340, 340, 237, 105, 2171319982, 
210713792987747341, 341, 238, 105, 2172539168, 
210713972065228342, 342, 238, 106, 2351513664, 
210713973972397343, 343, 239, 106, 2365004701, 
210714074404721344, 344, 240, 106, 2367118902, 
210714078845817345, 345, 241, 106, 2369142504, 
210714079997409346, 346, 241, 107, 2369751920, 
210714081053448347, 347, 242, 107, 2370452289, 
210714081553509348, 348, 242, 108, 2371260951, 
210714083096161349, 349, 243, 108, 2371871783, 
210714084642351350, 350, 244, 108, 2372502433, 
210714086754429351, 351, 245, 108, 2372957194, 
210714088589402352, 352, 246, 108, 2373591737, 
210714104969681353, 353, 247, 108, 2374257424, 
210714105894069354, 354, 248, 108, 2375425295, 
210714108961677355, 355, 249, 108, 2376022325, 
210714109415023356, 356, 250, 108, 2376721278, 
210714110093097357, 357, 250, 109, 2377609568, 
210714113611220358, 358, 251, 109, 2378075654, 
210714116820389359, 359, 252, 109, 2378581731, 
210714181098251360, 360, 253, 109, 2379204596, 
210714183124331361, 361, 254, 109, 2380398302, 
210714185145102362, 362, 255, 109, 2380984361, 
210714185581107363, 363, 256, 109, 2381688269, 
210714186865766364, 364, 257, 109, 2382266189, 
210714189142053365, 365, 258, 109, 2384147523, 
210714189200800366, 366, 259, 109, 2385729458, 
210714189260256367, 367, 260, 109, 2386710824, 
210714211333022368, 368, 261, 109, 2387387836, 
210714214553869369, 369, 262, 109, 2388269402, 
210714214616510370, 370, 263, 109, 2388822902, 
210714215168594371, 371, 263, 110, 2389594405, 
210714217160345372, 372, 264, 110, 2390176925, 
210714285501338373, 373, 265, 110, 2391016376, 
210714288404737374, 374, 266, 110, 2391891926, 
210714289730094375, 375, 266, 111, 2393529069, 
210714290408875376, 376, 266, 112, 2394960950, 
210714314203012377, 377, 267, 112, 2396027959, 
210714314269546378, 378, 268, 112, 2396704617, 
210714319424812379, 379, 269, 112, 2402155744, 
210714321606254380, 380, 270, 112, 2402766576, 
210714324062323381, 381, 271, 112, 2403114460, 
210714325714684382, 382, 272, 112, 2404079193, 
210714325800681383, 383, 272, 113, 2404798319, 
210714483210612384, 384, 273, 113, 2562247178, 
210714490084773385, 385, 274, 113, 2566026834, 
210714490200498386, 386, 275, 113, 2569194596, 
210714491065077387, 387, 276, 113, 2570448111, 
210714491476663388, 388, 277, 113, 2571079470, 
210714497538269389, 389, 278, 113, 2576072650, 
210714499878612390, 390, 279, 113, 2576978989, 
210714500809370391, 391, 280, 113, 2577270249, 
210714678835412392, 392, 280, 114, 2579320748, 
210714678905131393, 393, 281, 114, 2580250444, 
210714679474557394, 394, 282, 114, 2580684326, 
210714680723471395, 395, 283, 114, 2581492988, 
210714681512669396, 396, 284, 114, 2581778940, 
210714682776801397, 397, 285, 114, 2582046843, 
210714683049304398, 398, 286, 114, 2582318638, 
210714684271322399, 399, 287, 114, 2583417853, 
210714684313436400, 400, 288, 114, 2583918976, 
210714684729623401, 401, 289, 114, 2584319591, 
210714686038347402, 402, 290, 114, 2584575108, 
210714686563535403, 403, 291, 114, 2584824254, 
210714858717309404, 404, 292, 114, 2585543733, 
210714860607845405, 405, 293, 114, 2586015482, 
210714863448249406, 406, 294, 114, 2586759735, 
210714863530708407, 407, 294, 115, 2587281738, 
210714868773742408, 408, 295, 115, 2588151625, 
210714869768202409, 409, 296, 115, 2588703002, 
210714871441797410, 410, 297, 115, 2589479106, 
210714872827317411, 411, 298, 115, 2590585752, 
210714873403820412, 412, 299, 115, 2591922788, 
210714875495018413, 413, 300, 115, 2592688628, 
210715039753628414, 414, 301, 115, 2593197183, 
210715041222315415, 415, 302, 115, 2594826894, 
210715054266729416, 416, 303, 115, 2605920255, 
210715060168725417, 417, 304, 115, 2607395665, 
210715060204469418, 418, 305, 115, 2608440379, 
210715060308870419, 419, 306, 115, 2608746149, 
210715065184201420, 420, 307, 115, 2609280539, 
210715066762597421, 421, 308, 115, 2609878277, 
210715066787370422, 422, 309, 115, 2610199618, 
210715207622730423, 423, 310, 115, 2611247517, 
210715212212464424, 424, 311, 115, 2611707941, 
210715213945868425, 425, 312, 115, 2612038838, 
210715214468225426, 426, 312, 116, 2612647546, 
210715220117537427, 427, 313, 116, 2613159639, 
210715221791840428, 428, 314, 116, 2614256023, 
210715221842801429, 429, 315, 116, 2614945067, 
210715221863327430, 430, 316, 116, 2615329757, 
210715224696654431, 431, 317, 116, 2615599429, 
210715225608301432, 432, 318, 116, 2616539742, 
210715390446601433, 433, 319, 116, 2781538005, 
210715391757094434, 434, 320, 116, 2781797060, 
210715392003762435, 435, 321, 116, 2782014001, 
210715392896653436, 436, 322, 116, 2782332511, 
210715393455108437, 437, 323, 116, 2782574933, 
210715393761585438, 438, 323, 117, 2782835050, 
210715394245367439, 439, 324, 117, 2783101183, 
210715395362631440, 440, 325, 117, 2783328387, 
210715396108653441, 441, 326, 117, 2783573286, 
210715397161152442, 442, 327, 117, 2784096704, 
210715397928054443, 443, 328, 117, 2784649142, 
210715398354150444, 444, 329, 117, 2785244049, 
210715404985182445, 445, 330, 117, 2785733847, 
210715412427707446, 446, 331, 117, 2785975561, 
210715571492829447, 447, 332, 117, 2786318844, 
210715571555116448, 448, 332, 118, 2786662481, 
210715571878934449, 449, 333, 118, 2787124675, 
210715574043035450, 450, 334, 118, 2787506179, 
210715574321555451, 451, 335, 118, 2787942539, 
210715574595474452, 452, 336, 118, 2788348463, 
210715575529063453, 453, 337, 118, 2788727490, 
210715634712884454, 454, 338, 118, 2788909749, 
210715674657973455, 455, 339, 118, 2789120673, 
210715674810150456, 456, 340, 118, 2789301162, 
210715675253587457, 457, 341, 118, 2789452278, 
210715675725336458, 458, 342, 118, 2789597377, 
210715676894977459, 459, 343, 118, 2789792377, 
210715677513949460, 460, 344, 118, 2789941723, 
210715677792468461, 461, 345, 118, 2790083283, 
210715725620334462, 462, 346, 118, 2790583699, 
210715725860986463, 463, 347, 118, 2790848416, 
210715726174542464, 464, 348, 118, 2791134013, 
210715726349722465, 465, 349, 118, 2791354846, 
210715727210762466, 466, 350, 118, 2791585589, 
210715730974139467, 467, 351, 118, 2791912239, 
210715731154274468, 468, 352, 118, 2792135550, 
210715731905604469, 469, 353, 118, 2792363108, 
210715739121987470, 470, 354, 118, 2798995554, 
210715741220616471, 471, 355, 118, 2799492077, 
210715742372562472, 472, 356, 118, 2800069289, 
210715742659929473, 473, 357, 118, 2800637653, 
210715799590466474, 474, 358, 118, 2800871227, 
210715804640270475, 475, 359, 118, 2801228313, 
210715806919035476, 476, 360, 118, 2801450208, 
210715807390784477, 477, 361, 118, 2801640961, 
210715963754939478, 478, 362, 118, 2801830298, 
210715964435843479, 479, 363, 118, 2801979290, 
210715964982619480, 480, 364, 118, 2802156595, 
210715967450013481, 481, 365, 118, 2802386276, 
210715969176339482, 482, 366, 118, 2802632944, 
210716121196013483, 483, 367, 118, 2802982597, 
210716121499306484, 484, 368, 118, 2803432404, 
210716145376964485, 485, 369, 118, 2827477811, 
210716145400675486, 486, 370, 118, 2827925494, 
210716146753282487, 487, 371, 118, 2829404089, 
210716147981316488, 488, 372, 118, 2830458358, 
210716148394318489, 489, 373, 118, 2830757403, 
210716150006334490, 490, 373, 119, 2831059634, 
210716152158756491, 491, 374, 119, 2831470513, 
210716152916103492, 492, 375, 119, 2831933769, 
210716153583559493, 493, 376, 119, 2832380391, 
210716155176111494, 494, 377, 119, 2832941323, 
210716156377957495, 495, 377, 120, 2833469342, 
210716300175109496, 496, 377, 121, 2833719904, 
210716300337550497, 497, 378, 121, 2833928705, 
210716301498343498, 498, 379, 121, 2834124412, 
210716302642503499, 499, 380, 121, 2834314103, 
210716304641332500, 500, 380, 122, 2834576698, 
210716305030623501, 501, 381, 122, 2834797531, 
210716464517240502, 502, 382, 122, 2835123827, 
210716466108023503, 503, 383, 122, 2835331212, 
210716466719916504, 504, 384, 122, 2835517010, 
210716468274955505, 505, 385, 122, 2835735366, 
210716473082691506, 506, 386, 122, 2836909607, 
210716474945977507, 507, 387, 122, 2837316593, 
210716532974313508, 508, 388, 122, 2895477996, 
210716533635045509, 509, 389, 122, 2895666271, 
210716537057969510, 510, 390, 122, 2896600568, 
210716539740888511, 511, 391, 122, 2898443682, 
210716539807775512, 512, 392, 122, 2899871670, 
210716540799404513, 513, 393, 122, 2900573101, 
210716541292033514, 514, 394, 122, 2900727047, 
210716541698311515, 515, 395, 122, 2900864006, 
210716541862167516, 516, 396, 122, 2901009459, 
210716543040655517, 517, 397, 122, 2901160221, 
210716543775352518, 518, 397, 123, 2901388840, 
210716543895324519, 519, 398, 123, 2901537124, 
210716606405455520, 520, 399, 123, 2964040177, 
210716607926872521, 521, 400, 123, 2964258534, 
210716608157969522, 522, 401, 123, 2964492108, 
210716608942920523, 523, 402, 123, 2964677906, 
210716610769400524, 524, 403, 123, 2964885292, 
210716610956260525, 525, 404, 123, 2965077814, 
210716611231594526, 526, 405, 123, 2965332623, 
210716611750766527, 527, 406, 123, 2965596279, 
210716612715852528, 528, 407, 123, 2965999017, 
210716775370232529, 529, 407, 124, 2966244977, 
210716776964554530, 530, 408, 124, 2966456609, 
210716778534456531, 531, 409, 124, 2966669303, 
210716780458966532, 532, 409, 125, 2967183520, 
210716780838701533, 533, 410, 125, 2967791521, 
210716940850507534, 534, 411, 125, 3126424178, 
210716942024395535, 535, 412, 125, 3126652444, 
210716944844273536, 536, 413, 125, 3126888496, 
210716947061459537, 537, 414, 125, 3127270355, 
210716947852072538, 538, 414, 126, 3127501451, 
210717119040052539, 539, 415, 126, 3139514953, 
210717119066594540, 540, 416, 126, 3151141642, 
210717124529047541, 541, 417, 126, 3155883199, 
210717124553466542, 542, 418, 126, 3159054146, 
210717124572222543, 543, 419, 126, 3161830494, 
210717124597349544, 544, 420, 126, 3163001904, 
210717176287330545, 545, 421, 126, 3163511875, 
210717176319181546, 546, 422, 126, 3163796765, 
210717194074716547, 547, 423, 126, 3178990416, 
210717194145143548, 548, 424, 126, 3184161608, 
210717196039925549, 549, 425, 126, 3184828002, 
210717197515336550, 550, 426, 126, 3185038926, 
210717197907103551, 551, 427, 126, 3185222954, 
210717198405749552, 552, 428, 126, 3185469977, 
210717199119212553, 553, 429, 126, 3185699305, 
210717199406933554, 554, 430, 126, 3185957652, 
210717254872677555, 555, 431, 126, 3186180255, 
210717257667782556, 556, 432, 126, 3186536986, 
210717268066790557, 557, 433, 126, 3186711459, 
210717420448151558, 558, 434, 126, 3338948782, 
210717420975462559, 559, 435, 126, 3339144135, 
210717421598327560, 560, 436, 126, 3339327102, 
210717422271799561, 561, 437, 126, 3339588280, 
210717422475646562, 562, 438, 126, 3339787172, 
210717423584770563, 563, 439, 126, 3340703774, 
210717423855503564, 564, 440, 126, 3340953274, 
210717425577583565, 565, 441, 126, 3341461475, 
210717426391553566, 566, 442, 126, 3342075138, 
210717432174639567, 567, 443, 126, 3342599619, 
210717596441036568, 568, 444, 126, 3343296449, 
210717601932154569, 569, 445, 126, 3343852073, 
210717612889263570, 570, 446, 126, 3344374430, 
210717616940361571, 571, 447, 126, 3344857150, 
210717617312310572, 572, 448, 126, 3345401449, 
210717787333481573, 573, 449, 126, 3361131612, 
210717787357546574, 574, 450, 126, 3376677394, 
210717944791895575, 575, 451, 126, 3376925479, 
210717945468907576, 576, 452, 126, 3377140296, 
210717947163382577, 577, 453, 126, 3377404660, 
210717949071613578, 578, 454, 126, 3377879594, 
210717949727036579, 579, 454, 127, 3378139711, 
210717951165995580, 580, 455, 127, 3378432741, 
210717970935932581, 581, 456, 127, 3385959140, 
210717970971675582, 582, 457, 127, 3393027946, 
210717970998926583, 583, 458, 127, 3397981136, 
210717971026884584, 584, 459, 127, 3402676686, 
210717971064397585, 585, 460, 127, 3406763173, 
210717971093771586, 586, 461, 127, 3408845877, 
210717971124560587, 587, 462, 127, 3410281651, 
210718075912337588, 588, 463, 127, 3419242762, 
210718075968607589, 589, 464, 127, 3424465623, 
210718076021338590, 590, 465, 127, 3429052880, 
210718076065576591, 591, 466, 127, 3432953216, 
210718076111229592, 592, 467, 127, 3435729210, 
210718245179700593, 593, 468, 127, 3435943674, 
210718245390624594, 594, 469, 127, 3436179726, 
210718247440415595, 595, 470, 127, 3436334026, 
210718247630460596, 596, 471, 127, 3436536104, 
210718247969142597, 597, 472, 127, 3436668463, 
210718408959837598, 598, 473, 127, 3436874433, 
210718409278347599, 599, 474, 127, 3437166755, 
210718410048788600, 600, 475, 127, 3437637442, 
210718424786615601, 601, 476, 127, 3437966569, 
210718424868720602, 602, 477, 127, 3451349665, 
210718424901633603, 603, 478, 127, 3463918083, 
210718477407000604, 604, 479, 127, 3464149534, 
210718480447004605, 605, 480, 127, 3464373553, 
210718480597058606, 606, 481, 127, 3464559704, 
210718481021384607, 607, 482, 127, 3464754703, 
210718481941879608, 608, 482, 128, 3464960319, 
210718482323384609, 609, 483, 128, 3465156026, 
210718482822737610, 610, 484, 128, 3465386062, 
210718483255203611, 611, 485, 128, 3465590617, 
210718484661957612, 612, 486, 128, 3465732885, 
210718545105664613, 613, 487, 128, 3465906650, 
210718545249701614, 614, 488, 128, 3466065905, 
210718545666242615, 615, 489, 128, 3466194371, 
210718546326974616, 616, 490, 128, 3466380876, 
210718547571287617, 617, 491, 128, 3466550749, 
210718548119125618, 618, 492, 128, 3466681338, 
210718548405077619, 619, 493, 128, 3466805911, 
210718549654699620, 620, 494, 128, 3466989939, 
210718706487418621, 621, 495, 128, 3623289330, 
210718706716745622, 622, 496, 128, 3623477959, 
210718708096957623, 623, 497, 128, 3623624828, 
210718708790248624, 624, 497, 129, 3623808502, 
210718709163259625, 625, 498, 129, 3623939091, 
210718709434346626, 626, 499, 129, 3624063664, 
210718709989970627, 627, 500, 129, 3624213718, 
210718710197356628, 628, 501, 129, 3624346785, 
210718710897371629, 629, 502, 129, 3624503917, 
210718711029021630, 630, 503, 129, 3624651140, 
210718711775043631, 631, 504, 129, 3624880468, 
210718712470104632, 632, 505, 129, 3625064496, 
210718712639976633, 633, 506, 129, 3625236138, 
210718878720112634, 634, 507, 129, 3629389512, 
210718878744531635, 635, 508, 129, 3633124931, 
210718878763288636, 636, 509, 129, 3634337394, 
210718889333938637, 637, 510, 129, 3643684965, 
210718891673219638, 638, 511, 129, 3654676048, 
210718892597607639, 639, 512, 129, 3655100729, 
210718952277950640, 640, 513, 129, 3655331118, 
210718952493121641, 641, 513, 130, 3655545935, 
210718953528634642, 642, 514, 130, 3655956106, 
210718955726709643, 643, 515, 130, 3656178002, 
210718956106090644, 644, 516, 130, 3656372648, 
210718957433217645, 645, 517, 130, 3656601621, 
210718959337555646, 646, 518, 130, 3658204081, 
210719026138373647, 647, 519, 130, 3658486493, 
210719026370532648, 648, 519, 131, 3658715467, 
210719026966500649, 649, 519, 132, 3658935240, 
210719027168223650, 650, 519, 133, 3659139795, 
210719027748620651, 651, 520, 133, 3659375847, 
210719028074208652, 652, 520, 134, 3659535456, 
210719028216476653, 653, 520, 135, 3659699311, 
210719028943387654, 654, 521, 135, 3659833439, 
210719029400273655, 655, 522, 135, 3659964028, 
210719030081177656, 656, 523, 135, 3660090017, 
210719031594101657, 657, 524, 135, 3660238301, 
210719188895031658, 658, 525, 135, 3660464089, 
210719192116232659, 659, 526, 135, 3660755349, 
210719194097366660, 660, 527, 135, 3661343885, 
210719196191748661, 661, 528, 135, 3661786261, 
210719197113305662, 662, 529, 135, 3662236422, 
210719374228762663, 663, 530, 135, 3666675749, 
210719374250704664, 664, 531, 135, 3670621738, 
210719383583411665, 665, 532, 135, 3671175239, 
210719384397028666, 666, 533, 135, 3671828186, 
210719448232161667, 667, 534, 135, 3674953834, 
210719448255165668, 668, 535, 135, 3677772651, 
210719448272152669, 669, 536, 135, 3679930382, 
210719448288077670, 670, 537, 135, 3681802515, 
210719448306480671, 671, 538, 135, 3683276156, 
210719448366997672, 672, 538, 136, 3684244781, 
210719448385400673, 673, 539, 136, 3684977001, 
210719448400971674, 674, 540, 136, 3685587125, 
210719504435079675, 675, 541, 136, 3741930895, 
210719506204227676, 676, 542, 136, 3742232772, 
210719506867082677, 677, 543, 136, 3742382472, 
210719507927722678, 678, 544, 136, 3742732126, 
210719509860726679, 679, 545, 136, 3744151620, 
210719510262049680, 680, 545, 137, 3744529939, 
210719568606064681, 681, 546, 137, 3744837479, 
210719570839883682, 682, 547, 137, 3745034248, 
210719571365779683, 683, 548, 137, 3745211552, 
210719573094228684, 684, 549, 137, 3746539032, 
210719573827510685, 685, 550, 137, 3746780038, 
210719574685364686, 686, 551, 137, 3747014320, 
210719574924601687, 687, 551, 138, 3747216751, 
210719575606213688, 688, 552, 138, 3747380607, 
210719576005767689, 689, 552, 139, 3747537385, 
210719638986231690, 690, 553, 139, 3747746187, 
210719639555656691, 691, 554, 139, 3747937293, 
210719641022220692, 692, 555, 139, 3748093363, 
210719642042514693, 693, 556, 139, 3748260404, 
210719660018884694, 694, 557, 139, 3748496455, 
210719660477892695, 695, 558, 139, 3748624567, 
210719661319114696, 696, 559, 139, 3748764358, 
210719811650329697, 697, 560, 139, 3749034384, 
210719812125971698, 698, 561, 139, 3749200363, 
210719812613646699, 699, 562, 139, 3749377313, 
210719813978993700, 700, 563, 139, 3749540107, 
210719817050141701, 701, 564, 139, 3749744662, 
210719817492870702, 702, 565, 139, 3750001594, 
210719981971961703, 703, 566, 139, 3754749521, 
210719981994256704, 704, 567, 139, 3758170675, 
210719982016198705, 705, 568, 139, 3760583921, 
210719982031770706, 706, 569, 139, 3761609878, 
210719982046634707, 707, 570, 139, 3762235219, 
210720166131805708, 708, 571, 139, 3786225063, 
210720166156224709, 709, 572, 139, 3810048928, 
210720166173565710, 710, 573, 139, 3833546851, 
210720166190198711, 711, 574, 139, 3840165142, 
210720166612401712, 712, 575, 139, 3846049798, 
210720166646022713, 713, 576, 139, 3850362782, 
210720315369114714, 714, 577, 139, 3850631039, 
210720315791317715, 715, 578, 139, 3850874522, 
210720318042477716, 716, 579, 139, 3851059258, 
210720318712765717, 717, 580, 139, 3851345209, 
210720322512947718, 718, 581, 139, 3853575136, 
210720322599653719, 719, 582, 139, 3854472981, 
210720475408170720, 720, 583, 139, 3854646038, 
210720476695306721, 721, 584, 139, 3854825820, 
210720477123880722, 722, 585, 139, 3854963133, 
210720479445112723, 723, 586, 139, 3855117079, 
210720638622775724, 724, 587, 139, 3859101290, 
210720638644717725, 725, 588, 139, 3862849095, 
210720638660996726, 726, 589, 139, 3864486238, 
210720638676214727, 727, 590, 139, 3865496624, 
210720639269705728, 728, 591, 139, 3865743293, 
210720653764756729, 729, 592, 139, 3867014857, 
210720804579046730, 730, 593, 139, 3867323458, 
210720805587662731, 731, 594, 139, 3867594546, 
210720807095985732, 732, 595, 139, 3867939953, 
210720807490230733, 733, 596, 139, 3868206794, 
210720807958440734, 734, 597, 139, 3868566002, 
210720807977905735, 735, 598, 139, 3868796037, 
210720818709580736, 736, 599, 139, 3868979003, 
210720819135676737, 737, 600, 139, 3869111362, 
210720819618396738, 738, 601, 139, 3869264955, 
210720969673215739, 739, 602, 139, 3869482958, 
210720975774457740, 740, 603, 139, 3869769617, 
210720976570733741, 741, 604, 139, 3870059815, 
210720977101584742, 742, 605, 139, 3870382218, 
210720982508828743, 743, 606, 139, 3875866258, 
210720982545633744, 744, 607, 139, 3878252608, 
210720982576776745, 745, 608, 139, 3880355484, 
210720982604381746, 746, 609, 139, 3882256637, 
210720982633754747, 747, 610, 139, 3884013399, 
210720982662774748, 748, 611, 139, 3884635910, 
210721147712706749, 749, 612, 139, 3884904874, 
210721149466990750, 750, 613, 139, 3885105889, 
210721149642879751, 751, 614, 139, 3885288855, 
210721149854157752, 752, 615, 139, 3885497656, 
210721150748817753, 753, 616, 139, 3885705041, 
210721152263157754, 754, 617, 139, 3885976129, 
210721316211751755, 755, 618, 139, 3891545105, 
210721316242186756, 756, 619, 139, 3897109127, 
210721316277222757, 757, 620, 139, 3902545745, 
210721316295979758, 758, 621, 139, 3907498227, 
210721316312259759, 759, 622, 139, 3911424043, 
210721316328184760, 760, 623, 139, 3914545091, 
210721316344110761, 761, 624, 139, 3917374524, 
210721316359681762, 762, 625, 139, 3919602327, 
210721316378438763, 763, 626, 139, 3921344933, 
210721316396487764, 764, 627, 139, 3922918374, 
210721316412412765, 765, 628, 139, 3923953532, 
210721316427276766, 766, 629, 139, 3924847838, 
210721406921017767, 767, 630, 139, 3929927724, 
210721406943666768, 768, 631, 139, 3933920074, 
210721406959238769, 769, 632, 139, 3936629182, 
210721406974456770, 770, 633, 139, 3937725565, 
210721406989673771, 771, 634, 139, 3938387712, 
210721565523945772, 772, 635, 139, 3938712947, 
210721565921729773, 773, 636, 139, 3938898390, 
210721567447040774, 774, 637, 139, 3939101882, 
210721570057763775, 775, 638, 139, 3939374031, 
210721570518895776, 776, 639, 139, 3939642287, 
210721736237699777, 777, 640, 139, 4103972032, 
210721736537806778, 778, 641, 139, 4104194282, 
210721736777397779, 779, 642, 139, 4104420424, 
210721737423973780, 780, 643, 139, 4104618254, 
210721737701785781, 781, 643, 140, 4104864923, 
210721738796752782, 782, 644, 140, 4105054968, 
210721742317353783, 783, 645, 140, 4105607760, 
210721743460805784, 784, 646, 140, 4106312376, 
210721743812582785, 785, 647, 140, 4106795804, 
210721913146832786, 786, 648, 140, 4111060657, 
210721913169482787, 787, 649, 140, 4113350039, 
210721913186469788, 788, 650, 140, 4115497507, 
210721913202394789, 789, 651, 140, 4117517570, 
210722088276200790, 790, 652, 140, 4117935880, 
210722089796910791, 791, 653, 140, 4118146451, 
210722090279276792, 792, 654, 140, 4118414000, 
210722091122621793, 793, 655, 140, 4118721540, 
210722260543576794, 794, 656, 140, 4118979180, 
210722261640667795, 795, 657, 140, 4119189750, 
210722264784364796, 796, 658, 140, 4119406337, 
210722437138092797, 797, 659, 140, 4135281246, 
210722437165342798, 798, 660, 140, 4150990883, 
210722437182330799, 799, 661, 140, 4165363838, 
210722437198963800, 800, 662, 140, 4178800727, 
210722437215242801, 801, 663, 140, 4191460805, 
210722437231876802, 802, 664, 140, 4203584016, 
210722480488056803, 803, 665, 140, 4257251945, 
210722487609594804, 804, 666, 140, 4261862205, 
210722487637906805, 805, 667, 140, 4265249385, 
210722487659494806, 806, 668, 140, 4268207284, 
210722487678604807, 807, 669, 140, 4270626193, 
210722487697007808, 808, 670, 140, 4271534301, 
210722552618261809, 809, 671, 140, 4271865905, 
210722555194655810, 810, 672, 140, 4272195033, 
210722555235000811, 811, 673, 140, 4272449134, 
210722578218352812, 812, 674, 140, 4272747826, 
210722579687392813, 813, 674, 141, 4273500572, 
210722632560462814, 814, 675, 141, 4273847748, 
210722633552090815, 815, 676, 141, 4274073537, 
210722651643124816, 816, 677, 141, 4275547532, 
210722651668250817, 817, 678, 141, 4275997694, 
210722652531767818, 818, 679, 141, 4276169690, 
210722652715088819, 819, 680, 141, 4276328591, 
210722804949579820, 820, 681, 141, 4276572428, 
210722805475829821, 821, 682, 141, 4276749378, 
210722806852148822, 822, 683, 141, 4276981536, 
210722808408955823, 823, 684, 141, 4277178658, 
210722809014833824, 824, 685, 141, 4277362332, 
210722966026979825, 825, 686, 141, 4277945560, 
210722966884126826, 826, 687, 141, 4278208508, 
210722967080895827, 827, 688, 141, 4278500476, 
210722968480571828, 828, 689, 141, 4278915955, 
210722968823146829, 829, 690, 141, 4279480426, 
210722979279487830, 830, 691, 141, 4289802992, 
210722981116230831, 831, 692, 141, 4290138135, 
210722981672207832, 832, 693, 141, 4290306945, 
210723132109946833, 833, 694, 141, 4290703313, 
210723146186334834, 834, 695, 141, 4291880386, 
210723197130292835, 835, 696, 141, 4342943255, 
210723197378376836, 836, 697, 141, 4343172228, 
210723199294039837, 837, 698, 141, 4343368997, 
210723200929767838, 838, 698, 142, 4343607526, 
210723201126889839, 839, 699, 142, 4343852425, 
210723203143059840, 840, 700, 142, 4344146516, 
210723203470771841, 841, 701, 142, 4344304002, 
210723203842721842, 842, 702, 142, 4344434238, 
210723203966232843, 843, 703, 142, 4344560935, 
210723268215429844, 844, 704, 142, 4344822114, 
210723268589147845, 845, 705, 142, 4345000833, 
210723270926305846, 846, 706, 142, 4345245024, 
210723271389561847, 847, 707, 142, 4345481430, 
210723272164249848, 848, 708, 142, 4345653780, 
210723272577251849, 849, 709, 142, 4345802418, 
210723282143532850, 850, 710, 142, 4348047562, 
210723282182461851, 851, 711, 142, 4350021973, 
210723282213604852, 852, 712, 142, 4351296723, 
210723441200515853, 853, 713, 142, 4351526404, 
210723441333935854, 854, 714, 142, 4351679996, 
210723443380895855, 855, 715, 142, 4351956392, 
210723443600313856, 856, 716, 142, 4352256146, 
210723447078092857, 857, 717, 142, 4352435220, 
210723628316842858, 858, 718, 142, 4370186509, 
210723628339492859, 859, 719, 142, 4387597700, 
210723628374174860, 860, 720, 142, 4404860960, 
210723628397885861, 861, 721, 142, 4420742947, 
210723628414873862, 862, 722, 142, 4424225327, 
210723628430444863, 863, 723, 142, 4426670071, 
210723628445662864, 864, 724, 142, 4427377872, 
210723689221681865, 865, 725, 142, 4433847878, 
210723696384270866, 866, 726, 142, 4435685683, 
210723697270791867, 867, 727, 142, 4435872896, 
210723697502241868, 868, 728, 142, 4436133013, 
210723697688747869, 869, 729, 142, 4436352077, 
210723698844232870, 870, 730, 142, 4436577512, 
210723699073913871, 871, 731, 142, 4436792329, 
210723700535522872, 872, 732, 142, 4436980958, 
210723700872081873, 873, 733, 142, 4437147999, 
210723701034521874, 874, 734, 142, 4437299468, 
210723754014468875, 875, 735, 142, 4437521364, 
210723756404358876, 876, 736, 142, 4437739012, 
210723758165366877, 877, 737, 142, 4437982142, 
210723918117009878, 878, 738, 142, 4438173602, 
210723918973448879, 879, 739, 142, 4438337458, 
210723921087649880, 880, 740, 142, 4438590851, 
210723921301758881, 881, 741, 142, 4438814162, 
210723922116791882, 882, 742, 142, 4439116747, 
210723924044486883, 883, 743, 142, 4439311746, 
210723925059826884, 884, 744, 142, 4439858169, 
210724093945330885, 885, 745, 142, 4440130318, 
210724094474411886, 886, 746, 142, 4440345135, 
210724095065779887, 887, 747, 142, 4440536241, 
210724099026632888, 888, 748, 142, 4440760260, 
210724099223401889, 889, 749, 142, 4440957383, 
210724100060375890, 890, 750, 142, 4441168308, 
210724100291472891, 891, 751, 142, 4441399051, 
210724101113936892, 892, 752, 142, 4441628378, 
210724260912694893, 893, 753, 142, 4443259151, 
210724261932281894, 894, 754, 142, 4443553242, 
210724262310247895, 895, 755, 142, 4443856181, 
210724263146867896, 896, 756, 142, 4444029238, 
210724323302145897, 897, 757, 142, 4490017529, 
210724323585973898, 898, 757, 143, 4490431946, 
210724323794066899, 899, 758, 143, 4490779122, 
210724324938580900, 900, 759, 143, 4491051979, 
210724326882909901, 901, 760, 143, 4491907710, 
210724328611004902, 902, 761, 143, 4492151547, 
210724329896370903, 903, 762, 143, 4492428297, 
210724389965650904, 904, 763, 143, 4492677443, 
210724390271774905, 905, 764, 143, 4492835637, 
210724391459463906, 906, 765, 143, 4493109556, 
210724392784820907, 907, 766, 143, 4493253593, 
210724393706377908, 908, 767, 143, 4493400461, 
210724565487494909, 909, 768, 143, 4493633681, 
210724569009864910, 910, 769, 143, 4493879642, 
210724569165580911, 911, 770, 143, 4494058361, 
210724572240975912, 912, 771, 143, 4494938158, 
210724734220113913, 913, 772, 143, 4495178810, 
210724734835546914, 914, 773, 143, 4495387258, 
210724735402848915, 915, 774, 143, 4495592166, 
210724737320280916, 916, 775, 143, 4495831049, 
210724738300584917, 917, 775, 144, 4496031357, 
210724739052976918, 918, 776, 144, 4496318371, 
210724740586073919, 919, 777, 144, 4496505939, 
210724797834058920, 920, 778, 144, 4496744468, 
210724798370925921, 921, 779, 144, 4496921772, 
210724800211561922, 922, 780, 144, 4497115355, 
210724800395589923, 923, 781, 144, 4497324864, 
210724800746659924, 924, 782, 144, 4497500044, 
210724801504359925, 925, 783, 144, 4497714862, 
210724802114483926, 926, 784, 144, 4497917293, 
210724803089125927, 927, 785, 144, 4498087873, 
210724803475938928, 928, 786, 144, 4498297736, 
210724876437100929, 929, 787, 144, 4498536972, 
210724877227714930, 930, 788, 144, 4498759575, 
210724878950147931, 931, 789, 144, 4498936172, 
210724882741482932, 932, 790, 144, 4500225077, 
210724882776164933, 933, 791, 144, 4501303765, 
210725035393576934, 934, 792, 144, 4654097773, 
210725036057847935, 935, 793, 144, 4654295603, 
210725038314669936, 936, 794, 144, 4654488479, 
210725058884421937, 937, 795, 144, 4675083711, 
210725061622194938, 938, 796, 144, 4675310207, 
210725062078725939, 939, 797, 144, 4675445751, 
210725219136879940, 940, 798, 144, 4675651721, 
210725219342141941, 941, 799, 144, 4675827255, 
210725222572898942, 942, 800, 144, 4676087018, 
210725222763296943, 943, 801, 144, 4676299358, 
210725223824289944, 944, 802, 144, 4676463921, 
210725398643287945, 945, 803, 144, 4676842595, 
210725399679507946, 946, 804, 144, 4677089264, 
210725400257781947, 947, 805, 144, 4677434317, 
210725400275829948, 948, 806, 144, 4677627546, 
210725412511227949, 949, 807, 144, 4689152311, 
210725464012579950, 950, 808, 144, 4692308749, 
210725475493814951, 951, 809, 144, 4694054185, 
210725475604939952, 952, 810, 144, 4694583266, 
210725475736944953, 953, 811, 144, 4694708900, 
210725477328080954, 954, 812, 144, 4696129102, 
210725478897274955, 955, 813, 144, 4696934933, 
210725478962746956, 956, 814, 144, 4698977646, 
210725535781450957, 957, 815, 144, 4699359504, 
210725539645335958, 958, 816, 144, 4699521237, 
210725540446211959, 959, 817, 144, 4699743132, 
210725542381338960, 960, 818, 144, 4700063412, 
210725599178455961, 961, 819, 144, 4700311497, 
210725599639233962, 962, 820, 144, 4700555689, 
210725599881655963, 963, 821, 144, 4700786078, 
210725601320968964, 964, 822, 144, 4701013636, 
210725602657650965, 965, 823, 144, 4701349487, 
210725603638662966, 966, 824, 144, 4701687108, 
210725665510710967, 967, 825, 144, 4701949348, 
210725666136052968, 968, 826, 144, 4702248747, 
210725666583736969, 969, 827, 144, 4702477367, 
210725666877827970, 970, 828, 144, 4702767920, 
210725669771316971, 971, 829, 144, 4702958318, 
210725671430401972, 972, 830, 144, 4703150840, 
210725671616199973, 973, 831, 144, 4703358226, 
210725831300293974, 974, 832, 144, 4703624005, 
210725831494231975, 975, 833, 144, 4703889076, 
210725833655146976, 976, 834, 144, 4704121589, 
210725833831743977, 977, 834, 145, 4704309510, 
210725834281550978, 978, 835, 145, 4704511941, 
210725836329571979, 979, 836, 145, 4704777012, 
210725836760976980, 980, 837, 145, 4704967411, 
210725997950916981, 981, 838, 145, 4706780089, 
210725997973920982, 982, 839, 145, 4708024403, 
210725998952454983, 983, 840, 145, 4708290890, 
210725999741298984, 984, 841, 145, 4708517033, 
210726010807409985, 985, 842, 145, 4708992676, 
210726064777923986, 986, 843, 145, 4709197938, 
210726065177477987, 987, 844, 145, 4709425142, 
210726065699126988, 988, 845, 145, 4709706847, 
210726070840945989, 989, 846, 145, 4711129526, 
210726070879166990, 990, 847, 145, 4711927925, 
210726133784249991, 991, 848, 145, 4712257406, 
210726138200926992, 992, 849, 145, 4712493104, 
210726139371628993, 993, 850, 145, 4712691288, 
210726211290554994, 994, 851, 145, 4712978655, 
210726211656487995, 995, 852, 145, 4713152774, 
210726212450993996, 996, 853, 145, 4713376439, 
210726213711232997, 997, 854, 145, 4713578162, 
210726214778950998, 998, 855, 145, 4713795810, 
210726216200568999, 999, 856, 145, 4714045310, 
2107263784879531000, 1000, 857, 145, 4714241371, 
2107263791975231001, 1001, 858, 145, 4714414074, 
2107263793868601002, 1002, 859, 145, 4714593855, 
2107263800783811003, 1003, 860, 145, 4714746386, 
2107263802333901004, 1004, 861, 145, 4714896794, 
2107263806502841005, 1005, 862, 145, 4715067374, 
2107263821925821006, 1006, 863, 145, 4715224505, 
2107263823132621007, 1007, 864, 145, 4715355802, 
2107265437909241008, 1008, 865, 145, 4720328102, 
2107265438171121009, 1009, 866, 145, 4724331777, 
2107265438337461010, 1010, 867, 145, 4725201664, 
2107265438489631011, 1011, 868, 145, 4725507080, 
2107267113510711012, 1012, 869, 145, 4725694293, 
2107267118146801013, 1013, 870, 145, 4725820990, 
2107267128753201014, 1014, 871, 145, 4725978475, 
2107267129793661015, 1015, 872, 145, 4726145516, 
2107267139830281016, 1016, 873, 145, 4726293447, 
2107267151696561017, 1017, 874, 145, 4726447394, 
2107268760538261018, 1018, 875, 145, 4726687692, 
2107268767251751019, 1019, 876, 145, 4726848363, 
2107268789989851020, 1020, 877, 145, 4727188107, 
2107270386706931021, 1021, 878, 145, 4886253230, 
21