{
  "widgetId" : null,
  "widgetType" : "html",
  "dashboardWidgetSettings" : {
    "widgetLabel" : "HTML page",
    "widgetName" : "html",
    "config" : [ {
      "@class" : "org.apache.streampipes.model.staticproperty.FreeTextStaticProperty",
      "valueRequired" : false,
      "staticPropertyType" : "FreeTextStaticProperty",
      "index" : 0,
      "label" : "Widget title",
      "description" : "The title of the widget",
      "internalName" : "spi-title-key",
      "predefined" : false,
      "value" : "itentifier_2",
      "requiredDatatype" : "http://www.w3.org/2001/XMLSchema#string",
      "requiredDomainProperty" : null,
      "mapsTo" : null,
      "multiLine" : false,
      "htmlAllowed" : false,
      "htmlFontFormat" : false,
      "placeholdersSupported" : false,
      "valueSpecification" : null
    }, {
      "@class" : "org.apache.streampipes.model.staticproperty.ColorPickerStaticProperty",
      "valueRequired" : false,
      "staticPropertyType" : "ColorPickerStaticProperty",
      "index" : 1,
      "label" : "Background color",
      "description" : "The background color",
      "internalName" : "spi-background-color-key",
      "predefined" : false,
      "selectedColor" : "#1B1464"
    }, {
      "@class" : "org.apache.streampipes.model.staticproperty.ColorPickerStaticProperty",
      "valueRequired" : false,
      "staticPropertyType" : "ColorPickerStaticProperty",
      "index" : 2,
      "label" : "Primary text color",
      "description" : "The primary text color",
      "internalName" : "spi-primary-text-color-key",
      "predefined" : false,
      "selectedColor" : "#FFFFFF"
    }, {
      "@class" : "org.apache.streampipes.model.staticproperty.ColorPickerStaticProperty",
      "valueRequired" : false,
      "staticPropertyType" : "ColorPickerStaticProperty",
      "index" : 3,
      "label" : "Secondary text color",
      "description" : "The secondary text color",
      "internalName" : "spi-secondary-text-color-key",
      "predefined" : false,
      "selectedColor" : "#39B54A"
    }, {
      "@class" : "org.apache.streampipes.model.staticproperty.FreeTextStaticProperty",
      "valueRequired" : false,
      "staticPropertyType" : "FreeTextStaticProperty",
      "index" : 4,
      "label" : "Refresh interval [seconds]",
      "description" : "The interval in seconds in which new data should be fetched",
      "internalName" : "spi-refresh-interval-key",
      "predefined" : false,
      "value" : "5",
      "requiredDatatype" : "http://www.w3.org/2001/XMLSchema#integer",
      "requiredDomainProperty" : null,
      "mapsTo" : null,
      "multiLine" : false,
      "htmlAllowed" : false,
      "htmlFontFormat" : false,
      "placeholdersSupported" : false,
      "valueSpecification" : null
    }, {
      "@class" : "org.apache.streampipes.model.staticproperty.MappingPropertyUnary",
      "valueRequired" : false,
      "staticPropertyType" : "MappingPropertyUnary",
      "index" : 5,
      "label" : "HTML field",
      "description" : "",
      "internalName" : "html-field",
      "predefined" : false,
      "requirementSelector" : "",
      "mapsFromOptions" : [ "s0::level", "s0::overflow", "s0::sensorId" ],
      "propertyScope" : null,
      "selectedProperty" : "s0::level"
    } ],
    "requiredSchema" : {
      "eventProperties" : [ {
        "@class" : "org.apache.streampipes.model.schema.EventPropertyPrimitive",
        "elementId" : "sp:eventproperty:NwjwiT",
        "label" : null,
        "description" : null,
        "runtimeName" : "html-field",
        "required" : false,
        "domainProperties" : [ ],
        "propertyScope" : null,
        "index" : 0,
        "runtimeId" : null,
        "runtimeType" : null,
        "measurementUnit" : null,
        "valueSpecification" : null
      } ]
    },
    "widgetIconName" : "far fa-window-maximize",
    "widgetDescription" : "Renders HTML markup (e.g., from a website)"
  },
  "pipelineId" : "f372828c3a254e59bb629610833390a5",
  "visualizationName" : "itentifier_2",
  "_id" : "0a7249e6e8604018adc12d0b3721bb58",
  "_rev" : null
}