{"_id":"OGeXPqwfsvbPXhiuLpHQAENN","assetName":"Default_Asset2","assetDescription":"","assetLinks":[{"linkLabel":"Default_Dashboard2","linkType":"dashboard","editingDisabled":false,"resourceId":"sp:dashboardmodel:IgohOq","navigationActive":true,"queryHint":"dashboard"},{"linkLabel":"Default_Adapter1","linkType":"data-source","editingDisabled":false,"resourceId":"sp:spdatastream:dtkMJs","navigationActive":false,"queryHint":"data-source"},{"linkLabel":"Default_Pipeline2","linkType":"pipeline","editingDisabled":false,"resourceId":"f372828c3a254e59bb629610833390a5","navigationActive":true,"queryHint":"pipeline"}],"assetId":"tawkXA","appDocType":"asset-management","removable":true,"assets":[]}