{
  "id" : null,
  "name" : "Default_Dashboard2",
  "description" : null,
  "displayHeader" : true,
  "dashboardTimeSettings" : { },
  "dashboardGeneralSettings" : { },
  "widgets" : [ {
    "id" : "ce38264b847643ed8003e283653cdcb1",
    "name" : null,
    "component" : null,
    "settings" : null,
    "cols" : 5,
    "rows" : 7,
    "x" : 0,
    "y" : 0
  }, {
    "id" : "0a7249e6e8604018adc12d0b3721bb58",
    "name" : null,
    "component" : null,
    "settings" : null,
    "cols" : 5,
    "rows" : 8,
    "x" : 5,
    "y" : 0
  } ],
  "_id" : "sp:dashboardmodel:IgohOq",
  "_rev" : null
}