{
  "id" : null,
  "name" : "Default_Dashboard1",
  "description" : null,
  "displayHeader" : true,
  "dashboardTimeSettings" : { },
  "dashboardGeneralSettings" : { },
  "widgets" : [ {
    "id" : "23bdeb089d324e85a37784069be99f7f",
    "name" : null,
    "component" : null,
    "settings" : null,
    "cols" : 5,
    "rows" : 7,
    "x" : 0,
    "y" : 0
  }, {
    "id" : "1b261cd9d3a54a9a8398fd2449578d66",
    "name" : null,
    "component" : null,
    "settings" : null,
    "cols" : 4,
    "rows" : 4,
    "x" : 5,
    "y" : 0
  } ],
  "_id" : "sp:dashboardmodel:GVOUkW",
  "_rev" : null
}