{
  "sepas" : [ {
    "@class" : "org.apache.streampipes.model.graph.DataProcessorInvocation",
    "elementId" : "sp:dataprocessorinvocation:aOMMgg:vGNyZ",
    "dom" : "jsplumb_1_AoE9",
    "connectedTo" : [ "jsplumb_0_nDh2" ],
    "name" : "Numerical Filter",
    "description" : "Numerical Filter Description",
    "iconUrl" : null,
    "appId" : "org.apache.streampipes.processors.filters.jvm.numericalfilter",
    "includesAssets" : true,
    "includesLocales" : false,
    "includedAssets" : [ "documentation.md", "icon.png" ],
    "includedLocales" : [ ],
    "internallyManaged" : false,
    "inputStreams" : [ {
      "@class" : "org.apache.streampipes.model.SpDataStream",
      "elementId" : "urn:streampipes.apache.org:eventstream:wMDbfy",
      "dom" : null,
      "connectedTo" : null,
      "name" : null,
      "description" : null,
      "iconUrl" : null,
      "appId" : null,
      "includesAssets" : false,
      "includesLocales" : false,
      "includedAssets" : [ ],
      "includedLocales" : [ ],
      "internallyManaged" : false,
      "eventGrounding" : {
        "transportProtocols" : [ {
          "@class" : "org.apache.streampipes.model.grounding.KafkaTransportProtocol",
          "elementId" : "sp:transportprotocol:aaQXZU",
          "brokerHostname" : "kafka",
          "topicDefinition" : {
            "@class" : "org.apache.streampipes.model.grounding.SimpleTopicDefinition",
            "actualTopicName" : "org.apache.streampipes.examples.flowrate-1"
          },
          "zookeeperHost" : "kafka",
          "zookeeperPort" : 9092,
          "kafkaPort" : 9092,
          "lingerMs" : null,
          "messageMaxBytes" : null,
          "maxRequestSize" : null,
          "acks" : null,
          "batchSize" : null,
          "offset" : null,
          "groupId" : "Test176cdcc9a908e06e8425efe48e666213c"
        } ],
        "transportFormats" : [ {
          "rdfType" : [ "http://sepa.event-processing.org/sepa#json" ]
        } ]
      },
      "eventSchema" : {
        "eventProperties" : [ {
          "@class" : "org.apache.streampipes.model.schema.EventPropertyPrimitive",
          "elementId" : "sp:eventproperty:IVIvmU",
          "label" : "Timestamp",
          "description" : "The current timestamp value",
          "runtimeName" : "timestamp",
          "required" : false,
          "domainProperties" : [ "http://schema.org/DateTime" ],
          "propertyScope" : "HEADER_PROPERTY",
          "index" : 0,
          "runtimeId" : null,
          "runtimeType" : "http://www.w3.org/2001/XMLSchema#long",
          "measurementUnit" : null,
          "valueSpecification" : null
        }, {
          "@class" : "org.apache.streampipes.model.schema.EventPropertyPrimitive",
          "elementId" : "sp:eventproperty:rIyfEM",
          "label" : "Sensor ID",
          "description" : "The ID of the sensor",
          "runtimeName" : "sensorId",
          "required" : false,
          "domainProperties" : [ "https://streampipes.org/vocabulary/examples/watertank/v1/hasSensorId" ],
          "propertyScope" : "DIMENSION_PROPERTY",
          "index" : 1,
          "runtimeId" : null,
          "runtimeType" : "http://www.w3.org/2001/XMLSchema#string",
          "measurementUnit" : null,
          "valueSpecification" : null
        }, {
          "@class" : "org.apache.streampipes.model.schema.EventPropertyPrimitive",
          "elementId" : "sp:eventproperty:ggVYhR",
          "label" : "Mass Flow",
          "description" : "Denotes the current mass flow in the sensor",
          "runtimeName" : "mass_flow",
          "required" : false,
          "domainProperties" : [ "http://schema.org/Number" ],
          "propertyScope" : "MEASUREMENT_PROPERTY",
          "index" : 2,
          "runtimeId" : null,
          "runtimeType" : "http://www.w3.org/2001/XMLSchema#float",
          "measurementUnit" : null,
          "valueSpecification" : null
        }, {
          "@class" : "org.apache.streampipes.model.schema.EventPropertyPrimitive",
          "elementId" : "sp:eventproperty:TJSspS",
          "label" : "Temperature",
          "description" : "Denotes the current temperature in degrees celsius",
          "runtimeName" : "temperature",
          "required" : false,
          "domainProperties" : [ "http://schema.org/Number" ],
          "propertyScope" : "MEASUREMENT_PROPERTY",
          "index" : 3,
          "runtimeId" : null,
          "runtimeType" : "http://www.w3.org/2001/XMLSchema#float",
          "measurementUnit" : "http://codes.wmo.int/common/unit/degC",
          "valueSpecification" : {
            "@class" : "org.apache.streampipes.model.schema.QuantitativeValue",
            "minValue" : 0.0,
            "maxValue" : 100.0,
            "step" : 0.1
          }
        } ]
      },
      "category" : null,
      "index" : 0,
      "correspondingAdapterId" : null,
      "uri" : "urn:streampipes.apache.org:eventstream:wMDbfy",
      "_rev" : null
    } ],
    "staticProperties" : [ {
      "@class" : "org.apache.streampipes.model.staticproperty.MappingPropertyUnary",
      "valueRequired" : false,
      "staticPropertyType" : "MappingPropertyUnary",
      "index" : 0,
      "label" : "Field",
      "description" : "Specifies the field name where the filter operation should be applied on.",
      "internalName" : "number-mapping",
      "predefined" : false,
      "requirementSelector" : "r0::number-mapping",
      "mapsFromOptions" : [ "s0::timestamp", "s0::mass_flow", "s0::temperature" ],
      "propertyScope" : "NONE",
      "selectedProperty" : "s0::mass_flow"
    }, {
      "@class" : "org.apache.streampipes.model.staticproperty.OneOfStaticProperty",
      "valueRequired" : false,
      "staticPropertyType" : "OneOfStaticProperty",
      "index" : 1,
      "label" : "Filter Operation",
      "description" : "Specifies the filter operation that should be applied on the field",
      "internalName" : "operation",
      "predefined" : false,
      "options" : [ {
        "elementId" : "sp:option:VAmpCH",
        "name" : "<",
        "selected" : false,
        "internalName" : null
      }, {
        "elementId" : "sp:option:kcVSYf",
        "name" : "<=",
        "selected" : false,
        "internalName" : null
      }, {
        "elementId" : "sp:option:jDGXqm",
        "name" : ">",
        "selected" : true,
        "internalName" : null
      }, {
        "elementId" : "sp:option:EhcSrt",
        "name" : ">=",
        "selected" : false,
        "internalName" : null
      }, {
        "elementId" : "sp:option:beKkDp",
        "name" : "==",
        "selected" : false,
        "internalName" : null
      }, {
        "elementId" : "sp:option:PbZeRB",
        "name" : "!=",
        "selected" : false,
        "internalName" : null
      } ],
      "horizontalRendering" : false
    }, {
      "@class" : "org.apache.streampipes.model.staticproperty.FreeTextStaticProperty",
      "valueRequired" : false,
      "staticPropertyType" : "FreeTextStaticProperty",
      "index" : 2,
      "label" : "Threshold value",
      "description" : "Specifies a threshold value",
      "internalName" : "value",
      "predefined" : false,
      "value" : "2",
      "requiredDatatype" : null,
      "requiredDomainProperty" : "http://www.w3.org/2001/XMLSchema#double",
      "mapsTo" : null,
      "multiLine" : false,
      "htmlAllowed" : false,
      "htmlFontFormat" : false,
      "placeholdersSupported" : false,
      "valueSpecification" : null
    } ],
    "belongsTo" : "sp:org.apache.streampipes.processors.filters.jvm.numericalfilter",
    "statusInfoSettings" : null,
    "supportedGrounding" : {
      "transportProtocols" : [ {
        "@class" : "org.apache.streampipes.model.grounding.MqttTransportProtocol",
        "elementId" : "sp:transportprotocol:PzSHfh",
        "brokerHostname" : null,
        "topicDefinition" : null,
        "port" : 0
      }, {
        "@class" : "org.apache.streampipes.model.grounding.NatsTransportProtocol",
        "elementId" : "sp:transportprotocol:tlCzfb",
        "brokerHostname" : null,
        "topicDefinition" : null,
        "port" : 0
      }, {
        "@class" : "org.apache.streampipes.model.grounding.JmsTransportProtocol",
        "elementId" : "sp:transportprotocol:HVUMjt",
        "brokerHostname" : null,
        "topicDefinition" : null,
        "port" : 0
      }, {
        "@class" : "org.apache.streampipes.model.grounding.KafkaTransportProtocol",
        "elementId" : "sp:transportprotocol:WklSkW",
        "brokerHostname" : null,
        "topicDefinition" : null,
        "zookeeperHost" : null,
        "zookeeperPort" : 0,
        "kafkaPort" : 0,
        "lingerMs" : null,
        "messageMaxBytes" : null,
        "maxRequestSize" : null,
        "acks" : null,
        "batchSize" : null,
        "offset" : null,
        "groupId" : null
      } ],
      "transportFormats" : [ {
        "rdfType" : [ "http://sepa.event-processing.org/sepa#json" ]
      }, {
        "rdfType" : [ "http://sepa.event-processing.org/sepa#smile" ]
      }, {
        "rdfType" : [ "http://sepa.event-processing.org/sepa#fst" ]
      }, {
        "rdfType" : [ "http://sepa.event-processing.org/sepa#cbor" ]
      } ]
    },
    "correspondingPipeline" : "6030c01af0644f169b9a03027d80dae1",
    "correspondingUser" : "7414d58ec42444bda9059792163c902f",
    "streamRequirements" : [ {
      "@class" : "org.apache.streampipes.model.SpDataStream",
      "elementId" : "urn:streampipes.apache.org:eventstream:wMDbfy",
      "dom" : null,
      "connectedTo" : null,
      "name" : null,
      "description" : null,
      "iconUrl" : null,
      "appId" : null,
      "includesAssets" : false,
      "includesLocales" : false,
      "includedAssets" : [ ],
      "includedLocales" : [ ],
      "internallyManaged" : false,
      "eventGrounding" : null,
      "eventSchema" : {
        "eventProperties" : [ {
          "@class" : "org.apache.streampipes.model.schema.EventPropertyPrimitive",
          "elementId" : "sp:eventproperty:VPEXYg",
          "label" : null,
          "description" : null,
          "runtimeName" : "number-mapping",
          "required" : false,
          "domainProperties" : [ ],
          "propertyScope" : null,
          "index" : 0,
          "runtimeId" : null,
          "runtimeType" : "http://schema.org/Number",
          "measurementUnit" : null,
          "valueSpecification" : null
        } ]
      },
      "category" : null,
      "index" : 0,
      "correspondingAdapterId" : null,
      "uri" : "urn:streampipes.apache.org:eventstream:wMDbfy",
      "_rev" : null
    } ],
    "configured" : true,
    "uncompleted" : false,
    "selectedEndpointUrl" : null,
    "outputStream" : {
      "@class" : "org.apache.streampipes.model.SpDataStream",
      "elementId" : "urn:streampipes.apache.org:eventstream:KvZyMU",
      "dom" : null,
      "connectedTo" : null,
      "name" : null,
      "description" : null,
      "iconUrl" : null,
      "appId" : null,
      "includesAssets" : false,
      "includesLocales" : false,
      "includedAssets" : [ ],
      "includedLocales" : [ ],
      "internallyManaged" : false,
      "eventGrounding" : {
        "transportProtocols" : [ {
          "@class" : "org.apache.streampipes.model.grounding.KafkaTransportProtocol",
          "elementId" : "sp:transportprotocol:ddYxSK",
          "brokerHostname" : "kafka",
          "topicDefinition" : {
            "@class" : "org.apache.streampipes.model.grounding.SimpleTopicDefinition",
            "actualTopicName" : "org-apache-streampipes-internal-zwuzaDojZMTpVbB"
          },
          "zookeeperHost" : "zookeeper",
          "zookeeperPort" : 2181,
          "kafkaPort" : 9092,
          "lingerMs" : null,
          "messageMaxBytes" : null,
          "maxRequestSize" : null,
          "acks" : null,
          "batchSize" : null,
          "offset" : null,
          "groupId" : null
        } ],
        "transportFormats" : [ {
          "rdfType" : [ "http://sepa.event-processing.org/sepa#json" ]
        } ]
      },
      "eventSchema" : {
        "eventProperties" : [ {
          "@class" : "org.apache.streampipes.model.schema.EventPropertyPrimitive",
          "elementId" : "sp:eventproperty:IVIvmU",
          "label" : "Timestamp",
          "description" : "The current timestamp value",
          "runtimeName" : "timestamp",
          "required" : false,
          "domainProperties" : [ "http://schema.org/DateTime" ],
          "propertyScope" : "HEADER_PROPERTY",
          "index" : 0,
          "runtimeId" : null,
          "runtimeType" : "http://www.w3.org/2001/XMLSchema#long",
          "measurementUnit" : null,
          "valueSpecification" : null
        }, {
          "@class" : "org.apache.streampipes.model.schema.EventPropertyPrimitive",
          "elementId" : "sp:eventproperty:rIyfEM",
          "label" : "Sensor ID",
          "description" : "The ID of the sensor",
          "runtimeName" : "sensorId",
          "required" : false,
          "domainProperties" : [ "https://streampipes.org/vocabulary/examples/watertank/v1/hasSensorId" ],
          "propertyScope" : "DIMENSION_PROPERTY",
          "index" : 1,
          "runtimeId" : null,
          "runtimeType" : "http://www.w3.org/2001/XMLSchema#string",
          "measurementUnit" : null,
          "valueSpecification" : null
        }, {
          "@class" : "org.apache.streampipes.model.schema.EventPropertyPrimitive",
          "elementId" : "sp:eventproperty:ggVYhR",
          "label" : "Mass Flow",
          "description" : "Denotes the current mass flow in the sensor",
          "runtimeName" : "mass_flow",
          "required" : false,
          "domainProperties" : [ "http://schema.org/Number" ],
          "propertyScope" : "MEASUREMENT_PROPERTY",
          "index" : 2,
          "runtimeId" : null,
          "runtimeType" : "http://www.w3.org/2001/XMLSchema#float",
          "measurementUnit" : null,
          "valueSpecification" : null
        }, {
          "@class" : "org.apache.streampipes.model.schema.EventPropertyPrimitive",
          "elementId" : "sp:eventproperty:TJSspS",
          "label" : "Temperature",
          "description" : "Denotes the current temperature in degrees celsius",
          "runtimeName" : "temperature",
          "required" : false,
          "domainProperties" : [ "http://schema.org/Number" ],
          "propertyScope" : "MEASUREMENT_PROPERTY",
          "index" : 3,
          "runtimeId" : null,
          "runtimeType" : "http://www.w3.org/2001/XMLSchema#float",
          "measurementUnit" : "http://codes.wmo.int/common/unit/degC",
          "valueSpecification" : {
            "@class" : "org.apache.streampipes.model.schema.QuantitativeValue",
            "minValue" : 0.0,
            "maxValue" : 100.0,
            "step" : 0.1
          }
        } ]
      },
      "category" : null,
      "index" : 0,
      "correspondingAdapterId" : null,
      "uri" : "urn:streampipes.apache.org:eventstream:KvZyMU",
      "_rev" : null
    },
    "outputStrategies" : [ {
      "@class" : "org.apache.streampipes.model.output.KeepOutputStrategy",
      "name" : null,
      "renameRules" : [ ],
      "eventName" : null,
      "keepBoth" : false
    } ],
    "pathName" : null,
    "category" : [ "FILTER" ],
    "uri" : "sp:dataprocessorinvocation:aOMMgg:vGNyZ",
    "_rev" : null
  } ],
  "streams" : [ {
    "@class" : "org.apache.streampipes.model.SpDataStream",
    "elementId" : "sp:org.apache.streampipes.sources.simulator.flowrate1",
    "dom" : "jsplumb_0_nDh2",
    "connectedTo" : null,
    "name" : "Flow Rate 1",
    "description" : "Simulates a water flow rate sensor",
    "iconUrl" : null,
    "appId" : "org.apache.streampipes.sources.simulator.flowrate1",
    "includesAssets" : true,
    "includesLocales" : true,
    "includedAssets" : [ "documentation.md", "icon.png" ],
    "includedLocales" : [ "strings.en" ],
    "internallyManaged" : false,
    "eventGrounding" : {
      "transportProtocols" : [ {
        "@class" : "org.apache.streampipes.model.grounding.KafkaTransportProtocol",
        "elementId" : "sp:transportprotocol:aaQXZU",
        "brokerHostname" : "kafka",
        "topicDefinition" : {
          "@class" : "org.apache.streampipes.model.grounding.SimpleTopicDefinition",
          "actualTopicName" : "org.apache.streampipes.examples.flowrate-1"
        },
        "zookeeperHost" : "kafka",
        "zookeeperPort" : 9092,
        "kafkaPort" : 9092,
        "lingerMs" : null,
        "messageMaxBytes" : null,
        "maxRequestSize" : null,
        "acks" : null,
        "batchSize" : null,
        "offset" : null,
        "groupId" : null
      } ],
      "transportFormats" : [ {
        "rdfType" : [ "http://sepa.event-processing.org/sepa#json" ]
      } ]
    },
    "eventSchema" : {
      "eventProperties" : [ {
        "@class" : "org.apache.streampipes.model.schema.EventPropertyPrimitive",
        "elementId" : "sp:eventproperty:IVIvmU",
        "label" : "Timestamp",
        "description" : "The current timestamp value",
        "runtimeName" : "timestamp",
        "required" : false,
        "domainProperties" : [ "http://schema.org/DateTime" ],
        "propertyScope" : "HEADER_PROPERTY",
        "index" : 0,
        "runtimeId" : null,
        "runtimeType" : "http://www.w3.org/2001/XMLSchema#long",
        "measurementUnit" : null,
        "valueSpecification" : null
      }, {
        "@class" : "org.apache.streampipes.model.schema.EventPropertyPrimitive",
        "elementId" : "sp:eventproperty:rIyfEM",
        "label" : "Sensor ID",
        "description" : "The ID of the sensor",
        "runtimeName" : "sensorId",
        "required" : false,
        "domainProperties" : [ "https://streampipes.org/vocabulary/examples/watertank/v1/hasSensorId" ],
        "propertyScope" : "DIMENSION_PROPERTY",
        "index" : 1,
        "runtimeId" : null,
        "runtimeType" : "http://www.w3.org/2001/XMLSchema#string",
        "measurementUnit" : null,
        "valueSpecification" : null
      }, {
        "@class" : "org.apache.streampipes.model.schema.EventPropertyPrimitive",
        "elementId" : "sp:eventproperty:ggVYhR",
        "label" : "Mass Flow",
        "description" : "Denotes the current mass flow in the sensor",
        "runtimeName" : "mass_flow",
        "required" : false,
        "domainProperties" : [ "http://schema.org/Number" ],
        "propertyScope" : "MEASUREMENT_PROPERTY",
        "index" : 2,
        "runtimeId" : null,
        "runtimeType" : "http://www.w3.org/2001/XMLSchema#float",
        "measurementUnit" : null,
        "valueSpecification" : null
      }, {
        "@class" : "org.apache.streampipes.model.schema.EventPropertyPrimitive",
        "elementId" : "sp:eventproperty:TJSspS",
        "label" : "Temperature",
        "description" : "Denotes the current temperature in degrees celsius",
        "runtimeName" : "temperature",
        "required" : false,
        "domainProperties" : [ "http://schema.org/Number" ],
        "propertyScope" : "MEASUREMENT_PROPERTY",
        "index" : 3,
        "runtimeId" : null,
        "runtimeType" : "http://www.w3.org/2001/XMLSchema#float",
        "measurementUnit" : "http://codes.wmo.int/common/unit/degC",
        "valueSpecification" : {
          "@class" : "org.apache.streampipes.model.schema.QuantitativeValue",
          "minValue" : 0.0,
          "maxValue" : 100.0,
          "step" : 0.1
        }
      } ]
    },
    "category" : null,
    "index" : 0,
    "correspondingAdapterId" : null,
    "uri" : "sp:org.apache.streampipes.sources.simulator.flowrate1",
    "_rev" : "1-81394abde04c6c3c122e7a7f19882db8"
  } ],
  "name" : "Test1",
  "description" : "Flow Rate",
  "actions" : [ {
    "@class" : "org.apache.streampipes.model.graph.DataSinkInvocation",
    "elementId" : "sp:datasinkinvocation:tIXegO:ilZ2q",
    "dom" : "jsplumb_5_xuOz",
    "connectedTo" : [ "jsplumb_1_AoE9" ],
    "name" : "Data Lake",
    "description" : "Stores events in the internal data lake.",
    "iconUrl" : null,
    "appId" : "org.apache.streampipes.sinks.internal.jvm.datalake",
    "includesAssets" : true,
    "includesLocales" : false,
    "includedAssets" : [ "documentation.md", "icon.png" ],
    "includedLocales" : [ ],
    "internallyManaged" : false,
    "inputStreams" : [ {
      "@class" : "org.apache.streampipes.model.SpDataStream",
      "elementId" : "urn:streampipes.apache.org:eventstream:nTCFPG",
      "dom" : null,
      "connectedTo" : null,
      "name" : null,
      "description" : null,
      "iconUrl" : null,
      "appId" : null,
      "includesAssets" : false,
      "includesLocales" : false,
      "includedAssets" : [ ],
      "includedLocales" : [ ],
      "internallyManaged" : false,
      "eventGrounding" : {
        "transportProtocols" : [ {
          "@class" : "org.apache.streampipes.model.grounding.KafkaTransportProtocol",
          "elementId" : "sp:transportprotocol:tgxXlc",
          "brokerHostname" : "kafka",
          "topicDefinition" : {
            "@class" : "org.apache.streampipes.model.grounding.SimpleTopicDefinition",
            "actualTopicName" : "org-apache-streampipes-internal-zwuzaDojZMTpVbB"
          },
          "zookeeperHost" : "zookeeper",
          "zookeeperPort" : 2181,
          "kafkaPort" : 9092,
          "lingerMs" : null,
          "messageMaxBytes" : null,
          "maxRequestSize" : null,
          "acks" : null,
          "batchSize" : null,
          "offset" : null,
          "groupId" : "Test19aed779ab0a29663c706cfd40bb58dcd"
        } ],
        "transportFormats" : [ {
          "rdfType" : [ "http://sepa.event-processing.org/sepa#json" ]
        } ]
      },
      "eventSchema" : {
        "eventProperties" : [ {
          "@class" : "org.apache.streampipes.model.schema.EventPropertyPrimitive",
          "elementId" : "sp:eventproperty:IVIvmU",
          "label" : "Timestamp",
          "description" : "The current timestamp value",
          "runtimeName" : "timestamp",
          "required" : false,
          "domainProperties" : [ "http://schema.org/DateTime" ],
          "propertyScope" : "HEADER_PROPERTY",
          "index" : 0,
          "runtimeId" : null,
          "runtimeType" : "http://www.w3.org/2001/XMLSchema#long",
          "measurementUnit" : null,
          "valueSpecification" : null
        }, {
          "@class" : "org.apache.streampipes.model.schema.EventPropertyPrimitive",
          "elementId" : "sp:eventproperty:rIyfEM",
          "label" : "Sensor ID",
          "description" : "The ID of the sensor",
          "runtimeName" : "sensorId",
          "required" : false,
          "domainProperties" : [ "https://streampipes.org/vocabulary/examples/watertank/v1/hasSensorId" ],
          "propertyScope" : "DIMENSION_PROPERTY",
          "index" : 1,
          "runtimeId" : null,
          "runtimeType" : "http://www.w3.org/2001/XMLSchema#string",
          "measurementUnit" : null,
          "valueSpecification" : null
        }, {
          "@class" : "org.apache.streampipes.model.schema.EventPropertyPrimitive",
          "elementId" : "sp:eventproperty:ggVYhR",
          "label" : "Mass Flow",
          "description" : "Denotes the current mass flow in the sensor",
          "runtimeName" : "mass_flow",
          "required" : false,
          "domainProperties" : [ "http://schema.org/Number" ],
          "propertyScope" : "MEASUREMENT_PROPERTY",
          "index" : 2,
          "runtimeId" : null,
          "runtimeType" : "http://www.w3.org/2001/XMLSchema#float",
          "measurementUnit" : null,
          "valueSpecification" : null
        }, {
          "@class" : "org.apache.streampipes.model.schema.EventPropertyPrimitive",
          "elementId" : "sp:eventproperty:TJSspS",
          "label" : "Temperature",
          "description" : "Denotes the current temperature in degrees celsius",
          "runtimeName" : "temperature",
          "required" : false,
          "domainProperties" : [ "http://schema.org/Number" ],
          "propertyScope" : "MEASUREMENT_PROPERTY",
          "index" : 3,
          "runtimeId" : null,
          "runtimeType" : "http://www.w3.org/2001/XMLSchema#float",
          "measurementUnit" : "http://codes.wmo.int/common/unit/degC",
          "valueSpecification" : {
            "@class" : "org.apache.streampipes.model.schema.QuantitativeValue",
            "minValue" : 0.0,
            "maxValue" : 100.0,
            "step" : 0.1
          }
        } ]
      },
      "category" : null,
      "index" : 0,
      "correspondingAdapterId" : null,
      "uri" : "urn:streampipes.apache.org:eventstream:nTCFPG",
      "_rev" : null
    } ],
    "staticProperties" : [ {
      "@class" : "org.apache.streampipes.model.staticproperty.MappingPropertyUnary",
      "valueRequired" : false,
      "staticPropertyType" : "MappingPropertyUnary",
      "index" : 0,
      "label" : "Timestamp Field",
      "description" : "The value which contains a timestamp",
      "internalName" : "timestamp_mapping",
      "predefined" : false,
      "requirementSelector" : "r0::timestamp_mapping",
      "mapsFromOptions" : [ "s0::timestamp" ],
      "propertyScope" : "NONE",
      "selectedProperty" : "s0::timestamp"
    }, {
      "@class" : "org.apache.streampipes.model.staticproperty.FreeTextStaticProperty",
      "valueRequired" : false,
      "staticPropertyType" : "FreeTextStaticProperty",
      "index" : 1,
      "label" : "Identifier",
      "description" : "The name of the identifier under which the data is to be stored.",
      "internalName" : "db_measurement",
      "predefined" : false,
      "value" : "Tutorial Test",
      "requiredDatatype" : null,
      "requiredDomainProperty" : "http://www.w3.org/2001/XMLSchema#string",
      "mapsTo" : null,
      "multiLine" : false,
      "htmlAllowed" : false,
      "htmlFontFormat" : false,
      "placeholdersSupported" : false,
      "valueSpecification" : null
    } ],
    "belongsTo" : "sp:org.apache.streampipes.sinks.internal.jvm.datalake",
    "statusInfoSettings" : null,
    "supportedGrounding" : {
      "transportProtocols" : [ {
        "@class" : "org.apache.streampipes.model.grounding.MqttTransportProtocol",
        "elementId" : "sp:transportprotocol:PzSHfh",
        "brokerHostname" : null,
        "topicDefinition" : null,
        "port" : 0
      }, {
        "@class" : "org.apache.streampipes.model.grounding.NatsTransportProtocol",
        "elementId" : "sp:transportprotocol:tlCzfb",
        "brokerHostname" : null,
        "topicDefinition" : null,
        "port" : 0
      }, {
        "@class" : "org.apache.streampipes.model.grounding.JmsTransportProtocol",
        "elementId" : "sp:transportprotocol:HVUMjt",
        "brokerHostname" : null,
        "topicDefinition" : null,
        "port" : 0
      }, {
        "@class" : "org.apache.streampipes.model.grounding.KafkaTransportProtocol",
        "elementId" : "sp:transportprotocol:WklSkW",
        "brokerHostname" : null,
        "topicDefinition" : null,
        "zookeeperHost" : null,
        "zookeeperPort" : 0,
        "kafkaPort" : 0,
        "lingerMs" : null,
        "messageMaxBytes" : null,
        "maxRequestSize" : null,
        "acks" : null,
        "batchSize" : null,
        "offset" : null,
        "groupId" : null
      } ],
      "transportFormats" : [ {
        "rdfType" : [ "http://sepa.event-processing.org/sepa#json" ]
      }, {
        "rdfType" : [ "http://sepa.event-processing.org/sepa#smile" ]
      }, {
        "rdfType" : [ "http://sepa.event-processing.org/sepa#fst" ]
      }, {
        "rdfType" : [ "http://sepa.event-processing.org/sepa#cbor" ]
      } ]
    },
    "correspondingPipeline" : "6030c01af0644f169b9a03027d80dae1",
    "correspondingUser" : "7414d58ec42444bda9059792163c902f",
    "streamRequirements" : [ {
      "@class" : "org.apache.streampipes.model.SpDataStream",
      "elementId" : "urn:streampipes.apache.org:eventstream:nTCFPG",
      "dom" : null,
      "connectedTo" : null,
      "name" : null,
      "description" : null,
      "iconUrl" : null,
      "appId" : null,
      "includesAssets" : false,
      "includesLocales" : false,
      "includedAssets" : [ ],
      "includedLocales" : [ ],
      "internallyManaged" : false,
      "eventGrounding" : null,
      "eventSchema" : {
        "eventProperties" : [ {
          "@class" : "org.apache.streampipes.model.schema.EventPropertyPrimitive",
          "elementId" : "sp:eventproperty:yVnfgl",
          "label" : null,
          "description" : null,
          "runtimeName" : "timestamp_mapping",
          "required" : false,
          "domainProperties" : [ "http://schema.org/DateTime" ],
          "propertyScope" : null,
          "index" : 0,
          "runtimeId" : null,
          "runtimeType" : null,
          "measurementUnit" : null,
          "valueSpecification" : null
        } ]
      },
      "category" : null,
      "index" : 0,
      "correspondingAdapterId" : null,
      "uri" : "urn:streampipes.apache.org:eventstream:nTCFPG",
      "_rev" : null
    } ],
    "configured" : true,
    "uncompleted" : false,
    "selectedEndpointUrl" : null,
    "category" : [ "INTERNAL" ],
    "uri" : "sp:datasinkinvocation:tIXegO:ilZ2q",
    "_rev" : null
  } ],
  "running" : false,
  "restartOnSystemReboot" : false,
  "startedAt" : 1693298203137,
  "createdAt" : 1693298006919,
  "publicElement" : false,
  "createdByUser" : "7414d58ec42444bda9059792163c902f",
  "pipelineCategories" : [ ],
  "pipelineNotifications" : [ ],
  "healthStatus" : "OK",
  "_id" : "6030c01af0644f169b9a03027d80dae1",
  "_rev" : null
}