{"_id":"qqoKCAspZqUBiQDtaHAlupli","assetName":"Defalut Asset","assetDescription":"","assetLinks":[],"assetId":"QGLLvI","appDocType":"asset-management","removable":true,"assets":[{"assetId":"auvo8tet","assetName":"New Asset","assetDescription":"","assetLinks":[{"linkLabel":"Tutorial","linkType":"dashboard","editingDisabled":false,"queryHint":"dashboard","navigationActive":true,"resourceId":"sp:dashboardmodel:fBvspS"},{"linkLabel":"Tutorial Test","linkType":"measurement","editingDisabled":false,"queryHint":"measurement","navigationActive":false,"resourceId":"e0f5a9ec41e648e6a5d57c074e290275"},{"linkLabel":"Flow Rate 1","linkType":"data-source","editingDisabled":false,"queryHint":"data-source","navigationActive":false,"resourceId":"sp:org.apache.streampipes.sources.simulator.flowrate1"},{"linkLabel":"Test1","linkType":"pipeline","editingDisabled":false,"queryHint":"pipeline","navigationActive":true,"resourceId":"6030c01af0644f169b9a03027d80dae1"}],"assets":[]}]}