{
  "id" : null,
  "name" : "Tutorial",
  "description" : "Flow Rate",
  "displayHeader" : true,
  "dashboardTimeSettings" : { },
  "dashboardGeneralSettings" : {
    "globalRefresh" : true,
    "refreshIntervalInSeconds" : "3"
  },
  "widgets" : [ {
    "id" : "60f794bf9317454484e58d20b3a58ab2",
    "name" : null,
    "component" : null,
    "settings" : null,
    "cols" : 6,
    "rows" : 7,
    "x" : 0,
    "y" : 0
  }, {
    "id" : "5e5091ddebb74119a50cd1b7fdf009be",
    "name" : null,
    "component" : null,
    "settings" : null,
    "cols" : 6,
    "rows" : 7,
    "x" : 6,
    "y" : 0
  } ],
  "_id" : "sp:dashboardmodel:fBvspS",
  "_rev" : null
}