{
  "widgetId" : null,
  "widgetType" : "status",
  "dashboardWidgetSettings" : {
    "widgetLabel" : "Status",
    "widgetName" : "status",
    "config" : [ {
      "@class" : "org.apache.streampipes.model.staticproperty.FreeTextStaticProperty",
      "valueRequired" : false,
      "staticPropertyType" : "FreeTextStaticProperty",
      "index" : 0,
      "label" : "Widget title",
      "description" : "The title of the widget",
      "internalName" : "spi-title-key",
      "predefined" : false,
      "value" : "Default_Dashboard2",
      "requiredDatatype" : "http://www.w3.org/2001/XMLSchema#string",
      "requiredDomainProperty" : null,
      "mapsTo" : null,
      "multiLine" : false,
      "htmlAllowed" : false,
      "htmlFontFormat" : false,
      "placeholdersSupported" : false,
      "valueSpecification" : null
    }, {
      "@class" : "org.apache.streampipes.model.staticproperty.ColorPickerStaticProperty",
      "valueRequired" : false,
      "staticPropertyType" : "ColorPickerStaticProperty",
      "index" : 1,
      "label" : "Background color",
      "description" : "The background color",
      "internalName" : "spi-background-color-key",
      "predefined" : false,
      "selectedColor" : "#1B1464"
    }, {
      "@class" : "org.apache.streampipes.model.staticproperty.ColorPickerStaticProperty",
      "valueRequired" : false,
      "staticPropertyType" : "ColorPickerStaticProperty",
      "index" : 2,
      "label" : "Primary text color",
      "description" : "The primary text color",
      "internalName" : "spi-primary-text-color-key",
      "predefined" : false,
      "selectedColor" : "#FFFFFF"
    }, {
      "@class" : "org.apache.streampipes.model.staticproperty.ColorPickerStaticProperty",
      "valueRequired" : false,
      "staticPropertyType" : "ColorPickerStaticProperty",
      "index" : 3,
      "label" : "Secondary text color",
      "description" : "The secondary text color",
      "internalName" : "spi-secondary-text-color-key",
      "predefined" : false,
      "selectedColor" : "#39B54A"
    }, {
      "@class" : "org.apache.streampipes.model.staticproperty.FreeTextStaticProperty",
      "valueRequired" : false,
      "staticPropertyType" : "FreeTextStaticProperty",
      "index" : 4,
      "label" : "Refresh interval [seconds]",
      "description" : "The interval in seconds in which new data should be fetched",
      "internalName" : "spi-refresh-interval-key",
      "predefined" : false,
      "value" : "5",
      "requiredDatatype" : "http://www.w3.org/2001/XMLSchema#integer",
      "requiredDomainProperty" : null,
      "mapsTo" : null,
      "multiLine" : false,
      "htmlAllowed" : false,
      "htmlFontFormat" : false,
      "placeholdersSupported" : false,
      "valueSpecification" : null
    }, {
      "@class" : "org.apache.streampipes.model.staticproperty.FreeTextStaticProperty",
      "valueRequired" : false,
      "staticPropertyType" : "FreeTextStaticProperty",
      "index" : 5,
      "label" : "Interval [sec]",
      "description" : "Interval in seconds in which an event must arrive",
      "internalName" : "interval-key",
      "predefined" : false,
      "value" : "1",
      "requiredDatatype" : "http://www.w3.org/2001/XMLSchema#integer",
      "requiredDomainProperty" : null,
      "mapsTo" : null,
      "multiLine" : false,
      "htmlAllowed" : false,
      "htmlFontFormat" : false,
      "placeholdersSupported" : false,
      "valueSpecification" : null
    } ],
    "requiredSchema" : {
      "eventProperties" : [ ]
    },
    "widgetIconName" : "fas fa-lightbulb",
    "widgetDescription" : "Status light"
  },
  "pipelineId" : "6030c01af0644f169b9a03027d80dae1",
  "visualizationName" : "Tutorial Test",
  "_id" : "1b261cd9d3a54a9a8398fd2449578d66",
  "_rev" : null
}