{
  "sepas" : [ {
    "@class" : "org.apache.streampipes.model.graph.DataProcessorInvocation",
    "elementId" : "sp:dataprocessorinvocation:YMERIs:yVGuX",
    "dom" : "jsplumb_0_plkK",
    "connectedTo" : [ "jsplumb_1_gw8I" ],
    "name" : "Trend",
    "description" : "Detects the increase of a numerical field over a customizable time window. Example: A temperature value increases by 10 percent within 5 minutes.",
    "iconUrl" : null,
    "appId" : "org.apache.streampipes.processors.siddhi.increase",
    "includesAssets" : true,
    "includesLocales" : false,
    "includedAssets" : [ "documentation.md", "icon.png" ],
    "includedLocales" : [ ],
    "internallyManaged" : false,
    "inputStreams" : [ {
      "@class" : "org.apache.streampipes.model.SpDataStream",
      "elementId" : "urn:streampipes.apache.org:eventstream:mWxguy",
      "dom" : null,
      "connectedTo" : null,
      "name" : null,
      "description" : null,
      "iconUrl" : null,
      "appId" : null,
      "includesAssets" : false,
      "includesLocales" : false,
      "includedAssets" : [ ],
      "includedLocales" : [ ],
      "internallyManaged" : false,
      "eventGrounding" : {
        "transportProtocols" : [ {
          "@class" : "org.apache.streampipes.model.grounding.KafkaTransportProtocol",
          "elementId" : "sp:transportprotocol:XCHdkC",
          "brokerHostname" : "kafka",
          "topicDefinition" : {
            "@class" : "org.apache.streampipes.model.grounding.SimpleTopicDefinition",
            "actualTopicName" : "org.apache.streampipes.examples.flowrate-1"
          },
          "zookeeperHost" : "kafka",
          "zookeeperPort" : 9092,
          "kafkaPort" : 9092,
          "lingerMs" : null,
          "messageMaxBytes" : null,
          "maxRequestSize" : null,
          "acks" : null,
          "batchSize" : null,
          "offset" : null,
          "groupId" : "Default_Pipeline1322c5ce689aeb9d9ac1ddec2ead7f67d"
        } ],
        "transportFormats" : [ {
          "rdfType" : [ "http://sepa.event-processing.org/sepa#json" ]
        } ]
      },
      "eventSchema" : {
        "eventProperties" : [ {
          "@class" : "org.apache.streampipes.model.schema.EventPropertyPrimitive",
          "elementId" : "sp:eventproperty:IVIvmU",
          "label" : "Timestamp",
          "description" : "The current timestamp value",
          "runtimeName" : "timestamp",
          "required" : false,
          "domainProperties" : [ "http://schema.org/DateTime" ],
          "propertyScope" : "HEADER_PROPERTY",
          "index" : 0,
          "runtimeId" : null,
          "runtimeType" : "http://www.w3.org/2001/XMLSchema#long",
          "measurementUnit" : null,
          "valueSpecification" : null
        }, {
          "@class" : "org.apache.streampipes.model.schema.EventPropertyPrimitive",
          "elementId" : "sp:eventproperty:rIyfEM",
          "label" : "Sensor ID",
          "description" : "The ID of the sensor",
          "runtimeName" : "sensorId",
          "required" : false,
          "domainProperties" : [ "https://streampipes.org/vocabulary/examples/watertank/v1/hasSensorId" ],
          "propertyScope" : "DIMENSION_PROPERTY",
          "index" : 1,
          "runtimeId" : null,
          "runtimeType" : "http://www.w3.org/2001/XMLSchema#string",
          "measurementUnit" : null,
          "valueSpecification" : null
        }, {
          "@class" : "org.apache.streampipes.model.schema.EventPropertyPrimitive",
          "elementId" : "sp:eventproperty:ggVYhR",
          "label" : "Mass Flow",
          "description" : "Denotes the current mass flow in the sensor",
          "runtimeName" : "mass_flow",
          "required" : false,
          "domainProperties" : [ "http://schema.org/Number" ],
          "propertyScope" : "MEASUREMENT_PROPERTY",
          "index" : 2,
          "runtimeId" : null,
          "runtimeType" : "http://www.w3.org/2001/XMLSchema#float",
          "measurementUnit" : null,
          "valueSpecification" : null
        }, {
          "@class" : "org.apache.streampipes.model.schema.EventPropertyPrimitive",
          "elementId" : "sp:eventproperty:TJSspS",
          "label" : "Temperature",
          "description" : "Denotes the current temperature in degrees celsius",
          "runtimeName" : "temperature",
          "required" : false,
          "domainProperties" : [ "http://schema.org/Number" ],
          "propertyScope" : "MEASUREMENT_PROPERTY",
          "index" : 3,
          "runtimeId" : null,
          "runtimeType" : "http://www.w3.org/2001/XMLSchema#float",
          "measurementUnit" : "http://codes.wmo.int/common/unit/degC",
          "valueSpecification" : {
            "@class" : "org.apache.streampipes.model.schema.QuantitativeValue",
            "minValue" : 0.0,
            "maxValue" : 100.0,
            "step" : 0.1
          }
        } ]
      },
      "category" : null,
      "index" : 0,
      "correspondingAdapterId" : null,
      "uri" : "urn:streampipes.apache.org:eventstream:mWxguy",
      "_rev" : null
    } ],
    "staticProperties" : [ {
      "@class" : "org.apache.streampipes.model.staticproperty.MappingPropertyUnary",
      "valueRequired" : false,
      "staticPropertyType" : "MappingPropertyUnary",
      "index" : 0,
      "label" : "Value to Observe",
      "description" : "Specifies the value that should be monitored.",
      "internalName" : "mapping",
      "predefined" : false,
      "requirementSelector" : "r0::mapping",
      "mapsFromOptions" : [ "s0::timestamp", "s0::mass_flow", "s0::temperature" ],
      "propertyScope" : "MEASUREMENT_PROPERTY",
      "selectedProperty" : "s0::mass_flow"
    }, {
      "@class" : "org.apache.streampipes.model.staticproperty.OneOfStaticProperty",
      "valueRequired" : false,
      "staticPropertyType" : "OneOfStaticProperty",
      "index" : 1,
      "label" : "Increase/Decrease",
      "description" : "Specifies the type of operation the processor should perform.",
      "internalName" : "operation",
      "predefined" : false,
      "options" : [ {
        "elementId" : "sp:option:MPLnQU",
        "name" : "Increase",
        "selected" : true,
        "internalName" : null
      }, {
        "elementId" : "sp:option:gDlUgV",
        "name" : "Decrease",
        "selected" : false,
        "internalName" : null
      } ],
      "horizontalRendering" : false
    }, {
      "@class" : "org.apache.streampipes.model.staticproperty.FreeTextStaticProperty",
      "valueRequired" : false,
      "staticPropertyType" : "FreeTextStaticProperty",
      "index" : 2,
      "label" : "Percentage of Increase/Decrease",
      "description" : "Specifies the increase in percent (e.g., 100 indicates an increase by 100 percent within the specified time window.",
      "internalName" : "increase",
      "predefined" : false,
      "value" : "68",
      "requiredDatatype" : null,
      "requiredDomainProperty" : "http://www.w3.org/2001/XMLSchema#integer",
      "mapsTo" : null,
      "multiLine" : false,
      "htmlAllowed" : false,
      "htmlFontFormat" : false,
      "placeholdersSupported" : false,
      "valueSpecification" : {
        "minValue" : 0.0,
        "maxValue" : 500.0,
        "step" : 1.0
      }
    }, {
      "@class" : "org.apache.streampipes.model.staticproperty.FreeTextStaticProperty",
      "valueRequired" : false,
      "staticPropertyType" : "FreeTextStaticProperty",
      "index" : 3,
      "label" : "Time Window Length (Seconds)",
      "description" : "Specifies the size of the time window in seconds.",
      "internalName" : "duration",
      "predefined" : false,
      "value" : "60",
      "requiredDatatype" : null,
      "requiredDomainProperty" : "http://www.w3.org/2001/XMLSchema#integer",
      "mapsTo" : null,
      "multiLine" : false,
      "htmlAllowed" : false,
      "htmlFontFormat" : false,
      "placeholdersSupported" : false,
      "valueSpecification" : null
    } ],
    "belongsTo" : "sp:org.apache.streampipes.processors.siddhi.increase",
    "statusInfoSettings" : null,
    "supportedGrounding" : {
      "transportProtocols" : [ {
        "@class" : "org.apache.streampipes.model.grounding.MqttTransportProtocol",
        "elementId" : "sp:transportprotocol:AhTVQu",
        "brokerHostname" : null,
        "topicDefinition" : null,
        "port" : 0
      }, {
        "@class" : "org.apache.streampipes.model.grounding.NatsTransportProtocol",
        "elementId" : "sp:transportprotocol:iknPrH",
        "brokerHostname" : null,
        "topicDefinition" : null,
        "port" : 0
      }, {
        "@class" : "org.apache.streampipes.model.grounding.JmsTransportProtocol",
        "elementId" : "sp:transportprotocol:qzxDTS",
        "brokerHostname" : null,
        "topicDefinition" : null,
        "port" : 0
      }, {
        "@class" : "org.apache.streampipes.model.grounding.PulsarTransportProtocol",
        "elementId" : "sp:transportprotocol:cfipxa",
        "brokerHostname" : "pulsar://localhost:6650",
        "topicDefinition" : null
      }, {
        "@class" : "org.apache.streampipes.model.grounding.KafkaTransportProtocol",
        "elementId" : "sp:transportprotocol:VqTrks",
        "brokerHostname" : null,
        "topicDefinition" : null,
        "zookeeperHost" : null,
        "zookeeperPort" : 0,
        "kafkaPort" : 0,
        "lingerMs" : null,
        "messageMaxBytes" : null,
        "maxRequestSize" : null,
        "acks" : null,
        "batchSize" : null,
        "offset" : null,
        "groupId" : null
      } ],
      "transportFormats" : [ {
        "rdfType" : [ "http://sepa.event-processing.org/sepa#json" ]
      }, {
        "rdfType" : [ "http://sepa.event-processing.org/sepa#smile" ]
      }, {
        "rdfType" : [ "http://sepa.event-processing.org/sepa#fst" ]
      }, {
        "rdfType" : [ "http://sepa.event-processing.org/sepa#cbor" ]
      } ]
    },
    "correspondingPipeline" : "5cc88ed98bf24655aed85a7fb5281e09",
    "correspondingUser" : "7414d58ec42444bda9059792163c902f",
    "streamRequirements" : [ {
      "@class" : "org.apache.streampipes.model.SpDataStream",
      "elementId" : "urn:streampipes.apache.org:eventstream:mWxguy",
      "dom" : null,
      "connectedTo" : null,
      "name" : null,
      "description" : null,
      "iconUrl" : null,
      "appId" : null,
      "includesAssets" : false,
      "includesLocales" : false,
      "includedAssets" : [ ],
      "includedLocales" : [ ],
      "internallyManaged" : false,
      "eventGrounding" : null,
      "eventSchema" : {
        "eventProperties" : [ {
          "@class" : "org.apache.streampipes.model.schema.EventPropertyPrimitive",
          "elementId" : "sp:eventproperty:FzySfa",
          "label" : null,
          "description" : null,
          "runtimeName" : "mapping",
          "required" : false,
          "domainProperties" : [ ],
          "propertyScope" : null,
          "index" : 0,
          "runtimeId" : null,
          "runtimeType" : "http://schema.org/Number",
          "measurementUnit" : null,
          "valueSpecification" : null
        } ]
      },
      "category" : null,
      "index" : 0,
      "correspondingAdapterId" : null,
      "uri" : "urn:streampipes.apache.org:eventstream:mWxguy",
      "_rev" : null
    } ],
    "configured" : true,
    "uncompleted" : false,
    "selectedEndpointUrl" : null,
    "outputStream" : {
      "@class" : "org.apache.streampipes.model.SpDataStream",
      "elementId" : "urn:streampipes.apache.org:eventstream:qJhnXX",
      "dom" : null,
      "connectedTo" : null,
      "name" : null,
      "description" : null,
      "iconUrl" : null,
      "appId" : null,
      "includesAssets" : false,
      "includesLocales" : false,
      "includedAssets" : [ ],
      "includedLocales" : [ ],
      "internallyManaged" : false,
      "eventGrounding" : {
        "transportProtocols" : [ {
          "@class" : "org.apache.streampipes.model.grounding.KafkaTransportProtocol",
          "elementId" : "sp:transportprotocol:XsZLrc",
          "brokerHostname" : "kafka",
          "topicDefinition" : {
            "@class" : "org.apache.streampipes.model.grounding.SimpleTopicDefinition",
            "actualTopicName" : "org-apache-streampipes-internal-iaAKIGWtYvefNvK"
          },
          "zookeeperHost" : "zookeeper",
          "zookeeperPort" : 2181,
          "kafkaPort" : 9092,
          "lingerMs" : null,
          "messageMaxBytes" : null,
          "maxRequestSize" : null,
          "acks" : null,
          "batchSize" : null,
          "offset" : null,
          "groupId" : null
        } ],
        "transportFormats" : [ {
          "rdfType" : [ "http://sepa.event-processing.org/sepa#json" ]
        } ]
      },
      "eventSchema" : {
        "eventProperties" : [ {
          "@class" : "org.apache.streampipes.model.schema.EventPropertyPrimitive",
          "elementId" : "sp:eventproperty:ggVYhR",
          "label" : "Mass Flow",
          "description" : "Denotes the current mass flow in the sensor",
          "runtimeName" : "mass_flow",
          "required" : false,
          "domainProperties" : [ "http://schema.org/Number" ],
          "propertyScope" : "MEASUREMENT_PROPERTY",
          "index" : 2,
          "runtimeId" : null,
          "runtimeType" : "http://www.w3.org/2001/XMLSchema#float",
          "measurementUnit" : null,
          "valueSpecification" : null
        }, {
          "@class" : "org.apache.streampipes.model.schema.EventPropertyPrimitive",
          "elementId" : "sp:eventproperty:TJSspS",
          "label" : "Temperature",
          "description" : "Denotes the current temperature in degrees celsius",
          "runtimeName" : "temperature",
          "required" : false,
          "domainProperties" : [ "http://schema.org/Number" ],
          "propertyScope" : "MEASUREMENT_PROPERTY",
          "index" : 3,
          "runtimeId" : null,
          "runtimeType" : "http://www.w3.org/2001/XMLSchema#float",
          "measurementUnit" : "http://codes.wmo.int/common/unit/degC",
          "valueSpecification" : {
            "@class" : "org.apache.streampipes.model.schema.QuantitativeValue",
            "minValue" : 0.0,
            "maxValue" : 100.0,
            "step" : 0.1
          }
        } ]
      },
      "category" : null,
      "index" : 0,
      "correspondingAdapterId" : null,
      "uri" : "urn:streampipes.apache.org:eventstream:qJhnXX",
      "_rev" : null
    },
    "outputStrategies" : [ {
      "@class" : "org.apache.streampipes.model.output.CustomOutputStrategy",
      "name" : null,
      "renameRules" : [ ],
      "selectedPropertyKeys" : [ "s0::mass_flow", "s0::temperature" ],
      "outputRight" : false,
      "availablePropertyKeys" : [ "s0::timestamp", "s0::sensorId", "s0::mass_flow", "s0::temperature" ]
    } ],
    "pathName" : null,
    "category" : [ "PATTERN_DETECT" ],
    "uri" : "sp:dataprocessorinvocation:YMERIs:yVGuX",
    "_rev" : null
  } ],
  "streams" : [ {
    "@class" : "org.apache.streampipes.model.SpDataStream",
    "elementId" : "sp:org.apache.streampipes.sources.simulator.flowrate1",
    "dom" : "jsplumb_1_gw8I",
    "connectedTo" : null,
    "name" : "Flow Rate 1",
    "description" : "Simulates a water flow rate sensor",
    "iconUrl" : null,
    "appId" : "org.apache.streampipes.sources.simulator.flowrate1",
    "includesAssets" : true,
    "includesLocales" : true,
    "includedAssets" : [ "documentation.md", "icon.png" ],
    "includedLocales" : [ "strings.en" ],
    "internallyManaged" : false,
    "eventGrounding" : {
      "transportProtocols" : [ {
        "@class" : "org.apache.streampipes.model.grounding.KafkaTransportProtocol",
        "elementId" : "sp:transportprotocol:XCHdkC",
        "brokerHostname" : "kafka",
        "topicDefinition" : {
          "@class" : "org.apache.streampipes.model.grounding.SimpleTopicDefinition",
          "actualTopicName" : "org.apache.streampipes.examples.flowrate-1"
        },
        "zookeeperHost" : "kafka",
        "zookeeperPort" : 9092,
        "kafkaPort" : 9092,
        "lingerMs" : null,
        "messageMaxBytes" : null,
        "maxRequestSize" : null,
        "acks" : null,
        "batchSize" : null,
        "offset" : null,
        "groupId" : null
      } ],
      "transportFormats" : [ {
        "rdfType" : [ "http://sepa.event-processing.org/sepa#json" ]
      } ]
    },
    "eventSchema" : {
      "eventProperties" : [ {
        "@class" : "org.apache.streampipes.model.schema.EventPropertyPrimitive",
        "elementId" : "sp:eventproperty:IVIvmU",
        "label" : "Timestamp",
        "description" : "The current timestamp value",
        "runtimeName" : "timestamp",
        "required" : false,
        "domainProperties" : [ "http://schema.org/DateTime" ],
        "propertyScope" : "HEADER_PROPERTY",
        "index" : 0,
        "runtimeId" : null,
        "runtimeType" : "http://www.w3.org/2001/XMLSchema#long",
        "measurementUnit" : null,
        "valueSpecification" : null
      }, {
        "@class" : "org.apache.streampipes.model.schema.EventPropertyPrimitive",
        "elementId" : "sp:eventproperty:rIyfEM",
        "label" : "Sensor ID",
        "description" : "The ID of the sensor",
        "runtimeName" : "sensorId",
        "required" : false,
        "domainProperties" : [ "https://streampipes.org/vocabulary/examples/watertank/v1/hasSensorId" ],
        "propertyScope" : "DIMENSION_PROPERTY",
        "index" : 1,
        "runtimeId" : null,
        "runtimeType" : "http://www.w3.org/2001/XMLSchema#string",
        "measurementUnit" : null,
        "valueSpecification" : null
      }, {
        "@class" : "org.apache.streampipes.model.schema.EventPropertyPrimitive",
        "elementId" : "sp:eventproperty:ggVYhR",
        "label" : "Mass Flow",
        "description" : "Denotes the current mass flow in the sensor",
        "runtimeName" : "mass_flow",
        "required" : false,
        "domainProperties" : [ "http://schema.org/Number" ],
        "propertyScope" : "MEASUREMENT_PROPERTY",
        "index" : 2,
        "runtimeId" : null,
        "runtimeType" : "http://www.w3.org/2001/XMLSchema#float",
        "measurementUnit" : null,
        "valueSpecification" : null
      }, {
        "@class" : "org.apache.streampipes.model.schema.EventPropertyPrimitive",
        "elementId" : "sp:eventproperty:TJSspS",
        "label" : "Temperature",
        "description" : "Denotes the current temperature in degrees celsius",
        "runtimeName" : "temperature",
        "required" : false,
        "domainProperties" : [ "http://schema.org/Number" ],
        "propertyScope" : "MEASUREMENT_PROPERTY",
        "index" : 3,
        "runtimeId" : null,
        "runtimeType" : "http://www.w3.org/2001/XMLSchema#float",
        "measurementUnit" : "http://codes.wmo.int/common/unit/degC",
        "valueSpecification" : {
          "@class" : "org.apache.streampipes.model.schema.QuantitativeValue",
          "minValue" : 0.0,
          "maxValue" : 100.0,
          "step" : 0.1
        }
      } ]
    },
    "category" : null,
    "index" : 0,
    "correspondingAdapterId" : null,
    "uri" : "sp:org.apache.streampipes.sources.simulator.flowrate1",
    "_rev" : "1-81394abde04c6c3c122e7a7f19882db8"
  } ],
  "name" : "Default_Pipeline1",
  "description" : null,
  "actions" : [ {
    "@class" : "org.apache.streampipes.model.graph.DataSinkInvocation",
    "elementId" : "sp:datasinkinvocation:fVpRvg:VjuRN",
    "dom" : "jsplumb_2_hA83",
    "connectedTo" : [ "jsplumb_0_plkK" ],
    "name" : "Notification",
    "description" : "Publish a notification directly to the notification pane.",
    "iconUrl" : null,
    "appId" : "org.apache.streampipes.sinks.internal.jvm.notification",
    "includesAssets" : true,
    "includesLocales" : false,
    "includedAssets" : [ "documentation.md", "icon.png" ],
    "includedLocales" : [ ],
    "internallyManaged" : false,
    "inputStreams" : [ {
      "@class" : "org.apache.streampipes.model.SpDataStream",
      "elementId" : "urn:streampipes.apache.org:eventstream:hnTPuq",
      "dom" : null,
      "connectedTo" : null,
      "name" : null,
      "description" : null,
      "iconUrl" : null,
      "appId" : null,
      "includesAssets" : false,
      "includesLocales" : false,
      "includedAssets" : [ ],
      "includedLocales" : [ ],
      "internallyManaged" : false,
      "eventGrounding" : {
        "transportProtocols" : [ {
          "@class" : "org.apache.streampipes.model.grounding.KafkaTransportProtocol",
          "elementId" : "sp:transportprotocol:KYDNYT",
          "brokerHostname" : "kafka",
          "topicDefinition" : {
            "@class" : "org.apache.streampipes.model.grounding.SimpleTopicDefinition",
            "actualTopicName" : "org-apache-streampipes-internal-iaAKIGWtYvefNvK"
          },
          "zookeeperHost" : "zookeeper",
          "zookeeperPort" : 2181,
          "kafkaPort" : 9092,
          "lingerMs" : null,
          "messageMaxBytes" : null,
          "maxRequestSize" : null,
          "acks" : null,
          "batchSize" : null,
          "offset" : null,
          "groupId" : "Default_Pipeline196e43abcfb3c2f299ab90cb673d1d391"
        } ],
        "transportFormats" : [ {
          "rdfType" : [ "http://sepa.event-processing.org/sepa#json" ]
        } ]
      },
      "eventSchema" : {
        "eventProperties" : [ {
          "@class" : "org.apache.streampipes.model.schema.EventPropertyPrimitive",
          "elementId" : "sp:eventproperty:ggVYhR",
          "label" : "Mass Flow",
          "description" : "Denotes the current mass flow in the sensor",
          "runtimeName" : "mass_flow",
          "required" : false,
          "domainProperties" : [ "http://schema.org/Number" ],
          "propertyScope" : "MEASUREMENT_PROPERTY",
          "index" : 2,
          "runtimeId" : null,
          "runtimeType" : "http://www.w3.org/2001/XMLSchema#float",
          "measurementUnit" : null,
          "valueSpecification" : null
        }, {
          "@class" : "org.apache.streampipes.model.schema.EventPropertyPrimitive",
          "elementId" : "sp:eventproperty:TJSspS",
          "label" : "Temperature",
          "description" : "Denotes the current temperature in degrees celsius",
          "runtimeName" : "temperature",
          "required" : false,
          "domainProperties" : [ "http://schema.org/Number" ],
          "propertyScope" : "MEASUREMENT_PROPERTY",
          "index" : 3,
          "runtimeId" : null,
          "runtimeType" : "http://www.w3.org/2001/XMLSchema#float",
          "measurementUnit" : "http://codes.wmo.int/common/unit/degC",
          "valueSpecification" : {
            "@class" : "org.apache.streampipes.model.schema.QuantitativeValue",
            "minValue" : 0.0,
            "maxValue" : 100.0,
            "step" : 0.1
          }
        } ]
      },
      "category" : null,
      "index" : 0,
      "correspondingAdapterId" : null,
      "uri" : "urn:streampipes.apache.org:eventstream:hnTPuq",
      "_rev" : null
    } ],
    "staticProperties" : [ {
      "@class" : "org.apache.streampipes.model.staticproperty.FreeTextStaticProperty",
      "valueRequired" : false,
      "staticPropertyType" : "FreeTextStaticProperty",
      "index" : 0,
      "label" : "Notification Title",
      "description" : "",
      "internalName" : "title",
      "predefined" : false,
      "value" : "Alarm",
      "requiredDatatype" : null,
      "requiredDomainProperty" : "http://www.w3.org/2001/XMLSchema#string",
      "mapsTo" : null,
      "multiLine" : false,
      "htmlAllowed" : false,
      "htmlFontFormat" : false,
      "placeholdersSupported" : false,
      "valueSpecification" : null
    }, {
      "@class" : "org.apache.streampipes.model.staticproperty.FreeTextStaticProperty",
      "valueRequired" : false,
      "staticPropertyType" : "FreeTextStaticProperty",
      "index" : 1,
      "label" : "Content",
      "description" : "Enter the notification text. You can  use placeholders like #fieldName# to add the value of a stream variable.",
      "internalName" : "content",
      "predefined" : false,
      "value" : "<p>#mass_flow#</p>",
      "requiredDatatype" : null,
      "requiredDomainProperty" : null,
      "mapsTo" : null,
      "multiLine" : true,
      "htmlAllowed" : true,
      "htmlFontFormat" : false,
      "placeholdersSupported" : true,
      "valueSpecification" : null
    }, {
      "@class" : "org.apache.streampipes.model.staticproperty.FreeTextStaticProperty",
      "valueRequired" : false,
      "staticPropertyType" : "FreeTextStaticProperty",
      "index" : 2,
      "label" : "Silent Period [min]",
      "description" : "The minimum number of minutes between two consecutive notifications that are sent.",
      "internalName" : "silent-period",
      "predefined" : false,
      "value" : "10",
      "requiredDatatype" : null,
      "requiredDomainProperty" : "http://www.w3.org/2001/XMLSchema#integer",
      "mapsTo" : null,
      "multiLine" : false,
      "htmlAllowed" : false,
      "htmlFontFormat" : false,
      "placeholdersSupported" : false,
      "valueSpecification" : null
    } ],
    "belongsTo" : "sp:org.apache.streampipes.sinks.internal.jvm.notification",
    "statusInfoSettings" : null,
    "supportedGrounding" : {
      "transportProtocols" : [ {
        "@class" : "org.apache.streampipes.model.grounding.MqttTransportProtocol",
        "elementId" : "sp:transportprotocol:AhTVQu",
        "brokerHostname" : null,
        "topicDefinition" : null,
        "port" : 0
      }, {
        "@class" : "org.apache.streampipes.model.grounding.NatsTransportProtocol",
        "elementId" : "sp:transportprotocol:iknPrH",
        "brokerHostname" : null,
        "topicDefinition" : null,
        "port" : 0
      }, {
        "@class" : "org.apache.streampipes.model.grounding.JmsTransportProtocol",
        "elementId" : "sp:transportprotocol:qzxDTS",
        "brokerHostname" : null,
        "topicDefinition" : null,
        "port" : 0
      }, {
        "@class" : "org.apache.streampipes.model.grounding.PulsarTransportProtocol",
        "elementId" : "sp:transportprotocol:cfipxa",
        "brokerHostname" : "pulsar://localhost:6650",
        "topicDefinition" : null
      }, {
        "@class" : "org.apache.streampipes.model.grounding.KafkaTransportProtocol",
        "elementId" : "sp:transportprotocol:VqTrks",
        "brokerHostname" : null,
        "topicDefinition" : null,
        "zookeeperHost" : null,
        "zookeeperPort" : 0,
        "kafkaPort" : 0,
        "lingerMs" : null,
        "messageMaxBytes" : null,
        "maxRequestSize" : null,
        "acks" : null,
        "batchSize" : null,
        "offset" : null,
        "groupId" : null
      } ],
      "transportFormats" : [ {
        "rdfType" : [ "http://sepa.event-processing.org/sepa#json" ]
      }, {
        "rdfType" : [ "http://sepa.event-processing.org/sepa#smile" ]
      }, {
        "rdfType" : [ "http://sepa.event-processing.org/sepa#fst" ]
      }, {
        "rdfType" : [ "http://sepa.event-processing.org/sepa#cbor" ]
      } ]
    },
    "correspondingPipeline" : "5cc88ed98bf24655aed85a7fb5281e09",
    "correspondingUser" : "7414d58ec42444bda9059792163c902f",
    "streamRequirements" : [ {
      "@class" : "org.apache.streampipes.model.SpDataStream",
      "elementId" : "urn:streampipes.apache.org:eventstream:hnTPuq",
      "dom" : null,
      "connectedTo" : null,
      "name" : null,
      "description" : null,
      "iconUrl" : null,
      "appId" : null,
      "includesAssets" : false,
      "includesLocales" : false,
      "includedAssets" : [ ],
      "includedLocales" : [ ],
      "internallyManaged" : false,
      "eventGrounding" : null,
      "eventSchema" : {
        "eventProperties" : [ {
          "@class" : "org.apache.streampipes.model.schema.EventPropertyPrimitive",
          "elementId" : "sp:eventproperty:LCOImg",
          "label" : null,
          "description" : null,
          "runtimeName" : null,
          "required" : false,
          "domainProperties" : [ ],
          "propertyScope" : null,
          "index" : 0,
          "runtimeId" : null,
          "runtimeType" : null,
          "measurementUnit" : null,
          "valueSpecification" : null
        } ]
      },
      "category" : null,
      "index" : 0,
      "correspondingAdapterId" : null,
      "uri" : "urn:streampipes.apache.org:eventstream:hnTPuq",
      "_rev" : null
    } ],
    "configured" : true,
    "uncompleted" : false,
    "selectedEndpointUrl" : null,
    "category" : [ "INTERNAL", "NOTIFICATION" ],
    "uri" : "sp:datasinkinvocation:fVpRvg:VjuRN",
    "_rev" : null
  } ],
  "running" : false,
  "restartOnSystemReboot" : false,
  "startedAt" : 1695194894718,
  "createdAt" : 1695194824123,
  "publicElement" : false,
  "createdByUser" : "7414d58ec42444bda9059792163c902f",
  "pipelineCategories" : [ ],
  "pipelineNotifications" : [ ],
  "healthStatus" : "OK",
  "_id" : "5cc88ed98bf24655aed85a7fb5281e09",
  "_rev" : null
}