{"_id":"JIhVMkDckskuIORToytGXNnx","assetName":"Default_Asset1","assetDescription":"","assetLinks":[{"linkLabel":"Default_Pipeline1","linkType":"pipeline","editingDisabled":false,"resourceId":"5cc88ed98bf24655aed85a7fb5281e09","navigationActive":true,"queryHint":"pipeline"},{"linkLabel":"Default_Dashboard1","linkType":"dashboard","editingDisabled":false,"resourceId":"sp:dashboardmodel:GVOUkW","navigationActive":true,"queryHint":"dashboard"}],"assetId":"eSUGII","appDocType":"asset-management","removable":true,"assets":[]}