{
  "widgetId" : null,
  "widgetType" : "time-series-chart",
  "baseAppearanceConfig" : {"widgetTitle":"Pressure identifier - indicator-chart","backgroundColor":"#FFFFFF","textColor":"#3e3e3e"},
  "visualizationConfig" : {"forType":3.0,"yKeys":[],"selectedTimeSeriesChartProperties":[{"runtimeName":"pressure","measure":"Pressure identifier","fullDbName":"pressure","sourceIndex":0.0,"fieldCharacteristics":{"dimension":false,"numeric":true,"binary":false,"semanticTypes":["http://schema.org/Number"]}},{"runtimeName":"level","measure":"Water level identifier","fullDbName":"level","sourceIndex":1.0,"fieldCharacteristics":{"dimension":false,"numeric":true,"binary":false,"semanticTypes":["http://schema.org/Number"]}}],"chosenColor":{"pressure0":"#39B54A","level1":"#1B1464"},"displayName":{"pressure0":"pressure","level1":"water level"},"displayType":{"pressure0":"lines","level1":"lines"},"chosenAxis":{"pressure0":"left","level1":"left"},"showSpike":true},
  "dataConfig" : {"ignoreMissingValues":false,"sourceConfigs":[{"measureName":"Pressure identifier","queryConfig":{"selectedFilters":[],"limit":100.0,"page":1.0,"aggregationTimeUnit":"d","aggregationValue":1.0,"fields":[{"runtimeName":"pressure","selected":true,"numeric":true,"aggregations":["MEAN"]},{"runtimeName":"sensorId","selected":false,"numeric":false,"aggregations":["MODE"]}],"groupBy":[{"runtimeName":"sensorId","selected":false,"numeric":false}],"autoAggregate":true},"queryType":"raw","sourceType":"pipeline","measure":{"@class":"org.apache.streampipes.model.datalake.DataLakeMeasure","eventSchema":{"eventProperties":[{"@class":"org.apache.streampipes.model.schema.EventPropertyPrimitive","description":"Denotes the current pressure in the pressure tank","domainProperties":["http://schema.org/Number"],"elementId":"sp:eventproperty:cWJvbl","index":2.0,"label":"Pressure","propertyScope":"MEASUREMENT_PROPERTY","required":false,"runtimeName":"pressure","runtimeType":"http://www.w3.org/2001/XMLSchema#float","valueSpecification":{"@class":"org.apache.streampipes.model.schema.QuantitativeValue","maxValue":100.0,"minValue":0.0,"step":0.5}},{"@class":"org.apache.streampipes.model.schema.EventPropertyPrimitive","description":"The ID of the sensor","domainProperties":["https://streampipes.org/vocabulary/examples/watertank/v1/hasSensorId"],"elementId":"sp:eventproperty:DtBVOE","index":1.0,"label":"Sensor ID","propertyScope":"DIMENSION_PROPERTY","required":false,"runtimeName":"sensorId","runtimeType":"http://www.w3.org/2001/XMLSchema#string"}]},"measureName":"Pressure identifier","pipelineId":"08cb30fbb8b746c99c3296448d9bf825","pipelineIsRunning":true,"pipelineName":"Abnormal pressure notification"}},{"measureName":"Water level identifier","queryConfig":{"selectedFilters":[],"limit":100.0,"page":1.0,"aggregationTimeUnit":"d","aggregationValue":1.0,"fields":[{"runtimeName":"level","selected":true,"numeric":true,"aggregations":["MEAN"]}],"groupBy":[]},"queryType":"raw","sourceType":"pipeline","measure":{"@class":"org.apache.streampipes.model.datalake.DataLakeMeasure","eventSchema":{"eventProperties":[{"@class":"org.apache.streampipes.model.schema.EventPropertyPrimitive","description":"Denotes the current water level in the container","domainProperties":["http://schema.org/Number"],"elementId":"sp:eventproperty:ttpfLr","index":2.0,"label":"Water Level","propertyScope":"MEASUREMENT_PROPERTY","required":false,"runtimeName":"level","runtimeType":"http://www.w3.org/2001/XMLSchema#float"}]},"measureName":"Water level identifier","pipelineId":"451ac45c20cc4eb9ba70f3e31979313e","pipelineIsRunning":true,"pipelineName":"Water level trend analysis"}}]},
  "pipelineId" : null,
  "measureName" : null,
  "_id" : "067072ebfe09420a921424496a6a73d2",
  "_rev" : null
}