{
  "sepas" : [ {
    "@class" : "org.apache.streampipes.model.graph.DataProcessorInvocation",
    "elementId" : "sp:dataprocessorinvocation:gSRDdp:PT7hX",
    "dom" : "jsplumb_6_gucv",
    "connectedTo" : [ "jsplumb_5_6gQD" ],
    "name" : "Numerical Filter",
    "description" : "Numerical Filter Description",
    "iconUrl" : null,
    "appId" : "org.apache.streampipes.processors.filters.jvm.numericalfilter",
    "includesAssets" : true,
    "includesLocales" : false,
    "includedAssets" : [ "documentation.md", "icon.png" ],
    "includedLocales" : [ ],
    "internallyManaged" : false,
    "inputStreams" : [ {
      "@class" : "org.apache.streampipes.model.SpDataStream",
      "elementId" : "urn:streampipes.apache.org:eventstream:QKJhKS",
      "dom" : null,
      "connectedTo" : null,
      "name" : null,
      "description" : null,
      "iconUrl" : null,
      "appId" : null,
      "includesAssets" : false,
      "includesLocales" : false,
      "includedAssets" : [ ],
      "includedLocales" : [ ],
      "internallyManaged" : false,
      "eventGrounding" : {
        "transportProtocols" : [ {
          "@class" : "org.apache.streampipes.model.grounding.KafkaTransportProtocol",
          "elementId" : "sp:transportprotocol:CrYGag",
          "brokerHostname" : "kafka",
          "topicDefinition" : {
            "@class" : "org.apache.streampipes.model.grounding.SimpleTopicDefinition",
            "actualTopicName" : "org.apache.streampipes.connect.d2480634-39eb-417d-84e9-9d7457e20a69"
          },
          "zookeeperHost" : null,
          "zookeeperPort" : 0,
          "kafkaPort" : 9092,
          "lingerMs" : null,
          "messageMaxBytes" : null,
          "maxRequestSize" : null,
          "acks" : null,
          "batchSize" : null,
          "offset" : null,
          "groupId" : "Abnormalpressurenotification2e5d9573570623e85b92022035853ce9"
        } ],
        "transportFormats" : [ {
          "rdfType" : [ "http://sepa.event-processing.org/sepa#json" ]
        } ]
      },
      "eventSchema" : {
        "eventProperties" : [ {
          "@class" : "org.apache.streampipes.model.schema.EventPropertyPrimitive",
          "elementId" : "sp:eventproperty:cWJvbl",
          "label" : "Pressure",
          "description" : "Denotes the current pressure in the pressure tank",
          "runtimeName" : "pressure",
          "required" : false,
          "domainProperties" : [ "http://schema.org/Number" ],
          "propertyScope" : "MEASUREMENT_PROPERTY",
          "index" : 2,
          "runtimeId" : null,
          "runtimeType" : "http://www.w3.org/2001/XMLSchema#float",
          "measurementUnit" : null,
          "valueSpecification" : {
            "@class" : "org.apache.streampipes.model.schema.QuantitativeValue",
            "minValue" : 0.0,
            "maxValue" : 100.0,
            "step" : 0.5
          }
        }, {
          "@class" : "org.apache.streampipes.model.schema.EventPropertyPrimitive",
          "elementId" : "sp:eventproperty:DtBVOE",
          "label" : "Sensor ID",
          "description" : "The ID of the sensor",
          "runtimeName" : "sensorId",
          "required" : false,
          "domainProperties" : [ "https://streampipes.org/vocabulary/examples/watertank/v1/hasSensorId" ],
          "propertyScope" : "DIMENSION_PROPERTY",
          "index" : 1,
          "runtimeId" : null,
          "runtimeType" : "http://www.w3.org/2001/XMLSchema#string",
          "measurementUnit" : null,
          "valueSpecification" : null
        }, {
          "@class" : "org.apache.streampipes.model.schema.EventPropertyPrimitive",
          "elementId" : "sp:eventproperty:mbkOyG",
          "label" : "Timestamp",
          "description" : "The current timestamp value",
          "runtimeName" : "timestamp",
          "required" : false,
          "domainProperties" : [ "http://schema.org/DateTime" ],
          "propertyScope" : "HEADER_PROPERTY",
          "index" : 0,
          "runtimeId" : null,
          "runtimeType" : "http://www.w3.org/2001/XMLSchema#long",
          "measurementUnit" : null,
          "valueSpecification" : null
        } ]
      },
      "category" : null,
      "index" : 0,
      "correspondingAdapterId" : null,
      "uri" : "urn:streampipes.apache.org:eventstream:QKJhKS",
      "_rev" : null
    } ],
    "staticProperties" : [ {
      "@class" : "org.apache.streampipes.model.staticproperty.MappingPropertyUnary",
      "valueRequired" : false,
      "staticPropertyType" : "MappingPropertyUnary",
      "index" : 0,
      "label" : "Field",
      "description" : "Specifies the field name where the filter operation should be applied on.",
      "internalName" : "number-mapping",
      "predefined" : false,
      "requirementSelector" : "r0::number-mapping",
      "mapsFromOptions" : [ "s0::pressure", "s0::timestamp" ],
      "propertyScope" : "NONE",
      "selectedProperty" : "s0::pressure"
    }, {
      "@class" : "org.apache.streampipes.model.staticproperty.OneOfStaticProperty",
      "valueRequired" : false,
      "staticPropertyType" : "OneOfStaticProperty",
      "index" : 1,
      "label" : "Filter Operation",
      "description" : "Specifies the filter operation that should be applied on the field",
      "internalName" : "operation",
      "predefined" : false,
      "options" : [ {
        "elementId" : "sp:option:sKuHtS",
        "name" : "<",
        "selected" : false,
        "internalName" : null
      }, {
        "elementId" : "sp:option:bQoPqf",
        "name" : "<=",
        "selected" : false,
        "internalName" : null
      }, {
        "elementId" : "sp:option:dNVoks",
        "name" : ">",
        "selected" : true,
        "internalName" : null
      }, {
        "elementId" : "sp:option:vRwefO",
        "name" : ">=",
        "selected" : false,
        "internalName" : null
      }, {
        "elementId" : "sp:option:CpkbCs",
        "name" : "==",
        "selected" : false,
        "internalName" : null
      }, {
        "elementId" : "sp:option:CAHGqW",
        "name" : "!=",
        "selected" : false,
        "internalName" : null
      } ],
      "horizontalRendering" : false
    }, {
      "@class" : "org.apache.streampipes.model.staticproperty.FreeTextStaticProperty",
      "valueRequired" : false,
      "staticPropertyType" : "FreeTextStaticProperty",
      "index" : 2,
      "label" : "Threshold value",
      "description" : "Specifies a threshold value",
      "internalName" : "value",
      "predefined" : false,
      "value" : "30",
      "requiredDatatype" : null,
      "requiredDomainProperty" : "http://www.w3.org/2001/XMLSchema#double",
      "mapsTo" : null,
      "multiLine" : false,
      "htmlAllowed" : false,
      "htmlFontFormat" : false,
      "placeholdersSupported" : false,
      "valueSpecification" : null
    } ],
    "belongsTo" : "sp:org.apache.streampipes.processors.filters.jvm.numericalfilter",
    "statusInfoSettings" : null,
    "supportedGrounding" : {
      "transportProtocols" : [ {
        "@class" : "org.apache.streampipes.model.grounding.MqttTransportProtocol",
        "elementId" : "sp:transportprotocol:sTugWJ",
        "brokerHostname" : null,
        "topicDefinition" : null,
        "port" : 0
      }, {
        "@class" : "org.apache.streampipes.model.grounding.NatsTransportProtocol",
        "elementId" : "sp:transportprotocol:yCxZjC",
        "brokerHostname" : null,
        "topicDefinition" : null,
        "port" : 0
      }, {
        "@class" : "org.apache.streampipes.model.grounding.JmsTransportProtocol",
        "elementId" : "sp:transportprotocol:apgSHd",
        "brokerHostname" : null,
        "topicDefinition" : null,
        "port" : 0
      }, {
        "@class" : "org.apache.streampipes.model.grounding.PulsarTransportProtocol",
        "elementId" : "sp:transportprotocol:RKVlBy",
        "brokerHostname" : "pulsar://localhost:6650",
        "topicDefinition" : null
      }, {
        "@class" : "org.apache.streampipes.model.grounding.KafkaTransportProtocol",
        "elementId" : "sp:transportprotocol:zcdTKW",
        "brokerHostname" : null,
        "topicDefinition" : null,
        "zookeeperHost" : null,
        "zookeeperPort" : 0,
        "kafkaPort" : 0,
        "lingerMs" : null,
        "messageMaxBytes" : null,
        "maxRequestSize" : null,
        "acks" : null,
        "batchSize" : null,
        "offset" : null,
        "groupId" : null
      } ],
      "transportFormats" : [ {
        "rdfType" : [ "http://sepa.event-processing.org/sepa#json" ]
      }, {
        "rdfType" : [ "http://sepa.event-processing.org/sepa#smile" ]
      }, {
        "rdfType" : [ "http://sepa.event-processing.org/sepa#fst" ]
      }, {
        "rdfType" : [ "http://sepa.event-processing.org/sepa#cbor" ]
      } ]
    },
    "correspondingPipeline" : "08cb30fbb8b746c99c3296448d9bf825",
    "correspondingUser" : "7414d58ec42444bda9059792163c902f",
    "streamRequirements" : [ {
      "@class" : "org.apache.streampipes.model.SpDataStream",
      "elementId" : "urn:streampipes.apache.org:eventstream:QKJhKS",
      "dom" : null,
      "connectedTo" : null,
      "name" : null,
      "description" : null,
      "iconUrl" : null,
      "appId" : null,
      "includesAssets" : false,
      "includesLocales" : false,
      "includedAssets" : [ ],
      "includedLocales" : [ ],
      "internallyManaged" : false,
      "eventGrounding" : null,
      "eventSchema" : {
        "eventProperties" : [ {
          "@class" : "org.apache.streampipes.model.schema.EventPropertyPrimitive",
          "elementId" : "sp:eventproperty:eNoZHN",
          "label" : null,
          "description" : null,
          "runtimeName" : "number-mapping",
          "required" : false,
          "domainProperties" : [ ],
          "propertyScope" : null,
          "index" : 0,
          "runtimeId" : null,
          "runtimeType" : "http://schema.org/Number",
          "measurementUnit" : null,
          "valueSpecification" : null
        } ]
      },
      "category" : null,
      "index" : 0,
      "correspondingAdapterId" : null,
      "uri" : "urn:streampipes.apache.org:eventstream:QKJhKS",
      "_rev" : null
    } ],
    "configured" : true,
    "uncompleted" : false,
    "selectedEndpointUrl" : null,
    "outputStream" : {
      "@class" : "org.apache.streampipes.model.SpDataStream",
      "elementId" : "urn:streampipes.apache.org:eventstream:txhTce",
      "dom" : null,
      "connectedTo" : null,
      "name" : null,
      "description" : null,
      "iconUrl" : null,
      "appId" : null,
      "includesAssets" : false,
      "includesLocales" : false,
      "includedAssets" : [ ],
      "includedLocales" : [ ],
      "internallyManaged" : false,
      "eventGrounding" : {
        "transportProtocols" : [ {
          "@class" : "org.apache.streampipes.model.grounding.KafkaTransportProtocol",
          "elementId" : "sp:transportprotocol:BbHfXV",
          "brokerHostname" : "kafka",
          "topicDefinition" : {
            "@class" : "org.apache.streampipes.model.grounding.SimpleTopicDefinition",
            "actualTopicName" : "org-apache-streampipes-internal-BuXwKGFdonHKsuI"
          },
          "zookeeperHost" : "zookeeper",
          "zookeeperPort" : 2181,
          "kafkaPort" : 9092,
          "lingerMs" : null,
          "messageMaxBytes" : null,
          "maxRequestSize" : null,
          "acks" : null,
          "batchSize" : null,
          "offset" : null,
          "groupId" : null
        } ],
        "transportFormats" : [ {
          "rdfType" : [ "http://sepa.event-processing.org/sepa#json" ]
        } ]
      },
      "eventSchema" : {
        "eventProperties" : [ {
          "@class" : "org.apache.streampipes.model.schema.EventPropertyPrimitive",
          "elementId" : "sp:eventproperty:cWJvbl",
          "label" : "Pressure",
          "description" : "Denotes the current pressure in the pressure tank",
          "runtimeName" : "pressure",
          "required" : false,
          "domainProperties" : [ "http://schema.org/Number" ],
          "propertyScope" : "MEASUREMENT_PROPERTY",
          "index" : 2,
          "runtimeId" : null,
          "runtimeType" : "http://www.w3.org/2001/XMLSchema#float",
          "measurementUnit" : null,
          "valueSpecification" : {
            "@class" : "org.apache.streampipes.model.schema.QuantitativeValue",
            "minValue" : 0.0,
            "maxValue" : 100.0,
            "step" : 0.5
          }
        }, {
          "@class" : "org.apache.streampipes.model.schema.EventPropertyPrimitive",
          "elementId" : "sp:eventproperty:DtBVOE",
          "label" : "Sensor ID",
          "description" : "The ID of the sensor",
          "runtimeName" : "sensorId",
          "required" : false,
          "domainProperties" : [ "https://streampipes.org/vocabulary/examples/watertank/v1/hasSensorId" ],
          "propertyScope" : "DIMENSION_PROPERTY",
          "index" : 1,
          "runtimeId" : null,
          "runtimeType" : "http://www.w3.org/2001/XMLSchema#string",
          "measurementUnit" : null,
          "valueSpecification" : null
        }, {
          "@class" : "org.apache.streampipes.model.schema.EventPropertyPrimitive",
          "elementId" : "sp:eventproperty:mbkOyG",
          "label" : "Timestamp",
          "description" : "The current timestamp value",
          "runtimeName" : "timestamp",
          "required" : false,
          "domainProperties" : [ "http://schema.org/DateTime" ],
          "propertyScope" : "HEADER_PROPERTY",
          "index" : 0,
          "runtimeId" : null,
          "runtimeType" : "http://www.w3.org/2001/XMLSchema#long",
          "measurementUnit" : null,
          "valueSpecification" : null
        } ]
      },
      "category" : null,
      "index" : 0,
      "correspondingAdapterId" : null,
      "uri" : "urn:streampipes.apache.org:eventstream:txhTce",
      "_rev" : null
    },
    "outputStrategies" : [ {
      "@class" : "org.apache.streampipes.model.output.KeepOutputStrategy",
      "name" : null,
      "renameRules" : [ ],
      "eventName" : null,
      "keepBoth" : false
    } ],
    "pathName" : null,
    "category" : [ "FILTER" ],
    "uri" : "sp:dataprocessorinvocation:gSRDdp:PT7hX",
    "_rev" : null
  } ],
  "streams" : [ {
    "@class" : "org.apache.streampipes.model.SpDataStream",
    "elementId" : "sp:spdatastream:yJnkBp",
    "dom" : "jsplumb_5_6gQD",
    "connectedTo" : null,
    "name" : "Pressure simulator",
    "description" : "To simulate the pressure of sensor.",
    "iconUrl" : null,
    "appId" : null,
    "includesAssets" : false,
    "includesLocales" : false,
    "includedAssets" : [ ],
    "includedLocales" : [ ],
    "internallyManaged" : true,
    "eventGrounding" : {
      "transportProtocols" : [ {
        "@class" : "org.apache.streampipes.model.grounding.KafkaTransportProtocol",
        "elementId" : "sp:transportprotocol:CrYGag",
        "brokerHostname" : "kafka",
        "topicDefinition" : {
          "@class" : "org.apache.streampipes.model.grounding.SimpleTopicDefinition",
          "actualTopicName" : "org.apache.streampipes.connect.d2480634-39eb-417d-84e9-9d7457e20a69"
        },
        "zookeeperHost" : null,
        "zookeeperPort" : 0,
        "kafkaPort" : 9092,
        "lingerMs" : null,
        "messageMaxBytes" : null,
        "maxRequestSize" : null,
        "acks" : null,
        "batchSize" : null,
        "offset" : null,
        "groupId" : null
      } ],
      "transportFormats" : [ {
        "rdfType" : [ "http://sepa.event-processing.org/sepa#json" ]
      } ]
    },
    "eventSchema" : {
      "eventProperties" : [ {
        "@class" : "org.apache.streampipes.model.schema.EventPropertyPrimitive",
        "elementId" : "sp:eventproperty:cWJvbl",
        "label" : "Pressure",
        "description" : "Denotes the current pressure in the pressure tank",
        "runtimeName" : "pressure",
        "required" : false,
        "domainProperties" : [ "http://schema.org/Number" ],
        "propertyScope" : "MEASUREMENT_PROPERTY",
        "index" : 2,
        "runtimeId" : null,
        "runtimeType" : "http://www.w3.org/2001/XMLSchema#float",
        "measurementUnit" : null,
        "valueSpecification" : {
          "@class" : "org.apache.streampipes.model.schema.QuantitativeValue",
          "minValue" : 0.0,
          "maxValue" : 100.0,
          "step" : 0.5
        }
      }, {
        "@class" : "org.apache.streampipes.model.schema.EventPropertyPrimitive",
        "elementId" : "sp:eventproperty:DtBVOE",
        "label" : "Sensor ID",
        "description" : "The ID of the sensor",
        "runtimeName" : "sensorId",
        "required" : false,
        "domainProperties" : [ "https://streampipes.org/vocabulary/examples/watertank/v1/hasSensorId" ],
        "propertyScope" : "DIMENSION_PROPERTY",
        "index" : 1,
        "runtimeId" : null,
        "runtimeType" : "http://www.w3.org/2001/XMLSchema#string",
        "measurementUnit" : null,
        "valueSpecification" : null
      }, {
        "@class" : "org.apache.streampipes.model.schema.EventPropertyPrimitive",
        "elementId" : "sp:eventproperty:mbkOyG",
        "label" : "Timestamp",
        "description" : "The current timestamp value",
        "runtimeName" : "timestamp",
        "required" : false,
        "domainProperties" : [ "http://schema.org/DateTime" ],
        "propertyScope" : "HEADER_PROPERTY",
        "index" : 0,
        "runtimeId" : null,
        "runtimeType" : "http://www.w3.org/2001/XMLSchema#long",
        "measurementUnit" : null,
        "valueSpecification" : null
      } ]
    },
    "category" : null,
    "index" : 0,
    "correspondingAdapterId" : "sp:adapterdescription:QVjWEp",
    "uri" : "sp:spdatastream:yJnkBp",
    "_rev" : "1-21a345292062651db2712802fb18b9a0"
  } ],
  "name" : "Abnormal pressure notification",
  "description" : "To notice the abnormal pressure of a sensor.",
  "actions" : [ {
    "@class" : "org.apache.streampipes.model.graph.DataSinkInvocation",
    "elementId" : "sp:datasinkinvocation:DaPnKj:Hrakj",
    "dom" : "jsplumb_7_0q0c",
    "connectedTo" : [ "jsplumb_6_gucv" ],
    "name" : "Data Lake",
    "description" : "Stores events in the internal data lake.",
    "iconUrl" : null,
    "appId" : "org.apache.streampipes.sinks.internal.jvm.datalake",
    "includesAssets" : true,
    "includesLocales" : false,
    "includedAssets" : [ "documentation.md", "icon.png" ],
    "includedLocales" : [ ],
    "internallyManaged" : false,
    "inputStreams" : [ {
      "@class" : "org.apache.streampipes.model.SpDataStream",
      "elementId" : "urn:streampipes.apache.org:eventstream:jKjnmj",
      "dom" : null,
      "connectedTo" : null,
      "name" : null,
      "description" : null,
      "iconUrl" : null,
      "appId" : null,
      "includesAssets" : false,
      "includesLocales" : false,
      "includedAssets" : [ ],
      "includedLocales" : [ ],
      "internallyManaged" : false,
      "eventGrounding" : {
        "transportProtocols" : [ {
          "@class" : "org.apache.streampipes.model.grounding.KafkaTransportProtocol",
          "elementId" : "sp:transportprotocol:sEqYIk",
          "brokerHostname" : "kafka",
          "topicDefinition" : {
            "@class" : "org.apache.streampipes.model.grounding.SimpleTopicDefinition",
            "actualTopicName" : "org-apache-streampipes-internal-BuXwKGFdonHKsuI"
          },
          "zookeeperHost" : "zookeeper",
          "zookeeperPort" : 2181,
          "kafkaPort" : 9092,
          "lingerMs" : null,
          "messageMaxBytes" : null,
          "maxRequestSize" : null,
          "acks" : null,
          "batchSize" : null,
          "offset" : null,
          "groupId" : "Abnormalpressurenotificationf53be7de906da32f216290742b52d16f"
        } ],
        "transportFormats" : [ {
          "rdfType" : [ "http://sepa.event-processing.org/sepa#json" ]
        } ]
      },
      "eventSchema" : {
        "eventProperties" : [ {
          "@class" : "org.apache.streampipes.model.schema.EventPropertyPrimitive",
          "elementId" : "sp:eventproperty:cWJvbl",
          "label" : "Pressure",
          "description" : "Denotes the current pressure in the pressure tank",
          "runtimeName" : "pressure",
          "required" : false,
          "domainProperties" : [ "http://schema.org/Number" ],
          "propertyScope" : "MEASUREMENT_PROPERTY",
          "index" : 2,
          "runtimeId" : null,
          "runtimeType" : "http://www.w3.org/2001/XMLSchema#float",
          "measurementUnit" : null,
          "valueSpecification" : {
            "@class" : "org.apache.streampipes.model.schema.QuantitativeValue",
            "minValue" : 0.0,
            "maxValue" : 100.0,
            "step" : 0.5
          }
        }, {
          "@class" : "org.apache.streampipes.model.schema.EventPropertyPrimitive",
          "elementId" : "sp:eventproperty:DtBVOE",
          "label" : "Sensor ID",
          "description" : "The ID of the sensor",
          "runtimeName" : "sensorId",
          "required" : false,
          "domainProperties" : [ "https://streampipes.org/vocabulary/examples/watertank/v1/hasSensorId" ],
          "propertyScope" : "DIMENSION_PROPERTY",
          "index" : 1,
          "runtimeId" : null,
          "runtimeType" : "http://www.w3.org/2001/XMLSchema#string",
          "measurementUnit" : null,
          "valueSpecification" : null
        }, {
          "@class" : "org.apache.streampipes.model.schema.EventPropertyPrimitive",
          "elementId" : "sp:eventproperty:mbkOyG",
          "label" : "Timestamp",
          "description" : "The current timestamp value",
          "runtimeName" : "timestamp",
          "required" : false,
          "domainProperties" : [ "http://schema.org/DateTime" ],
          "propertyScope" : "HEADER_PROPERTY",
          "index" : 0,
          "runtimeId" : null,
          "runtimeType" : "http://www.w3.org/2001/XMLSchema#long",
          "measurementUnit" : null,
          "valueSpecification" : null
        } ]
      },
      "category" : null,
      "index" : 0,
      "correspondingAdapterId" : null,
      "uri" : "urn:streampipes.apache.org:eventstream:jKjnmj",
      "_rev" : null
    } ],
    "staticProperties" : [ {
      "@class" : "org.apache.streampipes.model.staticproperty.MappingPropertyUnary",
      "valueRequired" : false,
      "staticPropertyType" : "MappingPropertyUnary",
      "index" : 0,
      "label" : "Timestamp Field",
      "description" : "The value which contains a timestamp",
      "internalName" : "timestamp_mapping",
      "predefined" : false,
      "requirementSelector" : "r0::timestamp_mapping",
      "mapsFromOptions" : [ "s0::timestamp" ],
      "propertyScope" : "NONE",
      "selectedProperty" : "s0::timestamp"
    }, {
      "@class" : "org.apache.streampipes.model.staticproperty.FreeTextStaticProperty",
      "valueRequired" : false,
      "staticPropertyType" : "FreeTextStaticProperty",
      "index" : 1,
      "label" : "Identifier",
      "description" : "The name of the identifier under which the data is to be stored.",
      "internalName" : "db_measurement",
      "predefined" : false,
      "value" : "Pressure identifier",
      "requiredDatatype" : null,
      "requiredDomainProperty" : "http://www.w3.org/2001/XMLSchema#string",
      "mapsTo" : null,
      "multiLine" : false,
      "htmlAllowed" : false,
      "htmlFontFormat" : false,
      "placeholdersSupported" : false,
      "valueSpecification" : null
    } ],
    "belongsTo" : "sp:org.apache.streampipes.sinks.internal.jvm.datalake",
    "statusInfoSettings" : null,
    "supportedGrounding" : {
      "transportProtocols" : [ {
        "@class" : "org.apache.streampipes.model.grounding.MqttTransportProtocol",
        "elementId" : "sp:transportprotocol:sTugWJ",
        "brokerHostname" : null,
        "topicDefinition" : null,
        "port" : 0
      }, {
        "@class" : "org.apache.streampipes.model.grounding.NatsTransportProtocol",
        "elementId" : "sp:transportprotocol:yCxZjC",
        "brokerHostname" : null,
        "topicDefinition" : null,
        "port" : 0
      }, {
        "@class" : "org.apache.streampipes.model.grounding.JmsTransportProtocol",
        "elementId" : "sp:transportprotocol:apgSHd",
        "brokerHostname" : null,
        "topicDefinition" : null,
        "port" : 0
      }, {
        "@class" : "org.apache.streampipes.model.grounding.PulsarTransportProtocol",
        "elementId" : "sp:transportprotocol:RKVlBy",
        "brokerHostname" : "pulsar://localhost:6650",
        "topicDefinition" : null
      }, {
        "@class" : "org.apache.streampipes.model.grounding.KafkaTransportProtocol",
        "elementId" : "sp:transportprotocol:zcdTKW",
        "brokerHostname" : null,
        "topicDefinition" : null,
        "zookeeperHost" : null,
        "zookeeperPort" : 0,
        "kafkaPort" : 0,
        "lingerMs" : null,
        "messageMaxBytes" : null,
        "maxRequestSize" : null,
        "acks" : null,
        "batchSize" : null,
        "offset" : null,
        "groupId" : null
      } ],
      "transportFormats" : [ {
        "rdfType" : [ "http://sepa.event-processing.org/sepa#json" ]
      }, {
        "rdfType" : [ "http://sepa.event-processing.org/sepa#smile" ]
      }, {
        "rdfType" : [ "http://sepa.event-processing.org/sepa#fst" ]
      }, {
        "rdfType" : [ "http://sepa.event-processing.org/sepa#cbor" ]
      } ]
    },
    "correspondingPipeline" : "08cb30fbb8b746c99c3296448d9bf825",
    "correspondingUser" : "7414d58ec42444bda9059792163c902f",
    "streamRequirements" : [ {
      "@class" : "org.apache.streampipes.model.SpDataStream",
      "elementId" : "urn:streampipes.apache.org:eventstream:jKjnmj",
      "dom" : null,
      "connectedTo" : null,
      "name" : null,
      "description" : null,
      "iconUrl" : null,
      "appId" : null,
      "includesAssets" : false,
      "includesLocales" : false,
      "includedAssets" : [ ],
      "includedLocales" : [ ],
      "internallyManaged" : false,
      "eventGrounding" : null,
      "eventSchema" : {
        "eventProperties" : [ {
          "@class" : "org.apache.streampipes.model.schema.EventPropertyPrimitive",
          "elementId" : "sp:eventproperty:CHjqMS",
          "label" : null,
          "description" : null,
          "runtimeName" : "timestamp_mapping",
          "required" : false,
          "domainProperties" : [ "http://schema.org/DateTime" ],
          "propertyScope" : null,
          "index" : 0,
          "runtimeId" : null,
          "runtimeType" : null,
          "measurementUnit" : null,
          "valueSpecification" : null
        } ]
      },
      "category" : null,
      "index" : 0,
      "correspondingAdapterId" : null,
      "uri" : "urn:streampipes.apache.org:eventstream:jKjnmj",
      "_rev" : null
    } ],
    "configured" : true,
    "uncompleted" : false,
    "selectedEndpointUrl" : null,
    "category" : [ "INTERNAL" ],
    "uri" : "sp:datasinkinvocation:DaPnKj:Hrakj",
    "_rev" : null
  }, {
    "@class" : "org.apache.streampipes.model.graph.DataSinkInvocation",
    "elementId" : "sp:datasinkinvocation:muuQwF:T8ihB",
    "dom" : "jsplumb_8_MQiK",
    "connectedTo" : [ "jsplumb_6_gucv" ],
    "name" : "Notification",
    "description" : "Publish a notification directly to the notification pane.",
    "iconUrl" : null,
    "appId" : "org.apache.streampipes.sinks.internal.jvm.notification",
    "includesAssets" : true,
    "includesLocales" : false,
    "includedAssets" : [ "documentation.md", "icon.png" ],
    "includedLocales" : [ ],
    "internallyManaged" : false,
    "inputStreams" : [ {
      "@class" : "org.apache.streampipes.model.SpDataStream",
      "elementId" : "urn:streampipes.apache.org:eventstream:aAJxOP",
      "dom" : null,
      "connectedTo" : null,
      "name" : null,
      "description" : null,
      "iconUrl" : null,
      "appId" : null,
      "includesAssets" : false,
      "includesLocales" : false,
      "includedAssets" : [ ],
      "includedLocales" : [ ],
      "internallyManaged" : false,
      "eventGrounding" : {
        "transportProtocols" : [ {
          "@class" : "org.apache.streampipes.model.grounding.KafkaTransportProtocol",
          "elementId" : "sp:transportprotocol:OebeUR",
          "brokerHostname" : "kafka",
          "topicDefinition" : {
            "@class" : "org.apache.streampipes.model.grounding.SimpleTopicDefinition",
            "actualTopicName" : "org-apache-streampipes-internal-BuXwKGFdonHKsuI"
          },
          "zookeeperHost" : "zookeeper",
          "zookeeperPort" : 2181,
          "kafkaPort" : 9092,
          "lingerMs" : null,
          "messageMaxBytes" : null,
          "maxRequestSize" : null,
          "acks" : null,
          "batchSize" : null,
          "offset" : null,
          "groupId" : "Abnormalpressurenotificationd0e12edb66374aea40a41d0a8efba8ee"
        } ],
        "transportFormats" : [ {
          "rdfType" : [ "http://sepa.event-processing.org/sepa#json" ]
        } ]
      },
      "eventSchema" : {
        "eventProperties" : [ {
          "@class" : "org.apache.streampipes.model.schema.EventPropertyPrimitive",
          "elementId" : "sp:eventproperty:cWJvbl",
          "label" : "Pressure",
          "description" : "Denotes the current pressure in the pressure tank",
          "runtimeName" : "pressure",
          "required" : false,
          "domainProperties" : [ "http://schema.org/Number" ],
          "propertyScope" : "MEASUREMENT_PROPERTY",
          "index" : 2,
          "runtimeId" : null,
          "runtimeType" : "http://www.w3.org/2001/XMLSchema#float",
          "measurementUnit" : null,
          "valueSpecification" : {
            "@class" : "org.apache.streampipes.model.schema.QuantitativeValue",
            "minValue" : 0.0,
            "maxValue" : 100.0,
            "step" : 0.5
          }
        }, {
          "@class" : "org.apache.streampipes.model.schema.EventPropertyPrimitive",
          "elementId" : "sp:eventproperty:DtBVOE",
          "label" : "Sensor ID",
          "description" : "The ID of the sensor",
          "runtimeName" : "sensorId",
          "required" : false,
          "domainProperties" : [ "https://streampipes.org/vocabulary/examples/watertank/v1/hasSensorId" ],
          "propertyScope" : "DIMENSION_PROPERTY",
          "index" : 1,
          "runtimeId" : null,
          "runtimeType" : "http://www.w3.org/2001/XMLSchema#string",
          "measurementUnit" : null,
          "valueSpecification" : null
        }, {
          "@class" : "org.apache.streampipes.model.schema.EventPropertyPrimitive",
          "elementId" : "sp:eventproperty:mbkOyG",
          "label" : "Timestamp",
          "description" : "The current timestamp value",
          "runtimeName" : "timestamp",
          "required" : false,
          "domainProperties" : [ "http://schema.org/DateTime" ],
          "propertyScope" : "HEADER_PROPERTY",
          "index" : 0,
          "runtimeId" : null,
          "runtimeType" : "http://www.w3.org/2001/XMLSchema#long",
          "measurementUnit" : null,
          "valueSpecification" : null
        } ]
      },
      "category" : null,
      "index" : 0,
      "correspondingAdapterId" : null,
      "uri" : "urn:streampipes.apache.org:eventstream:aAJxOP",
      "_rev" : null
    } ],
    "staticProperties" : [ {
      "@class" : "org.apache.streampipes.model.staticproperty.FreeTextStaticProperty",
      "valueRequired" : false,
      "staticPropertyType" : "FreeTextStaticProperty",
      "index" : 0,
      "label" : "Notification Title",
      "description" : "",
      "internalName" : "title",
      "predefined" : false,
      "value" : "Abnormal pressure notice",
      "requiredDatatype" : null,
      "requiredDomainProperty" : "http://www.w3.org/2001/XMLSchema#string",
      "mapsTo" : null,
      "multiLine" : false,
      "htmlAllowed" : false,
      "htmlFontFormat" : false,
      "placeholdersSupported" : false,
      "valueSpecification" : null
    }, {
      "@class" : "org.apache.streampipes.model.staticproperty.FreeTextStaticProperty",
      "valueRequired" : false,
      "staticPropertyType" : "FreeTextStaticProperty",
      "index" : 1,
      "label" : "Content",
      "description" : "Enter the notification text. You can  use placeholders like #fieldName# to add the value of a stream variable.",
      "internalName" : "content",
      "predefined" : false,
      "value" : "<p>#pressure#</p>",
      "requiredDatatype" : null,
      "requiredDomainProperty" : null,
      "mapsTo" : null,
      "multiLine" : true,
      "htmlAllowed" : true,
      "htmlFontFormat" : false,
      "placeholdersSupported" : true,
      "valueSpecification" : null
    }, {
      "@class" : "org.apache.streampipes.model.staticproperty.FreeTextStaticProperty",
      "valueRequired" : false,
      "staticPropertyType" : "FreeTextStaticProperty",
      "index" : 2,
      "label" : "Silent Period [min]",
      "description" : "The minimum number of minutes between two consecutive notifications that are sent.",
      "internalName" : "silent-period",
      "predefined" : false,
      "value" : "10",
      "requiredDatatype" : null,
      "requiredDomainProperty" : "http://www.w3.org/2001/XMLSchema#integer",
      "mapsTo" : null,
      "multiLine" : false,
      "htmlAllowed" : false,
      "htmlFontFormat" : false,
      "placeholdersSupported" : false,
      "valueSpecification" : null
    } ],
    "belongsTo" : "sp:org.apache.streampipes.sinks.internal.jvm.notification",
    "statusInfoSettings" : null,
    "supportedGrounding" : {
      "transportProtocols" : [ {
        "@class" : "org.apache.streampipes.model.grounding.MqttTransportProtocol",
        "elementId" : "sp:transportprotocol:sTugWJ",
        "brokerHostname" : null,
        "topicDefinition" : null,
        "port" : 0
      }, {
        "@class" : "org.apache.streampipes.model.grounding.NatsTransportProtocol",
        "elementId" : "sp:transportprotocol:yCxZjC",
        "brokerHostname" : null,
        "topicDefinition" : null,
        "port" : 0
      }, {
        "@class" : "org.apache.streampipes.model.grounding.JmsTransportProtocol",
        "elementId" : "sp:transportprotocol:apgSHd",
        "brokerHostname" : null,
        "topicDefinition" : null,
        "port" : 0
      }, {
        "@class" : "org.apache.streampipes.model.grounding.PulsarTransportProtocol",
        "elementId" : "sp:transportprotocol:RKVlBy",
        "brokerHostname" : "pulsar://localhost:6650",
        "topicDefinition" : null
      }, {
        "@class" : "org.apache.streampipes.model.grounding.KafkaTransportProtocol",
        "elementId" : "sp:transportprotocol:zcdTKW",
        "brokerHostname" : null,
        "topicDefinition" : null,
        "zookeeperHost" : null,
        "zookeeperPort" : 0,
        "kafkaPort" : 0,
        "lingerMs" : null,
        "messageMaxBytes" : null,
        "maxRequestSize" : null,
        "acks" : null,
        "batchSize" : null,
        "offset" : null,
        "groupId" : null
      } ],
      "transportFormats" : [ {
        "rdfType" : [ "http://sepa.event-processing.org/sepa#json" ]
      }, {
        "rdfType" : [ "http://sepa.event-processing.org/sepa#smile" ]
      }, {
        "rdfType" : [ "http://sepa.event-processing.org/sepa#fst" ]
      }, {
        "rdfType" : [ "http://sepa.event-processing.org/sepa#cbor" ]
      } ]
    },
    "correspondingPipeline" : "08cb30fbb8b746c99c3296448d9bf825",
    "correspondingUser" : "7414d58ec42444bda9059792163c902f",
    "streamRequirements" : [ {
      "@class" : "org.apache.streampipes.model.SpDataStream",
      "elementId" : "urn:streampipes.apache.org:eventstream:aAJxOP",
      "dom" : null,
      "connectedTo" : null,
      "name" : null,
      "description" : null,
      "iconUrl" : null,
      "appId" : null,
      "includesAssets" : false,
      "includesLocales" : false,
      "includedAssets" : [ ],
      "includedLocales" : [ ],
      "internallyManaged" : false,
      "eventGrounding" : null,
      "eventSchema" : {
        "eventProperties" : [ {
          "@class" : "org.apache.streampipes.model.schema.EventPropertyPrimitive",
          "elementId" : "sp:eventproperty:OJpYHK",
          "label" : null,
          "description" : null,
          "runtimeName" : null,
          "required" : false,
          "domainProperties" : [ ],
          "propertyScope" : null,
          "index" : 0,
          "runtimeId" : null,
          "runtimeType" : null,
          "measurementUnit" : null,
          "valueSpecification" : null
        } ]
      },
      "category" : null,
      "index" : 0,
      "correspondingAdapterId" : null,
      "uri" : "urn:streampipes.apache.org:eventstream:aAJxOP",
      "_rev" : null
    } ],
    "configured" : true,
    "uncompleted" : false,
    "selectedEndpointUrl" : null,
    "category" : [ "INTERNAL", "NOTIFICATION" ],
    "uri" : "sp:datasinkinvocation:muuQwF:T8ihB",
    "_rev" : null
  } ],
  "running" : false,
  "restartOnSystemReboot" : false,
  "startedAt" : 1697980435172,
  "createdAt" : 1697803207595,
  "publicElement" : false,
  "createdByUser" : "7414d58ec42444bda9059792163c902f",
  "pipelineCategories" : [ ],
  "pipelineNotifications" : [ ],
  "healthStatus" : "OK",
  "_id" : "08cb30fbb8b746c99c3296448d9bf825",
  "_rev" : null
}