{
  "widgetId" : null,
  "widgetType" : "distribution-chart",
  "baseAppearanceConfig" : {"widgetTitle":"Factory 1 environment condition identifier - time-series-chart","backgroundColor":"#FFFFFF","textColor":"#3e3e3e"},
  "visualizationConfig" : {"forType":7.0,"selectedProperty":{"runtimeName":"factory_temperature","measure":"Factory 1 environment condition identifier","fullDbName":"factory_temperature","sourceIndex":0.0,"fieldCharacteristics":{"dimension":false,"numeric":true,"binary":false,"semanticTypes":[]}},"displayType":"histogram","roundingValue":10.0,"resolution":1.0,"autoBin":true,"numberOfBins":10.0,"domainMin":0.0,"domainMax":100.0,"autoDomain":true},
  "dataConfig" : {"ignoreMissingValues":false,"sourceConfigs":[{"measureName":"Factory 1 environment condition identifier","queryConfig":{"selectedFilters":[{"operator":"=","value":""}],"limit":100.0,"page":1.0,"aggregationTimeUnit":"d","aggregationValue":1.0,"fields":[{"runtimeName":"factory_id","selected":false,"numeric":true,"aggregations":["MEAN"]},{"runtimeName":"factory_temperature","selected":true,"numeric":true,"aggregations":["MEAN"]},{"runtimeName":"humidity","selected":false,"numeric":true,"aggregations":["MEAN"]}],"groupBy":[]},"queryType":"raw","sourceType":"measurement","measure":{"@class":"org.apache.streampipes.model.datalake.DataLakeMeasure","eventSchema":{"eventProperties":[{"@class":"org.apache.streampipes.model.schema.EventPropertyPrimitive","description":"","domainProperties":[],"elementId":"sp:eventproperty:SDaEso","index":0.0,"propertyScope":"MEASUREMENT_PROPERTY","required":false,"runtimeName":"factory_id","runtimeType":"http://www.w3.org/2001/XMLSchema#float"},{"@class":"org.apache.streampipes.model.schema.EventPropertyPrimitive","description":"","domainProperties":[],"elementId":"sp:eventproperty:KaTnnS","index":1.0,"propertyScope":"MEASUREMENT_PROPERTY","required":false,"runtimeName":"factory_temperature","runtimeType":"http://www.w3.org/2001/XMLSchema#float"},{"@class":"org.apache.streampipes.model.schema.EventPropertyPrimitive","description":"","domainProperties":[],"elementId":"sp:eventproperty:mhBqKP","index":2.0,"propertyScope":"MEASUREMENT_PROPERTY","required":false,"runtimeName":"humidity","runtimeType":"http://www.w3.org/2001/XMLSchema#float"}]},"measureName":"Factory 1 environment condition identifier","pipelineId":"a08fbd230bea4c8baeb73a83d7fab944","pipelineIsRunning":true,"pipelineName":"Factory environment monitor"}}]},
  "pipelineId" : null,
  "measureName" : null,
  "_id" : "09d527f9c7064076a938e2de96815824",
  "_rev" : null
}