[{"factory_id":2,"temperature":-35.31,"humidity":81.3},
{"factory_id":1,"temperature":-39.12,"humidity":13.93},
{"factory_id":3,"temperature":18.91,"humidity":35.71},
{"factory_id":2,"temperature":28.85,"humidity":26.34},
{"factory_id":2,"temperature":89.07,"humidity":67.62},
{"factory_id":3,"temperature":48.08,"humidity":48.87},
{"factory_id":2,"temperature":21.84,"humidity":82.33},
{"factory_id":1,"temperature":28.13,"humidity":75.33},
{"factory_id":2,"temperature":87.3,"humidity":37.7},
{"factory_id":2,"temperature":51.33,"humidity":80.0},
{"factory_id":2,"temperature":21.66,"humidity":55.95},
{"factory_id":3,"temperature":53.89,"humidity":94.35},
{"factory_id":3,"temperature":65.69,"humidity":16.92},
{"factory_id":1,"temperature":46.75,"humidity":48.84},
{"factory_id":2,"temperature":-27.14,"humidity":25.72},
{"factory_id":3,"temperature":69.2,"humidity":75.89},
{"factory_id":3,"temperature":92.44,"humidity":42.22},
{"factory_id":1,"temperature":22.22,"humidity":29.82},
{"factory_id":3,"temperature":38.99,"humidity":89.49},
{"factory_id":2,"temperature":79.18,"humidity":47.54},
{"factory_id":2,"temperature":87.4,"humidity":90.03},
{"factory_id":2,"temperature":-19.94,"humidity":86.47},
{"factory_id":1,"temperature":52.59,"humidity":93.8},
{"factory_id":2,"temperature":18.97,"humidity":87.22},
{"factory_id":3,"temperature":-12.32,"humidity":2.4},
{"factory_id":2,"temperature":7.32,"humidity":29.24},
{"factory_id":3,"temperature":48.59,"humidity":42.97},
{"factory_id":3,"temperature":61.65,"humidity":92.84},
{"factory_id":3,"temperature":81.58,"humidity":53.72},
{"factory_id":3,"temperature":68.82,"humidity":15.36},
{"factory_id":2,"temperature":-11.28,"humidity":37.02},
{"factory_id":3,"temperature":-27.71,"humidity":49.42},
{"factory_id":1,"temperature":67.83,"humidity":14.46},
{"factory_id":3,"temperature":-16.96,"humidity":44.07},
{"factory_id":2,"temperature":75.02,"humidity":29.08},
{"factory_id":1,"temperature":-6.89,"humidity":13.86},
{"factory_id":2,"temperature":83.72,"humidity":25.83},
{"factory_id":2,"temperature":-24.81,"humidity":8.59},
{"factory_id":3,"temperature":-24.4,"humidity":11.67},
{"factory_id":3,"temperature":85.92,"humidity":47.18},
{"factory_id":1,"temperature":86.88,"humidity":82.54},
{"factory_id":3,"temperature":-37.34,"humidity":87.5},
{"factory_id":1,"temperature":86.15,"humidity":57.03},
{"factory_id":2,"temperature":47.58,"humidity":33.3},
{"factory_id":2,"temperature":-31.54,"humidity":34.07},
{"factory_id":3,"temperature":69.88,"humidity":3.48},
{"factory_id":3,"temperature":-28.54,"humidity":50.35},
{"factory_id":3,"temperature":-33.3,"humidity":38.0},
{"factory_id":2,"temperature":46.47,"humidity":97.42},
{"factory_id":2,"temperature":52.9,"humidity":12.34},
{"factory_id":3,"temperature":4.18,"humidity":95.43},
{"factory_id":3,"temperature":73.45,"humidity":22.64},
{"factory_id":1,"temperature":-2.91,"humidity":34.62},
{"factory_id":2,"temperature":97.57,"humidity":35.11},
{"factory_id":1,"temperature":-23.87,"humidity":2.74},
{"factory_id":1,"temperature":-27.38,"humidity":68.64},
{"factory_id":2,"temperature":17.59,"humidity":44.27},
{"factory_id":2,"temperature":-14.67,"humidity":59.06},
{"factory_id":2,"temperature":39.43,"humidity":37.75},
{"factory_id":3,"temperature":77.93,"humidity":7.84},
{"factory_id":2,"temperature":84.42,"humidity":29.59},
{"factory_id":2,"temperature":-3.71,"humidity":89.59},
{"factory_id":1,"temperature":92.07,"humidity":44.59},
{"factory_id":1,"temperature":2.25,"humidity":11.54},
{"factory_id":2,"temperature":-27.53,"humidity":29.25},
{"factory_id":3,"temperature":0.01,"humidity":66.43},
{"factory_id":3,"temperature":66.82,"humidity":31.38},
{"factory_id":2,"temperature":50.43,"humidity":51.35},
{"factory_id":2,"temperature":64.37,"humidity":63.99},
{"factory_id":2,"temperature":-18.21,"humidity":5.56},
{"factory_id":1,"temperature":-33.79,"humidity":94.87},
{"factory_id":1,"temperature":14.77,"humidity":81.82},
{"factory_id":2,"temperature":51.28,"humidity":3.02},
{"factory_id":3,"temperature":38.29,"humidity":48.74},
{"factory_id":2,"temperature":-9.95,"humidity":63.32},
{"factory_id":1,"temperature":-37.01,"humidity":90.07},
{"factory_id":1,"temperature":-16.08,"humidity":61.69},
{"factory_id":3,"temperature":39.44,"humidity":18.52},
{"factory_id":2,"temperature":62.24,"humidity":69.03},
{"factory_id":1,"temperature":-16.55,"humidity":91.09},
{"factory_id":3,"temperature":-9.26,"humidity":99.89},
{"factory_id":3,"temperature":-13.73,"humidity":9.66},
{"factory_id":1,"temperature":-0.45,"humidity":65.54},
{"factory_id":2,"temperature":-37.03,"humidity":33.45},
{"factory_id":2,"temperature":-35.11,"humidity":65.89},
{"factory_id":1,"temperature":48.31,"humidity":17.65},
{"factory_id":1,"temperature":34.81,"humidity":33.45},
{"factory_id":3,"temperature":-34.23,"humidity":76.49},
{"factory_id":2,"temperature":-3.16,"humidity":35.42},
{"factory_id":3,"temperature":38.08,"humidity":41.78},
{"factory_id":2,"temperature":61.83,"humidity":62.17},
{"factory_id":1,"temperature":1.24,"humidity":73.12},
{"factory_id":3,"temperature":62.29,"humidity":36.24},
{"factory_id":3,"temperature":-4.04,"humidity":19.29},
{"factory_id":1,"temperature":-13.82,"humidity":16.23},
{"factory_id":1,"temperature":32.98,"humidity":63.85},
{"factory_id":2,"temperature":-6.83,"humidity":54.17},
{"factory_id":1,"temperature":39.54,"humidity":22.56},
{"factory_id":1,"temperature":35.49,"humidity":36.37},
{"factory_id":1,"temperature":-38.74,"humidity":20.26},
{"factory_id":2,"temperature":90.14,"humidity":88.72},
{"factory_id":2,"temperature":51.51,"humidity":95.63},
{"factory_id":1,"temperature":-2.72,"humidity":64.96},
{"factory_id":3,"temperature":23.12,"humidity":74.63},
{"factory_id":1,"temperature":30.87,"humidity":57.26},
{"factory_id":1,"temperature":93.68,"humidity":14.77},
{"factory_id":2,"temperature":58.03,"humidity":80.58},
{"factory_id":2,"temperature":16.79,"humidity":53.3},
{"factory_id":1,"temperature":-22.95,"humidity":47.18},
{"factory_id":1,"temperature":-1.96,"humidity":69.62},
{"factory_id":2,"temperature":22.94,"humidity":42.91},
{"factory_id":1,"temperature":4.43,"humidity":35.33},
{"factory_id":3,"temperature":86.82,"humidity":70.51},
{"factory_id":1,"temperature":82.82,"humidity":80.52},
{"factory_id":2,"temperature":9.59,"humidity":41.2},
{"factory_id":1,"temperature":73.5,"humidity":18.42},
{"factory_id":2,"temperature":65.49,"humidity":55.09},
{"factory_id":1,"temperature":34.94,"humidity":11.78},
{"factory_id":1,"temperature":53.98,"humidity":92.29},
{"factory_id":1,"temperature":55.92,"humidity":74.11},
{"factory_id":3,"temperature":55.85,"humidity":29.66},
{"factory_id":3,"temperature":-34.0,"humidity":82.5},
{"factory_id":3,"temperature":-30.66,"humidity":55.01},
{"factory_id":1,"temperature":71.14,"humidity":74.16},
{"factory_id":1,"temperature":-39.8,"humidity":44.65},
{"factory_id":1,"temperature":58.42,"humidity":25.99},
{"factory_id":2,"temperature":49.76,"humidity":74.75},
{"factory_id":3,"temperature":33.98,"humidity":53.17},
{"factory_id":2,"temperature":-35.82,"humidity":34.91},
{"factory_id":2,"temperature":-19.99,"humidity":85.39},
{"factory_id":1,"temperature":89.83,"humidity":8.38},
{"factory_id":1,"temperature":-2.23,"humidity":84.33},
{"factory_id":1,"temperature":74.71,"humidity":41.43},
{"factory_id":2,"temperature":30.56,"humidity":96.08},
{"factory_id":3,"temperature":3.25,"humidity":18.93},
{"factory_id":3,"temperature":85.7,"humidity":7.91},
{"factory_id":1,"temperature":94.04,"humidity":15.82},
{"factory_id":2,"temperature":70.48,"humidity":88.23},
{"factory_id":1,"temperature":28.89,"humidity":84.99},
{"factory_id":3,"temperature":-31.11,"humidity":45.88},
{"factory_id":3,"temperature":96.36,"humidity":44.73},
{"factory_id":3,"temperature":61.51,"humidity":37.23},
{"factory_id":1,"temperature":-3.91,"humidity":27.68},
{"factory_id":3,"temperature":64.73,"humidity":99.9},
{"factory_id":2,"temperature":11.67,"humidity":19.82},
{"factory_id":2,"temperature":-3.48,"humidity":73.43},
{"factory_id":3,"temperature":-31.09,"humidity":96.08},
{"factory_id":2,"temperature":69.47,"humidity":71.74},
{"factory_id":1,"temperature":-15.06,"humidity":45.04},
{"factory_id":2,"temperature":22.94,"humidity":1.12},
{"factory_id":2,"temperature":47.41,"humidity":27.61},
{"factory_id":1,"temperature":-33.52,"humidity":73.39},
{"factory_id":2,"temperature":15.26,"humidity":32.74},
{"factory_id":1,"temperature":-32.99,"humidity":59.64},
{"factory_id":2,"temperature":95.6,"humidity":40.87},
{"factory_id":1,"temperature":30.8,"humidity":20.98},
{"factory_id":2,"temperature":81.69,"humidity":30.97},
{"factory_id":2,"temperature":75.07,"humidity":80.7},
{"factory_id":2,"temperature":4.75,"humidity":6.36},
{"factory_id":3,"temperature":-13.65,"humidity":62.67},
{"factory_id":3,"temperature":-1.25,"humidity":63.73},
{"factory_id":2,"temperature":62.45,"humidity":24.93},
{"factory_id":3,"temperature":-39.14,"humidity":11.77},
{"factory_id":3,"temperature":73.63,"humidity":3.15},
{"factory_id":3,"temperature":82.61,"humidity":85.27},
{"factory_id":1,"temperature":72.39,"humidity":67.66},
{"factory_id":1,"temperature":-32.55,"humidity":71.5},
{"factory_id":1,"temperature":4.47,"humidity":35.32},
{"factory_id":1,"temperature":-16.26,"humidity":43.74},
{"factory_id":3,"temperature":-32.97,"humidity":3.31},
{"factory_id":1,"temperature":-5.03,"humidity":32.44},
{"factory_id":2,"temperature":8.7,"humidity":85.88},
{"factory_id":3,"temperature":36.57,"humidity":68.21},
{"factory_id":1,"temperature":49.37,"humidity":25.91},
{"factory_id":3,"temperature":58.46,"humidity":41.84},
{"factory_id":2,"temperature":-2.24,"humidity":42.46},
{"factory_id":3,"temperature":48.63,"humidity":77.06},
{"factory_id":1,"temperature":58.06,"humidity":47.07},
{"factory_id":2,"temperature":62.67,"humidity":35.71},
{"factory_id":2,"temperature":73.36,"humidity":4.6},
{"factory_id":2,"temperature":80.98,"humidity":8.5},
{"factory_id":1,"temperature":2.33,"humidity":26.94},
{"factory_id":2,"temperature":-13.79,"humidity":66.05},
{"factory_id":1,"temperature":94.69,"humidity":41.78},
{"factory_id":1,"temperature":83.79,"humidity":67.59},
{"factory_id":1,"temperature":47.74,"humidity":19.25},
{"factory_id":2,"temperature":44.65,"humidity":82.81},
{"factory_id":1,"temperature":40.15,"humidity":94.86},
{"factory_id":1,"temperature":28.19,"humidity":81.09},
{"factory_id":3,"temperature":76.2,"humidity":82.9},
{"factory_id":1,"temperature":76.03,"humidity":68.82},
{"factory_id":1,"temperature":10.35,"humidity":12.48},
{"factory_id":1,"temperature":-20.14,"humidity":82.77},
{"factory_id":3,"temperature":8.8,"humidity":56.98},
{"factory_id":3,"temperature":59.03,"humidity":7.92},
{"factory_id":3,"temperature":78.31,"humidity":79.79},
{"factory_id":3,"temperature":-6.94,"humidity":77.67},
{"factory_id":1,"temperature":-6.03,"humidity":0.33},
{"factory_id":2,"temperature":83.03,"humidity":61.94},
{"factory_id":3,"temperature":0.26,"humidity":43.41},
{"factory_id":3,"temperature":-20.78,"humidity":85.69},
{"factory_id":2,"temperature":50.19,"humidity":26.92},
{"factory_id":2,"temperature":45.73,"humidity":29.39},
{"factory_id":2,"temperature":-2.48,"humidity":83.88},
{"factory_id":2,"temperature":47.09,"humidity":36.71},
{"factory_id":2,"temperature":45.9,"humidity":19.91},
{"factory_id":1,"temperature":-21.95,"humidity":33.0},
{"factory_id":2,"temperature":-20.37,"humidity":29.27},
{"factory_id":3,"temperature":55.71,"humidity":96.78},
{"factory_id":1,"temperature":5.99,"humidity":96.34},
{"factory_id":2,"temperature":95.61,"humidity":9.76},
{"factory_id":1,"temperature":59.66,"humidity":29.63},
{"factory_id":1,"temperature":-23.66,"humidity":53.3},
{"factory_id":2,"temperature":45.71,"humidity":74.47},
{"factory_id":1,"temperature":4.58,"humidity":28.83},
{"factory_id":3,"temperature":-35.94,"humidity":39.91},
{"factory_id":3,"temperature":92.87,"humidity":44.28},
{"factory_id":2,"temperature":-33.95,"humidity":24.34},
{"factory_id":1,"temperature":91.03,"humidity":65.11},
{"factory_id":2,"temperature":80.45,"humidity":54.26},
{"factory_id":2,"temperature":71.55,"humidity":65.34},
{"factory_id":1,"temperature":54.71,"humidity":0.31},
{"factory_id":1,"temperature":94.38,"humidity":88.11},
{"factory_id":2,"temperature":30.94,"humidity":34.77},
{"factory_id":2,"temperature":63.03,"humidity":14.49},
{"factory_id":1,"temperature":3.06,"humidity":86.56},
{"factory_id":2,"temperature":59.68,"humidity":54.54},
{"factory_id":2,"temperature":72.65,"humidity":94.81},
{"factory_id":3,"temperature":64.2,"humidity":80.68},
{"factory_id":2,"temperature":3.99,"humidity":69.11},
{"factory_id":3,"temperature":-0.57,"humidity":98.79},
{"factory_id":2,"temperature":49.02,"humidity":89.67},
{"factory_id":1,"temperature":99.62,"humidity":81.8},
{"factory_id":1,"temperature":71.01,"humidity":35.63},
{"factory_id":3,"temperature":-3.48,"humidity":60.73},
{"factory_id":1,"temperature":33.39,"humidity":15.15},
{"factory_id":1,"temperature":88.4,"humidity":72.52},
{"factory_id":1,"temperature":91.19,"humidity":94.89},
{"factory_id":1,"temperature":79.79,"humidity":44.29},
{"factory_id":3,"temperature":61.86,"humidity":22.99},
{"factory_id":2,"temperature":6.35,"humidity":13.77},
{"factory_id":3,"temperature":-4.01,"humidity":28.7},
{"factory_id":1,"temperature":-18.63,"humidity":61.47},
{"factory_id":1,"temperature":59.63,"humidity":11.19},
{"factory_id":1,"temperature":18.48,"humidity":23.97},
{"factory_id":1,"temperature":56.4,"humidity":38.84},
{"factory_id":3,"temperature":13.59,"humidity":87.4},
{"factory_id":3,"temperature":-0.8,"humidity":29.27},
{"factory_id":3,"temperature":48.63,"humidity":40.22},
{"factory_id":3,"temperature":47.16,"humidity":94.95},
{"factory_id":1,"temperature":-2.02,"humidity":8.83},
{"factory_id":1,"temperature":6.71,"humidity":6.26},
{"factory_id":3,"temperature":75.77,"humidity":1.2},
{"factory_id":2,"temperature":-35.7,"humidity":49.75},
{"factory_id":2,"temperature":90.06,"humidity":9.96},
{"factory_id":1,"temperature":52.1,"humidity":0.08},
{"factory_id":2,"temperature":34.38,"humidity":88.11},
{"factory_id":3,"temperature":-22.67,"humidity":12.41},
{"factory_id":1,"temperature":39.56,"humidity":99.06},
{"factory_id":2,"temperature":-9.84,"humidity":87.45},
{"factory_id":1,"temperature":69.55,"humidity":21.32},
{"factory_id":1,"temperature":-19.36,"humidity":29.62},
{"factory_id":3,"temperature":-8.84,"humidity":9.37},
{"factory_id":3,"temperature":-7.5,"humidity":17.5},
{"factory_id":2,"temperature":-14.32,"humidity":14.33},
{"factory_id":1,"temperature":-14.99,"humidity":65.53},
{"factory_id":1,"temperature":-11.75,"humidity":77.77},
{"factory_id":3,"temperature":-28.33,"humidity":95.27},
{"factory_id":2,"temperature":79.28,"humidity":13.91},
{"factory_id":2,"temperature":-33.42,"humidity":41.42},
{"factory_id":1,"temperature":-21.18,"humidity":88.27},
{"factory_id":3,"temperature":-35.55,"humidity":68.6},
{"factory_id":2,"temperature":86.8,"humidity":89.34},
{"factory_id":1,"temperature":6.51,"humidity":96.22},
{"factory_id":2,"temperature":16.92,"humidity":44.19},
{"factory_id":2,"temperature":28.13,"humidity":80.17},
{"factory_id":1,"temperature":7.01,"humidity":0.01},
{"factory_id":2,"temperature":34.03,"humidity":49.19},
{"factory_id":1,"temperature":98.24,"humidity":53.94},
{"factory_id":2,"temperature":49.6,"humidity":46.34},
{"factory_id":3,"temperature":99.47,"humidity":19.06},
{"factory_id":3,"temperature":34.16,"humidity":10.35},
{"factory_id":3,"temperature":97.35,"humidity":81.66},
{"factory_id":1,"temperature":84.24,"humidity":11.02},
{"factory_id":3,"temperature":10.85,"humidity":28.66},
{"factory_id":3,"temperature":69.06,"humidity":76.94},
{"factory_id":1,"temperature":-23.41,"humidity":84.82},
{"factory_id":3,"temperature":24.65,"humidity":73.47},
{"factory_id":2,"temperature":30.65,"humidity":9.63},
{"factory_id":3,"temperature":88.8,"humidity":15.9},
{"factory_id":1,"temperature":53.87,"humidity":81.05},
{"factory_id":1,"temperature":92.66,"humidity":79.52},
{"factory_id":3,"temperature":49.02,"humidity":0.81},
{"factory_id":1,"temperature":10.13,"humidity":52.32},
{"factory_id":3,"temperature":34.7,"humidity":23.37},
{"factory_id":3,"temperature":68.66,"humidity":80.26},
{"factory_id":2,"temperature":-35.14,"humidity":25.34},
{"factory_id":2,"temperature":9.05,"humidity":97.47},
{"factory_id":2,"temperature":15.37,"humidity":55.65},
{"factory_id":3,"temperature":97.82,"humidity":69.31},
{"factory_id":3,"temperature":-3.01,"humidity":3.54},
{"factory_id":3,"temperature":31.29,"humidity":26.11},
{"factory_id":2,"temperature":21.26,"humidity":71.47},
{"factory_id":3,"temperature":-5.22,"humidity":42.53},
{"factory_id":2,"temperature":12.77,"humidity":65.31},
{"factory_id":2,"temperature":-33.41,"humidity":35.04},
{"factory_id":1,"temperature":71.36,"humidity":63.57},
{"factory_id":2,"temperature":-22.62,"humidity":55.07},
{"factory_id":1,"temperature":0.22,"humidity":97.07},
{"factory_id":3,"temperature":10.65,"humidity":64.41},
{"factory_id":1,"temperature":84.83,"humidity":61.39},
{"factory_id":3,"temperature":95.99,"humidity":92.73},
{"factory_id":3,"temperature":58.7,"humidity":32.56},
{"factory_id":2,"temperature":63.87,"humidity":17.52},
{"factory_id":3,"temperature":65.07,"humidity":68.36},
{"factory_id":3,"temperature":1.26,"humidity":16.83},
{"factory_id":1,"temperature":39.51,"humidity":27.5},
{"factory_id":3,"temperature":74.69,"humidity":63.88},
{"factory_id":2,"temperature":-9.04,"humidity":32.0},
{"factory_id":1,"temperature":99.8,"humidity":13.71},
{"factory_id":2,"temperature":98.42,"humidity":89.93},
{"factory_id":1,"temperature":88.98,"humidity":18.13},
{"factory_id":1,"temperature":97.68,"humidity":84.92},
{"factory_id":1,"temperature":-2.4,"humidity":2.32},
{"factory_id":3,"temperature":77.43,"humidity":37.1},
{"factory_id":2,"temperature":85.39,"humidity":72.97},
{"factory_id":1,"temperature":-18.41,"humidity":93.29},
{"factory_id":1,"temperature":-21.64,"humidity":20.71},
{"factory_id":1,"temperature":13.49,"humidity":67.4},
{"factory_id":1,"temperature":25.86,"humidity":48.64},
{"factory_id":3,"temperature":-17.08,"humidity":67.1},
{"factory_id":1,"temperature":-28.73,"humidity":72.18},
{"factory_id":2,"temperature":32.25,"humidity":89.27},
{"factory_id":1,"temperature":1.31,"humidity":7.88},
{"factory_id":3,"temperature":39.92,"humidity":28.55},
{"factory_id":3,"temperature":-32.07,"humidity":24.79},
{"factory_id":3,"temperature":29.5,"humidity":91.68},
{"factory_id":1,"temperature":96.99,"humidity":75.65},
{"factory_id":1,"temperature":-28.3,"humidity":63.32},
{"factory_id":1,"temperature":-25.03,"humidity":4.9},
{"factory_id":2,"temperature":12.45,"humidity":40.11},
{"factory_id":3,"temperature":86.53,"humidity":57.76},
{"factory_id":1,"temperature":47.41,"humidity":60.54},
{"factory_id":3,"temperature":-2.08,"humidity":77.23},
{"factory_id":1,"temperature":-22.13,"humidity":64.48},
{"factory_id":2,"temperature":94.42,"humidity":9.3},
{"factory_id":3,"temperature":44.19,"humidity":55.99},
{"factory_id":3,"temperature":29.64,"humidity":59.79},
{"factory_id":3,"temperature":49.21,"humidity":1.28},
{"factory_id":1,"temperature":-33.06,"humidity":98.58},
{"factory_id":1,"temperature":16.24,"humidity":69.23},
{"factory_id":3,"temperature":39.8,"humidity":40.57},
{"factory_id":3,"temperature":-14.29,"humidity":27.64},
{"factory_id":3,"temperature":75.38,"humidity":51.22},
{"factory_id":1,"temperature":71.09,"humidity":84.23},
{"factory_id":1,"temperature":68.98,"humidity":25.68},
{"factory_id":3,"temperature":-18.36,"humidity":27.75},
{"factory_id":1,"temperature":-1.05,"humidity":22.17},
{"factory_id":1,"temperature":1.25,"humidity":29.24},
{"factory_id":3,"temperature":97.63,"humidity":47.36},
{"factory_id":1,"temperature":-11.05,"humidity":77.94},
{"factory_id":3,"temperature":45.64,"humidity":52.87},
{"factory_id":3,"temperature":60.09,"humidity":4.48},
{"factory_id":1,"temperature":54.49,"humidity":93.22},
{"factory_id":3,"temperature":3.65,"humidity":69.67},
{"factory_id":1,"temperature":97.93,"humidity":98.59},
{"factory_id":2,"temperature":0.65,"humidity":35.7},
{"factory_id":2,"temperature":21.16,"humidity":41.83},
{"factory_id":1,"temperature":58.41,"humidity":25.13},
{"factory_id":2,"temperature":52.66,"humidity":93.4},
{"factory_id":2,"temperature":-25.13,"humidity":26.38},
{"factory_id":2,"temperature":30.47,"humidity":28.0},
{"factory_id":1,"temperature":63.37,"humidity":9.5},
{"factory_id":1,"temperature":13.04,"humidity":41.8},
{"factory_id":1,"temperature":43.1,"humidity":27.86},
{"factory_id":1,"temperature":94.59,"humidity":71.5},
{"factory_id":1,"temperature":34.95,"humidity":82.58},
{"factory_id":2,"temperature":-6.61,"humidity":72.35},
{"factory_id":1,"temperature":-33.74,"humidity":24.54},
{"factory_id":2,"temperature":-2.77,"humidity":62.69},
{"factory_id":2,"temperature":8.51,"humidity":71.25},
{"factory_id":1,"temperature":36.18,"humidity":79.88},
{"factory_id":2,"temperature":79.74,"humidity":79.91},
{"factory_id":3,"temperature":-11.54,"humidity":56.35},
{"factory_id":3,"temperature":57.43,"humidity":87.84},
{"factory_id":2,"temperature":65.48,"humidity":55.06},
{"factory_id":2,"temperature":85.28,"humidity":80.03},
{"factory_id":3,"temperature":-26.05,"humidity":60.72},
{"factory_id":1,"temperature":-24.83,"humidity":14.44},
{"factory_id":1,"temperature":15.35,"humidity":28.76},
{"factory_id":1,"temperature":71.15,"humidity":70.31},
{"factory_id":3,"temperature":71.64,"humidity":11.7},
{"factory_id":3,"temperature":14.14,"humidity":98.76},
{"factory_id":2,"temperature":62.52,"humidity":33.46},
{"factory_id":1,"temperature":-19.67,"humidity":31.38},
{"factory_id":3,"temperature":28.01,"humidity":88.53},
{"factory_id":3,"temperature":98.99,"humidity":85.06},
{"factory_id":1,"temperature":18.16,"humidity":25.39},
{"factory_id":1,"temperature":87.93,"humidity":27.49},
{"factory_id":1,"temperature":56.88,"humidity":59.03},
{"factory_id":3,"temperature":2.94,"humidity":22.08},
{"factory_id":3,"temperature":-21.92,"humidity":97.68},
{"factory_id":2,"temperature":39.65,"humidity":11.74},
{"factory_id":1,"temperature":27.74,"humidity":86.97},
{"factory_id":3,"temperature":8.0,"humidity":45.05},
{"factory_id":1,"temperature":94.38,"humidity":87.12},
{"factory_id":1,"temperature":0.5,"humidity":70.77},
{"factory_id":3,"temperature":-37.82,"humidity":99.39},
{"factory_id":1,"temperature":33.74,"humidity":75.32},
{"factory_id":2,"temperature":99.82,"humidity":44.86},
{"factory_id":2,"temperature":21.09,"humidity":2.48},
{"factory_id":1,"temperature":23.64,"humidity":23.89},
{"factory_id":3,"temperature":36.93,"humidity":62.96},
{"factory_id":3,"temperature":-37.42,"humidity":65.36},
{"factory_id":2,"temperature":-25.84,"humidity":77.73},
{"factory_id":1,"temperature":54.02,"humidity":59.05},
{"factory_id":3,"temperature":1.32,"humidity":35.31},
{"factory_id":3,"temperature":84.88,"humidity":71.01},
{"factory_id":2,"temperature":41.72,"humidity":97.91},
{"factory_id":3,"temperature":-4.41,"humidity":24.42},
{"factory_id":3,"temperature":0.9,"humidity":10.46},
{"factory_id":3,"temperature":38.54,"humidity":84.77},
{"factory_id":2,"temperature":33.4,"humidity":23.98},
{"factory_id":3,"temperature":-22.31,"humidity":91.32},
{"factory_id":3,"temperature":20.89,"humidity":30.92},
{"factory_id":2,"temperature":18.41,"humidity":75.85},
{"factory_id":3,"temperature":-30.67,"humidity":96.6},
{"factory_id":3,"temperature":95.94,"humidity":56.46},
{"factory_id":3,"temperature":80.46,"humidity":96.58},
{"factory_id":3,"temperature":69.36,"humidity":12.88},
{"factory_id":3,"temperature":61.66,"humidity":83.0},
{"factory_id":1,"temperature":-31.61,"humidity":94.18},
{"factory_id":1,"temperature":28.33,"humidity":89.09},
{"factory_id":1,"temperature":32.67,"humidity":1.61},
{"factory_id":3,"temperature":12.6,"humidity":96.17},
{"factory_id":1,"temperature":34.02,"humidity":22.61},
{"factory_id":2,"temperature":21.06,"humidity":3.76},
{"factory_id":3,"temperature":39.02,"humidity":25.6},
{"factory_id":2,"temperature":37.13,"humidity":57.27},
{"factory_id":2,"temperature":39.41,"humidity":82.69},
{"factory_id":2,"temperature":26.37,"humidity":74.15},
{"factory_id":1,"temperature":-4.22,"humidity":4.22},
{"factory_id":1,"temperature":91.82,"humidity":77.82},
{"factory_id":1,"temperature":-33.21,"humidity":77.3},
{"factory_id":1,"temperature":-12.72,"humidity":51.65},
{"factory_id":1,"temperature":36.31,"humidity":57.01},
{"factory_id":2,"temperature":43.29,"humidity":96.97},
{"factory_id":2,"temperature":-32.4,"humidity":60.23},
{"factory_id":3,"temperature":75.92,"humidity":1.72},
{"factory_id":2,"temperature":-22.53,"humidity":61.39},
{"factory_id":3,"temperature":97.65,"humidity":67.75},
{"factory_id":3,"temperature":65.74,"humidity":61.05},
{"factory_id":1,"temperature":87.55,"humidity":65.09},
{"factory_id":3,"temperature":-28.96,"humidity":54.04},
{"factory_id":2,"temperature":65.09,"humidity":49.39},
{"factory_id":1,"temperature":-22.22,"humidity":38.55},
{"factory_id":1,"temperature":55.48,"humidity":24.09},
{"factory_id":1,"temperature":83.35,"humidity":94.22},
{"factory_id":1,"temperature":33.34,"humidity":1.78},
{"factory_id":2,"temperature":78.77,"humidity":1.11},
{"factory_id":3,"temperature":-32.96,"humidity":41.81},
{"factory_id":1,"temperature":32.51,"humidity":16.66},
{"factory_id":1,"temperature":-14.36,"humidity":90.62},
{"factory_id":3,"temperature":30.51,"humidity":65.29},
{"factory_id":2,"temperature":92.2,"humidity":18.63},
{"factory_id":3,"temperature":35.72,"humidity":23.36},
{"factory_id":1,"temperature":-33.54,"humidity":36.65},
{"factory_id":2,"temperature":84.03,"humidity":29.63},
{"factory_id":3,"temperature":85.58,"humidity":58.37},
{"factory_id":2,"temperature":78.31,"humidity":76.92},
{"factory_id":1,"temperature":-17.84,"humidity":99.73},
{"factory_id":1,"temperature":27.67,"humidity":43.55},
{"factory_id":3,"temperature":-35.72,"humidity":41.68},
{"factory_id":2,"temperature":43.55,"humidity":64.08},
{"factory_id":2,"temperature":88.84,"humidity":48.08},
{"factory_id":3,"temperature":68.61,"humidity":7.54},
{"factory_id":1,"temperature":25.12,"humidity":39.99},
{"factory_id":1,"temperature":-39.31,"humidity":3.42},
{"factory_id":1,"temperature":-22.26,"humidity":20.33},
{"factory_id":1,"temperature":-16.59,"humidity":5.93},
{"factory_id":2,"temperature":91.59,"humidity":77.27},
{"factory_id":3,"temperature":-3.28,"humidity":94.17},
{"factory_id":2,"temperature":-10.37,"humidity":33.54},
{"factory_id":3,"temperature":-0.42,"humidity":82.29},
{"factory_id":2,"temperature":76.75,"humidity":30.08},
{"factory_id":1,"temperature":52.11,"humidity":94.16},
{"factory_id":3,"temperature":17.89,"humidity":71.86},
{"factory_id":1,"temperature":13.54,"humidity":69.1},
{"factory_id":3,"temperature":-10.67,"humidity":41.59},
{"factory_id":1,"temperature":47.06,"humidity":97.28},
{"factory_id":3,"temperature":69.9,"humidity":41.07},
{"factory_id":2,"temperature":66.47,"humidity":99.65},
{"factory_id":3,"temperature":49.28,"humidity":98.87},
{"factory_id":3,"temperature":-25.89,"humidity":86.09},
{"factory_id":1,"temperature":38.39,"humidity":70.99},
{"factory_id":3,"temperature":92.19,"humidity":59.83},
{"factory_id":3,"temperature":49.79,"humidity":81.66},
{"factory_id":3,"temperature":-5.8,"humidity":7.78},
{"factory_id":3,"temperature":93.2,"humidity":6.75},
{"factory_id":1,"temperature":20.72,"humidity":87.53},
{"factory_id":3,"temperature":24.44,"humidity":94.57},
{"factory_id":2,"temperature":52.06,"humidity":21.69},
{"factory_id":3,"temperature":-28.91,"humidity":84.15},
{"factory_id":2,"temperature":-8.38,"humidity":78.34},
{"factory_id":3,"temperature":24.82,"humidity":44.9},
{"factory_id":2,"temperature":17.04,"humidity":53.66},
{"factory_id":2,"temperature":75.96,"humidity":47.91},
{"factory_id":3,"temperature":-5.29,"humidity":62.04},
{"factory_id":2,"temperature":-31.53,"humidity":78.59},
{"factory_id":2,"temperature":79.67,"humidity":20.69},
{"factory_id":2,"temperature":78.31,"humidity":79.57},
{"factory_id":2,"temperature":65.15,"humidity":33.46},
{"factory_id":1,"temperature":44.62,"humidity":89.0},
{"factory_id":2,"temperature":2.75,"humidity":7.1},
{"factory_id":1,"temperature":-39.23,"humidity":9.04},
{"factory_id":2,"temperature":-28.35,"humidity":71.65},
{"factory_id":3,"temperature":89.85,"humidity":23.47},
{"factory_id":3,"temperature":17.24,"humidity":60.86},
{"factory_id":1,"temperature":0.77,"humidity":37.65},
{"factory_id":3,"temperature":16.63,"humidity":46.11},
{"factory_id":3,"temperature":88.18,"humidity":87.93},
{"factory_id":3,"temperature":70.94,"humidity":78.45},
{"factory_id":1,"temperature":-12.89,"humidity":39.72},
{"factory_id":2,"temperature":-1.64,"humidity":41.78},
{"factory_id":1,"temperature":97.25,"humidity":95.09},
{"factory_id":3,"temperature":40.78,"humidity":67.55},
{"factory_id":2,"temperature":69.63,"humidity":44.58},
{"factory_id":1,"temperature":96.56,"humidity":76.55},
{"factory_id":2,"temperature":12.72,"humidity":31.11},
{"factory_id":3,"temperature":91.78,"humidity":84.51},
{"factory_id":1,"temperature":-27.51,"humidity":75.39},
{"factory_id":2,"temperature":-32.24,"humidity":97.16},
{"factory_id":2,"temperature":56.88,"humidity":48.6},
{"factory_id":3,"temperature":14.95,"humidity":2.5},
{"factory_id":3,"temperature":4.61,"humidity":7.22},
{"factory_id":1,"temperature":69.85,"humidity":1.95},
{"factory_id":3,"temperature":-30.24,"humidity":27.84},
{"factory_id":3,"temperature":98.7,"humidity":3.22},
{"factory_id":1,"temperature":-36.07,"humidity":33.48},
{"factory_id":3,"temperature":52.72,"humidity":40.86},
{"factory_id":2,"temperature":85.79,"humidity":21.33},
{"factory_id":1,"temperature":-0.06,"humidity":12.63},
{"factory_id":2,"temperature":28.41,"humidity":78.87},
{"factory_id":1,"temperature":1.06,"humidity":47.88},
{"factory_id":1,"temperature":52.5,"humidity":57.87},
{"factory_id":3,"temperature":95.14,"humidity":80.2},
{"factory_id":3,"temperature":85.32,"humidity":63.88},
{"factory_id":2,"temperature":-28.11,"humidity":89.42},
{"factory_id":3,"temperature":18.77,"humidity":52.48},
{"factory_id":3,"temperature":75.87,"humidity":47.83},
{"factory_id":1,"temperature":41.19,"humidity":15.29},
{"factory_id":1,"temperature":86.17,"humidity":25.23},
{"factory_id":3,"temperature":-15.65,"humidity":44.84},
{"factory_id":2,"temperature":77.53,"humidity":57.6},
{"factory_id":3,"temperature":64.6,"humidity":92.98},
{"factory_id":3,"temperature":-1.35,"humidity":24.83},
{"factory_id":3,"temperature":49.27,"humidity":64.9},
{"factory_id":2,"temperature":-29.46,"humidity":21.27},
{"factory_id":1,"temperature":92.05,"humidity":76.22},
{"factory_id":2,"temperature":47.22,"humidity":42.41},
{"factory_id":2,"temperature":84.55,"humidity":86.59},
{"factory_id":3,"temperature":38.18,"humidity":53.27},
{"factory_id":1,"temperature":-15.34,"humidity":87.71},
{"factory_id":1,"temperature":26.95,"humidity":81.78},
{"factory_id":2,"temperature":86.93,"humidity":89.68},
{"factory_id":1,"temperature":25.05,"humidity":0.27},
{"factory_id":3,"temperature":-25.99,"humidity":54.79},
{"factory_id":1,"temperature":96.63,"humidity":56.64},
{"factory_id":3,"temperature":30.58,"humidity":21.18},
{"factory_id":3,"temperature":1.13,"humidity":65.83},
{"factory_id":3,"temperature":86.25,"humidity":48.86},
{"factory_id":3,"temperature":47.75,"humidity":75.55},
{"factory_id":2,"temperature":49.63,"humidity":71.2},
{"factory_id":1,"temperature":37.35,"humidity":20.99},
{"factory_id":2,"temperature":19.02,"humidity":41.41},
{"factory_id":3,"temperature":25.92,"humidity":97.32},
{"factory_id":3,"temperature":52.52,"humidity":82.32},
{"factory_id":2,"temperature":60.45,"humidity":70.18},
{"factory_id":3,"temperature":64.4,"humidity":47.6},
{"factory_id":2,"temperature":94.22,"humidity":79.29},
{"factory_id":3,"temperature":-0.98,"humidity":61.9},
{"factory_id":2,"temperature":64.64,"humidity":67.16},
{"factory_id":1,"temperature":30.63,"humidity":51.7},
{"factory_id":1,"temperature":12.95,"humidity":50.21},
{"factory_id":1,"temperature":-25.16,"humidity":25.78},
{"factory_id":3,"temperature":80.26,"humidity":92.43},
{"factory_id":3,"temperature":19.76,"humidity":56.43},
{"factory_id":3,"temperature":99.1,"humidity":18.73},
{"factory_id":2,"temperature":-37.39,"humidity":59.37},
{"factory_id":2,"temperature":57.64,"humidity":32.25},
{"factory_id":2,"temperature":-3.72,"humidity":74.36},
{"factory_id":1,"temperature":32.78,"humidity":99.27},
{"factory_id":2,"temperature":91.8,"humidity":77.0},
{"factory_id":3,"temperature":90.89,"humidity":0.86},
{"factory_id":1,"temperature":11.74,"humidity":47.28},
{"factory_id":3,"temperature":-24.99,"humidity":17.5},
{"factory_id":3,"temperature":82.82,"humidity":13.65},
{"factory_id":2,"temperature":80.48,"humidity":81.95},
{"factory_id":2,"temperature":-19.64,"humidity":0.17},
{"factory_id":3,"temperature":-0.28,"humidity":23.18},
{"factory_id":2,"temperature":30.45,"humidity":5.73},
{"factory_id":1,"temperature":-24.05,"humidity":14.74},
{"factory_id":2,"temperature":96.76,"humidity":59.33},
{"factory_id":2,"temperature":45.73,"humidity":1.05},
{"factory_id":1,"temperature":69.66,"humidity":28.32},
{"factory_id":3,"temperature":-32.19,"humidity":65.64},
{"factory_id":1,"temperature":-20.73,"humidity":56.28},
{"factory_id":1,"temperature":-32.31,"humidity":64.92},
{"factory_id":1,"temperature":45.0,"humidity":98.05},
{"factory_id":3,"temperature":51.7,"humidity":87.89},
{"factory_id":3,"temperature":26.34,"humidity":63.4},
{"factory_id":3,"temperature":-17.23,"humidity":61.75},
{"factory_id":1,"temperature":56.71,"humidity":11.15},
{"factory_id":3,"temperature":72.81,"humidity":86.9},
{"factory_id":1,"temperature":78.8,"humidity":96.93},
{"factory_id":1,"temperature":-13.13,"humidity":31.76},
{"factory_id":2,"temperature":-3.37,"humidity":5.44},
{"factory_id":3,"temperature":-3.23,"humidity":29.01},
{"factory_id":3,"temperature":-8.11,"humidity":20.72},
{"factory_id":2,"temperature":-17.35,"humidity":6.6},
{"factory_id":2,"temperature":56.18,"humidity":10.42},
{"factory_id":2,"temperature":73.06,"humidity":62.48},
{"factory_id":3,"temperature":36.21,"humidity":15.05},
{"factory_id":3,"temperature":56.02,"humidity":61.44},
{"factory_id":1,"temperature":92.16,"humidity":69.33},
{"factory_id":2,"temperature":-1.15,"humidity":14.31},
{"factory_id":1,"temperature":-16.79,"humidity":50.68},
{"factory_id":2,"temperature":-32.76,"humidity":31.78},
{"factory_id":3,"temperature":74.62,"humidity":19.73},
{"factory_id":3,"temperature":-7.65,"humidity":49.29},
{"factory_id":2,"temperature":-34.66,"humidity":16.76},
{"factory_id":1,"temperature":-1.78,"humidity":77.98},
{"factory_id":2,"temperature":22.56,"humidity":94.7},
{"factory_id":1,"temperature":47.47,"humidity":54.32},
{"factory_id":1,"temperature":93.91,"humidity":87.26},
{"factory_id":3,"temperature":-12.99,"humidity":44.13},
{"factory_id":1,"temperature":83.78,"humidity":58.78},
{"factory_id":2,"temperature":92.22,"humidity":56.9},
{"factory_id":3,"temperature":60.87,"humidity":9.54},
{"factory_id":2,"temperature":12.14,"humidity":34.89},
{"factory_id":3,"temperature":1.34,"humidity":80.64},
{"factory_id":1,"temperature":-32.17,"humidity":36.47},
{"factory_id":3,"temperature":-1.1,"humidity":76.29},
{"factory_id":2,"temperature":93.9,"humidity":10.36},
{"factory_id":2,"temperature":0.61,"humidity":48.39},
{"factory_id":3,"temperature":-14.56,"humidity":46.87},
{"factory_id":1,"temperature":32.89,"humidity":85.23},
{"factory_id":2,"temperature":37.99,"humidity":76.85},
{"factory_id":2,"temperature":3.77,"humidity":34.81},
{"factory_id":2,"temperature":24.32,"humidity":56.44},
{"factory_id":3,"temperature":1.36,"humidity":98.29},
{"factory_id":3,"temperature":-20.59,"humidity":96.76},
{"factory_id":3,"temperature":37.82,"humidity":96.78},
{"factory_id":2,"temperature":-2.6,"humidity":32.15},
{"factory_id":1,"temperature":97.8,"humidity":38.53},
{"factory_id":1,"temperature":17.91,"humidity":98.79},
{"factory_id":3,"temperature":-23.06,"humidity":58.86},
{"factory_id":2,"temperature":75.68,"humidity":99.34},
{"factory_id":3,"temperature":-23.39,"humidity":6.49},
{"factory_id":2,"temperature":27.77,"humidity":61.81},
{"factory_id":2,"temperature":-20.68,"humidity":48.79},
{"factory_id":1,"temperature":-31.65,"humidity":21.85},
{"factory_id":3,"temperature":94.78,"humidity":35.46},
{"factory_id":2,"temperature":47.15,"humidity":96.8},
{"factory_id":3,"temperature":96.59,"humidity":56.36},
{"factory_id":3,"temperature":-17.52,"humidity":1.6},
{"factory_id":2,"temperature":86.06,"humidity":76.0},
{"factory_id":1,"temperature":13.6,"humidity":33.09},
{"factory_id":3,"temperature":-26.96,"humidity":4.79},
{"factory_id":1,"temperature":32.05,"humidity":19.81},
{"factory_id":3,"temperature":75.74,"humidity":51.7},
{"factory_id":3,"temperature":63.52,"humidity":89.02},
{"factory_id":1,"temperature":47.63,"humidity":45.96},
{"factory_id":2,"temperature":6.07,"humidity":8.64},
{"factory_id":1,"temperature":70.9,"humidity":19.16},
{"factory_id":2,"temperature":20.76,"humidity":80.44},
{"factory_id":3,"temperature":-11.91,"humidity":61.9},
{"factory_id":3,"temperature":51.72,"humidity":15.64},
{"factory_id":3,"temperature":54.44,"humidity":44.06},
{"factory_id":2,"temperature":-19.59,"humidity":78.17},
{"factory_id":1,"temperature":61.85,"humidity":44.88},
{"factory_id":1,"temperature":62.69,"humidity":70.21},
{"factory_id":2,"temperature":26.46,"humidity":18.38},
{"factory_id":2,"temperature":16.14,"humidity":57.16},
{"factory_id":3,"temperature":23.18,"humidity":63.0},
{"factory_id":2,"temperature":-16.69,"humidity":84.43},
{"factory_id":2,"temperature":-31.64,"humidity":25.53},
{"factory_id":1,"temperature":3.39,"humidity":97.34},
{"factory_id":1,"temperature":-17.09,"humidity":66.51},
{"factory_id":1,"temperature":-13.79,"humidity":52.22},
{"factory_id":3,"temperature":-5.19,"humidity":35.53},
{"factory_id":1,"temperature":-26.6,"humidity":11.93},
{"factory_id":1,"temperature":23.43,"humidity":66.67},
{"factory_id":1,"temperature":58.11,"humidity":13.27},
{"factory_id":1,"temperature":70.69,"humidity":39.71},
{"factory_id":3,"temperature":60.71,"humidity":30.51},
{"factory_id":1,"temperature":80.36,"humidity":31.44},
{"factory_id":3,"temperature":71.42,"humidity":29.41},
{"factory_id":3,"temperature":55.68,"humidity":22.96},
{"factory_id":1,"temperature":28.79,"humidity":36.74},
{"factory_id":1,"temperature":79.61,"humidity":39.38},
{"factory_id":2,"temperature":87.36,"humidity":99.38},
{"factory_id":2,"temperature":40.64,"humidity":66.05},
{"factory_id":1,"temperature":43.4,"humidity":42.64},
{"factory_id":1,"temperature":65.44,"humidity":65.01},
{"factory_id":3,"temperature":-19.19,"humidity":3.53},
{"factory_id":2,"temperature":-5.73,"humidity":32.27},
{"factory_id":3,"temperature":40.01,"humidity":93.24},
{"factory_id":3,"temperature":42.87,"humidity":69.13},
{"factory_id":3,"temperature":32.24,"humidity":57.16},
{"factory_id":3,"temperature":86.26,"humidity":10.87},
{"factory_id":1,"temperature":-20.93,"humidity":5.97},
{"factory_id":3,"temperature":95.52,"humidity":54.89},
{"factory_id":2,"temperature":56.31,"humidity":65.89},
{"factory_id":2,"temperature":86.43,"humidity":2.01},
{"factory_id":2,"temperature":95.64,"humidity":17.28},
{"factory_id":3,"temperature":-34.41,"humidity":76.83},
{"factory_id":3,"temperature":27.95,"humidity":91.9},
{"factory_id":2,"temperature":20.71,"humidity":10.46},
{"factory_id":3,"temperature":-32.37,"humidity":16.59},
{"factory_id":3,"temperature":39.05,"humidity":72.37},
{"factory_id":2,"temperature":72.12,"humidity":90.6},
{"factory_id":3,"temperature":22.42,"humidity":31.26},
{"factory_id":1,"temperature":39.49,"humidity":46.86},
{"factory_id":2,"temperature":57.86,"humidity":36.38},
{"factory_id":2,"temperature":50.82,"humidity":62.48},
{"factory_id":1,"temperature":-32.92,"humidity":71.44},
{"factory_id":3,"temperature":41.31,"humidity":0.56},
{"factory_id":3,"temperature":-3.14,"humidity":34.14},
{"factory_id":2,"temperature":53.68,"humidity":73.2},
{"factory_id":2,"temperature":20.38,"humidity":31.04},
{"factory_id":2,"temperature":88.42,"humidity":94.61},
{"factory_id":1,"temperature":-38.2,"humidity":73.54},
{"factory_id":1,"temperature":56.25,"humidity":76.54},
{"factory_id":1,"temperature":50.05,"humidity":53.98},
{"factory_id":2,"temperature":75.21,"humidity":61.09},
{"factory_id":2,"temperature":-35.89,"humidity":18.08},
{"factory_id":1,"temperature":39.74,"humidity":11.97},
{"factory_id":3,"temperature":89.67,"humidity":48.07},
{"factory_id":2,"temperature":58.31,"humidity":84.84},
{"factory_id":2,"temperature":83.44,"humidity":11.0},
{"factory_id":1,"temperature":-24.81,"humidity":27.86},
{"factory_id":1,"temperature":46.43,"humidity":38.8},
{"factory_id":2,"temperature":79.15,"humidity":12.18},
{"factory_id":2,"temperature":-32.26,"humidity":22.24},
{"factory_id":3,"temperature":7.96,"humidity":18.17},
{"factory_id":1,"temperature":-33.93,"humidity":57.6},
{"factory_id":3,"temperature":9.69,"humidity":5.63},
{"factory_id":2,"temperature":-15.31,"humidity":83.17},
{"factory_id":3,"temperature":1.31,"humidity":52.47},
{"factory_id":1,"temperature":-31.55,"humidity":86.04},
{"factory_id":2,"temperature":39.72,"humidity":90.49},
{"factory_id":1,"temperature":94.89,"humidity":55.03},
{"factory_id":2,"temperature":-28.27,"humidity":35.97},
{"factory_id":3,"temperature":99.64,"humidity":43.0},
{"factory_id":3,"temperature":71.62,"humidity":96.62},
{"factory_id":3,"temperature":51.39,"humidity":41.82},
{"factory_id":2,"temperature":43.5,"humidity":70.57},
{"factory_id":2,"temperature":-36.99,"humidity":45.65},
{"factory_id":1,"temperature":26.87,"humidity":93.57},
{"factory_id":2,"temperature":39.64,"humidity":93.72},
{"factory_id":2,"temperature":63.06,"humidity":3.76},
{"factory_id":2,"temperature":3.94,"humidity":3.39},
{"factory_id":2,"temperature":37.77,"humidity":85.22},
{"factory_id":2,"temperature":68.52,"humidity":75.04},
{"factory_id":1,"temperature":87.12,"humidity":19.83},
{"factory_id":3,"temperature":97.26,"humidity":31.93},
{"factory_id":3,"temperature":57.29,"humidity":84.68},
{"factory_id":1,"temperature":47.41,"humidity":90.67},
{"factory_id":3,"temperature":8.97,"humidity":76.86},
{"factory_id":3,"temperature":-2.51,"humidity":93.43},
{"factory_id":1,"temperature":61.1,"humidity":2.26},
{"factory_id":2,"temperature":75.5,"humidity":45.77},
{"factory_id":2,"temperature":55.1,"humidity":80.51},
{"factory_id":2,"temperature":-32.78,"humidity":37.9},
{"factory_id":2,"temperature":0.19,"humidity":86.37},
{"factory_id":2,"temperature":-12.2,"humidity":82.29},
{"factory_id":3,"temperature":26.49,"humidity":99.51},
{"factory_id":3,"temperature":47.47,"humidity":17.5},
{"factory_id":3,"temperature":57.2,"humidity":44.15},
{"factory_id":2,"temperature":-37.02,"humidity":10.7},
{"factory_id":1,"temperature":-14.82,"humidity":36.98},
{"factory_id":2,"temperature":14.98,"humidity":99.77},
{"factory_id":3,"temperature":92.88,"humidity":58.36},
{"factory_id":3,"temperature":47.27,"humidity":22.37},
{"factory_id":3,"temperature":73.99,"humidity":22.21},
{"factory_id":1,"temperature":64.75,"humidity":99.06},
{"factory_id":2,"temperature":20.12,"humidity":57.56},
{"factory_id":1,"temperature":53.24,"humidity":56.61},
{"factory_id":3,"temperature":44.11,"humidity":76.56},
{"factory_id":1,"temperature":-6.45,"humidity":31.96},
{"factory_id":3,"temperature":-37.76,"humidity":69.98},
{"factory_id":2,"temperature":63.13,"humidity":92.4},
{"factory_id":2,"temperature":-30.94,"humidity":59.7},
{"factory_id":2,"temperature":-39.8,"humidity":86.73},
{"factory_id":3,"temperature":12.5,"humidity":45.62},
{"factory_id":3,"temperature":95.13,"humidity":11.0},
{"factory_id":2,"temperature":48.54,"humidity":43.71},
{"factory_id":1,"temperature":-22.29,"humidity":75.92},
{"factory_id":2,"temperature":-37.38,"humidity":53.64},
{"factory_id":3,"temperature":73.85,"humidity":35.77},
{"factory_id":3,"temperature":-32.85,"humidity":49.44},
{"factory_id":3,"temperature":39.33,"humidity":63.96},
{"factory_id":3,"temperature":-5.47,"humidity":96.2},
{"factory_id":2,"temperature":66.96,"humidity":55.8},
{"factory_id":1,"temperature":95.96,"humidity":32.95},
{"factory_id":2,"temperature":-30.32,"humidity":51.86},
{"factory_id":1,"temperature":22.91,"humidity":7.88},
{"factory_id":3,"temperature":85.07,"humidity":15.09},
{"factory_id":3,"temperature":62.32,"humidity":67.02},
{"factory_id":3,"temperature":-13.86,"humidity":73.78},
{"factory_id":1,"temperature":0.79,"humidity":79.46},
{"factory_id":1,"temperature":-4.33,"humidity":9.64},
{"factory_id":3,"temperature":67.65,"humidity":6.82},
{"factory_id":3,"temperature":22.34,"humidity":84.93},
{"factory_id":1,"temperature":40.21,"humidity":12.57},
{"factory_id":3,"temperature":-8.84,"humidity":14.43},
{"factory_id":1,"temperature":-9.1,"humidity":83.88},
{"factory_id":3,"temperature":13.89,"humidity":7.48},
{"factory_id":2,"temperature":-34.11,"humidity":73.0},
{"factory_id":3,"temperature":-30.1,"humidity":0.13},
{"factory_id":3,"temperature":-33.79,"humidity":5.84},
{"factory_id":2,"temperature":84.76,"humidity":52.11},
{"factory_id":2,"temperature":65.66,"humidity":0.45},
{"factory_id":2,"temperature":-18.36,"humidity":55.8},
{"factory_id":3,"temperature":91.73,"humidity":51.6},
{"factory_id":3,"temperature":36.11,"humidity":26.29},
{"factory_id":1,"temperature":47.87,"humidity":60.96},
{"factory_id":2,"temperature":54.21,"humidity":18.21},
{"factory_id":3,"temperature":-38.96,"humidity":7.11},
{"factory_id":3,"temperature":-31.1,"humidity":83.82},
{"factory_id":1,"temperature":97.51,"humidity":70.52},
{"factory_id":1,"temperature":69.26,"humidity":48.74},
{"factory_id":3,"temperature":37.35,"humidity":30.21},
{"factory_id":1,"temperature":-7.12,"humidity":33.1},
{"factory_id":2,"temperature":-12.51,"humidity":4.4},
{"factory_id":1,"temperature":34.75,"humidity":49.99},
{"factory_id":2,"temperature":55.83,"humidity":40.2},
{"factory_id":1,"temperature":-39.93,"humidity":49.72},
{"factory_id":3,"temperature":87.42,"humidity":63.86},
{"factory_id":2,"temperature":33.3,"humidity":6.45},
{"factory_id":1,"temperature":47.33,"humidity":85.08},
{"factory_id":2,"temperature":-37.02,"humidity":22.49},
{"factory_id":2,"temperature":63.95,"humidity":87.09},
{"factory_id":3,"temperature":-37.3,"humidity":16.53},
{"factory_id":1,"temperature":35.4,"humidity":15.19},
{"factory_id":2,"temperature":36.99,"humidity":21.17},
{"factory_id":2,"temperature":67.92,"humidity":31.1},
{"factory_id":1,"temperature":47.27,"humidity":3.3},
{"factory_id":3,"temperature":17.0,"humidity":75.22},
{"factory_id":2,"temperature":96.48,"humidity":36.26},
{"factory_id":3,"temperature":62.41,"humidity":52.46},
{"factory_id":3,"temperature":98.9,"humidity":58.14},
{"factory_id":2,"temperature":43.75,"humidity":88.26},
{"factory_id":2,"temperature":67.73,"humidity":10.44},
{"factory_id":2,"temperature":34.47,"humidity":1.73},
{"factory_id":1,"temperature":-3.69,"humidity":7.91},
{"factory_id":3,"temperature":20.09,"humidity":24.69},
{"factory_id":2,"temperature":64.78,"humidity":97.54},
{"factory_id":2,"temperature":12.48,"humidity":38.02},
{"factory_id":3,"temperature":2.15,"humidity":68.62},
{"factory_id":2,"temperature":71.94,"humidity":24.18},
{"factory_id":2,"temperature":31.14,"humidity":96.2},
{"factory_id":3,"temperature":29.06,"humidity":95.98},
{"factory_id":2,"temperature":17.24,"humidity":42.66},
{"factory_id":2,"temperature":61.13,"humidity":63.3},
{"factory_id":3,"temperature":-16.41,"humidity":2.59},
{"factory_id":1,"temperature":-38.37,"humidity":55.16},
{"factory_id":3,"temperature":79.15,"humidity":36.65},
{"factory_id":3,"temperature":-16.24,"humidity":14.0},
{"factory_id":2,"temperature":-14.24,"humidity":19.38},
{"factory_id":3,"temperature":42.7,"humidity":75.91},
{"factory_id":3,"temperature":64.19,"humidity":64.93},
{"factory_id":3,"temperature":93.79,"humidity":26.83},
{"factory_id":1,"temperature":64.53,"humidity":42.77},
{"factory_id":3,"temperature":-37.29,"humidity":5.2},
{"factory_id":2,"temperature":-32.48,"humidity":95.44},
{"factory_id":1,"temperature":67.44,"humidity":26.48},
{"factory_id":1,"temperature":18.65,"humidity":67.58},
{"factory_id":2,"temperature":45.13,"humidity":6.94},
{"factory_id":1,"temperature":28.88,"humidity":85.93},
{"factory_id":2,"temperature":-15.93,"humidity":75.43},
{"factory_id":3,"temperature":-0.68,"humidity":93.2},
{"factory_id":1,"temperature":93.86,"humidity":49.64},
{"factory_id":3,"temperature":-9.23,"humidity":68.1},
{"factory_id":2,"temperature":19.4,"humidity":56.78},
{"factory_id":3,"temperature":12.4,"humidity":5.66},
{"factory_id":2,"temperature":29.11,"humidity":6.56},
{"factory_id":1,"temperature":95.81,"humidity":5.93},
{"factory_id":2,"temperature":62.96,"humidity":2.3},
{"factory_id":2,"temperature":36.45,"humidity":72.02},
{"factory_id":1,"temperature":-31.9,"humidity":5.9},
{"factory_id":1,"temperature":12.87,"humidity":36.12},
{"factory_id":2,"temperature":5.39,"humidity":29.26},
{"factory_id":2,"temperature":-2.0,"humidity":59.73},
{"factory_id":1,"temperature":99.94,"humidity":26.08},
{"factory_id":1,"temperature":53.67,"humidity":89.62},
{"factory_id":1,"temperature":8.66,"humidity":27.81},
{"factory_id":1,"temperature":62.15,"humidity":7.4},
{"factory_id":1,"temperature":-35.04,"humidity":51.31},
{"factory_id":2,"temperature":-16.13,"humidity":1.32},
{"factory_id":2,"temperature":54.81,"humidity":3.03},
{"factory_id":1,"temperature":1.76,"humidity":39.78},
{"factory_id":3,"temperature":65.94,"humidity":28.14},
{"factory_id":2,"temperature":22.41,"humidity":98.94},
{"factory_id":1,"temperature":-23.62,"humidity":97.87},
{"factory_id":1,"temperature":-9.79,"humidity":83.35},
{"factory_id":3,"temperature":80.86,"humidity":82.07},
{"factory_id":1,"temperature":47.08,"humidity":97.32},
{"factory_id":3,"temperature":63.22,"humidity":38.37},
{"factory_id":3,"temperature":-28.67,"humidity":98.29},
{"factory_id":3,"temperature":43.84,"humidity":57.48},
{"factory_id":3,"temperature":58.36,"humidity":32.34},
{"factory_id":3,"temperature":-11.59,"humidity":90.86},
{"factory_id":3,"temperature":24.27,"humidity":61.59},
{"factory_id":3,"temperature":-13.69,"humidity":62.23},
{"factory_id":2,"temperature":77.71,"humidity":56.42},
{"factory_id":2,"temperature":91.82,"humidity":64.76},
{"factory_id":1,"temperature":65.98,"humidity":55.68},
{"factory_id":3,"temperature":41.72,"humidity":44.14},
{"factory_id":2,"temperature":36.77,"humidity":48.7},
{"factory_id":1,"temperature":94.24,"humidity":78.29},
{"factory_id":3,"temperature":22.14,"humidity":86.99},
{"factory_id":3,"temperature":7.53,"humidity":63.64},
{"factory_id":2,"temperature":-5.02,"humidity":92.79},
{"factory_id":2,"temperature":30.51,"humidity":59.11},
{"factory_id":1,"temperature":55.13,"humidity":6.61},
{"factory_id":3,"temperature":-32.44,"humidity":24.27},
{"factory_id":2,"temperature":-7.01,"humidity":21.82},
{"factory_id":3,"temperature":-26.03,"humidity":82.18},
{"factory_id":2,"temperature":-5.16,"humidity":98.87},
{"factory_id":2,"temperature":68.84,"humidity":34.01},
{"factory_id":3,"temperature":-13.44,"humidity":73.71},
{"factory_id":2,"temperature":67.15,"humidity":50.75},
{"factory_id":3,"temperature":4.84,"humidity":11.04},
{"factory_id":2,"temperature":57.1,"humidity":16.8},
{"factory_id":3,"temperature":82.42,"humidity":17.77},
{"factory_id":3,"temperature":38.84,"humidity":1.73},
{"factory_id":2,"temperature":22.76,"humidity":36.56},
{"factory_id":1,"temperature":73.15,"humidity":33.58},
{"factory_id":2,"temperature":54.26,"humidity":47.98},
{"factory_id":2,"temperature":66.83,"humidity":66.98},
{"factory_id":1,"temperature":91.82,"humidity":15.8},
{"factory_id":1,"temperature":26.0,"humidity":0.14},
{"factory_id":1,"temperature":49.46,"humidity":48.8},
{"factory_id":3,"temperature":19.23,"humidity":84.41},
{"factory_id":1,"temperature":5.73,"humidity":24.86},
{"factory_id":1,"temperature":-18.82,"humidity":80.51},
{"factory_id":1,"temperature":36.48,"humidity":6.51},
{"factory_id":1,"temperature":6.5,"humidity":1.84},
{"factory_id":3,"temperature":83.74,"humidity":89.45},
{"factory_id":2,"temperature":-15.1,"humidity":76.78},
{"factory_id":3,"temperature":42.63,"humidity":25.82},
{"factory_id":1,"temperature":63.92,"humidity":53.13},
{"factory_id":3,"temperature":22.74,"humidity":49.82},
{"factory_id":2,"temperature":25.14,"humidity":52.82},
{"factory_id":2,"temperature":17.77,"humidity":42.13},
{"factory_id":3,"temperature":-3.47,"humidity":5.0},
{"factory_id":2,"temperature":89.41,"humidity":10.57},
{"factory_id":2,"temperature":-12.03,"humidity":22.33},
{"factory_id":2,"temperature":0.79,"humidity":78.66},
{"factory_id":3,"temperature":-35.46,"humidity":51.12},
{"factory_id":3,"temperature":95.93,"humidity":39.46},
{"factory_id":2,"temperature":68.63,"humidity":54.6},
{"factory_id":2,"temperature":-31.12,"humidity":86.39},
{"factory_id":1,"temperature":-39.02,"humidity":42.55},
{"factory_id":3,"temperature":5.07,"humidity":10.27},
{"factory_id":2,"temperature":-30.49,"humidity":0.75},
{"factory_id":2,"temperature":-33.98,"humidity":34.33},
{"factory_id":3,"temperature":50.46,"humidity":75.46},
{"factory_id":3,"temperature":75.08,"humidity":31.13},
{"factory_id":1,"temperature":24.54,"humidity":46.84},
{"factory_id":2,"temperature":20.41,"humidity":58.75},
{"factory_id":1,"temperature":74.53,"humidity":52.08},
{"factory_id":3,"temperature":-26.7,"humidity":89.74},
{"factory_id":2,"temperature":55.2,"humidity":38.13},
{"factory_id":1,"temperature":71.57,"humidity":37.02},
{"factory_id":3,"temperature":13.77,"humidity":57.13},
{"factory_id":2,"temperature":-9.11,"humidity":46.73},
{"factory_id":2,"temperature":13.22,"humidity":71.86},
{"factory_id":1,"temperature":73.94,"humidity":17.36},
{"factory_id":2,"temperature":-19.43,"humidity":35.15},
{"factory_id":2,"temperature":-19.1,"humidity":15.35},
{"factory_id":2,"temperature":57.59,"humidity":49.97},
{"factory_id":3,"temperature":27.77,"humidity":67.83},
{"factory_id":1,"temperature":87.85,"humidity":53.47},
{"factory_id":3,"temperature":63.44,"humidity":52.81},
{"factory_id":3,"temperature":8.11,"humidity":3.59},
{"factory_id":2,"temperature":-32.17,"humidity":79.11},
{"factory_id":3,"temperature":68.56,"humidity":74.02},
{"factory_id":2,"temperature":8.26,"humidity":69.27},
{"factory_id":1,"temperature":66.61,"humidity":34.18},
{"factory_id":1,"temperature":54.99,"humidity":77.22},
{"factory_id":1,"temperature":97.89,"humidity":59.01},
{"factory_id":1,"temperature":63.64,"humidity":21.08},
{"factory_id":2,"temperature":10.66,"humidity":74.25},
{"factory_id":1,"temperature":49.08,"humidity":5.51},
{"factory_id":1,"temperature":78.6,"humidity":21.98},
{"factory_id":3,"temperature":-25.15,"humidity":18.72},
{"factory_id":1,"temperature":83.59,"humidity":36.82}]