{
  "widgetId" : null,
  "widgetType" : "time-series-chart",
  "baseAppearanceConfig" : {"widgetTitle":"Sensor running condition identifier - time-series-chart","backgroundColor":"#FFFFFF","textColor":"#3e3e3e"},
  "visualizationConfig" : {"forType":3.0,"yKeys":[],"selectedTimeSeriesChartProperties":[{"runtimeName":"density","measure":"Sensor running condition identifier","fullDbName":"density","sourceIndex":0.0,"fieldCharacteristics":{"dimension":false,"numeric":true,"binary":false,"semanticTypes":["http://schema.org/Number"]}}],"chosenColor":{"density0":"#39B54A","mass_flow0":"#1B1464"},"displayName":{"density0":"density","mass_flow0":"mass_flow0"},"displayType":{"density0":"bar","mass_flow0":"lines"},"chosenAxis":{"density0":"left","mass_flow0":"left"},"showSpike":true},
  "dataConfig" : {"ignoreMissingValues":false,"sourceConfigs":[{"measureName":"Sensor fault time record identifier","queryConfig":{"selectedFilters":[],"limit":100.0,"page":1.0,"aggregationTimeUnit":"d","aggregationValue":1.0,"fields":[{"runtimeName":"current_state","selected":false,"numeric":false,"aggregations":["MODE"]},{"runtimeName":"density","selected":true,"numeric":true,"aggregations":["MEAN"]},{"runtimeName":"mass_flow","selected":false,"numeric":true,"aggregations":["MEAN"]},{"runtimeName":"measured_time","selected":false,"numeric":true,"aggregations":["MEAN"]},{"runtimeName":"sensor_running_flags","selected":false,"numeric":false,"aggregations":["MODE"]},{"runtimeName":"sensorId","selected":false,"numeric":false,"aggregations":["MODE"]},{"runtimeName":"temperature","selected":false,"numeric":true,"aggregations":["MEAN"]},{"runtimeName":"volume_flow","selected":false,"numeric":true,"aggregations":["MEAN"]}],"groupBy":[{"runtimeName":"sensorId","selected":true,"numeric":false}]},"queryType":"raw","sourceType":"measurement","measure":{"@class":"org.apache.streampipes.model.datalake.DataLakeMeasure","eventSchema":{"eventProperties":[{"@class":"org.apache.streampipes.model.schema.EventPropertyPrimitive","description":"","domainProperties":["http://streampipes.org/process/state"],"elementId":"sp:eventproperty:kugzyb","index":0.0,"label":"","required":false,"runtimeName":"current_state","runtimeType":"http://www.w3.org/2001/XMLSchema#string"},{"@class":"org.apache.streampipes.model.schema.EventPropertyPrimitive","description":"Denotes the current density of the fluid","domainProperties":["http://schema.org/Number"],"elementId":"sp:eventproperty:eodlbJ","index":5.0,"label":"Density","propertyScope":"MEASUREMENT_PROPERTY","required":false,"runtimeName":"density","runtimeType":"http://www.w3.org/2001/XMLSchema#float"},{"@class":"org.apache.streampipes.model.schema.EventPropertyPrimitive","description":"Denotes the current mass flow in the sensor","domainProperties":["http://schema.org/Number"],"elementId":"sp:eventproperty:KEPLeQ","index":2.0,"label":"Mass Flow","propertyScope":"MEASUREMENT_PROPERTY","required":false,"runtimeName":"mass_flow","runtimeType":"http://www.w3.org/2001/XMLSchema#float"},{"@class":"org.apache.streampipes.model.schema.EventPropertyPrimitive","description":"","domainProperties":["http://schema.org/Number"],"elementId":"sp:eventproperty:yWYiHI","index":0.0,"label":"","required":false,"runtimeName":"measured_time","runtimeType":"http://schema.org/Number"},{"@class":"org.apache.streampipes.model.schema.EventPropertyPrimitive","description":"Any fault flags of the sensors","domainProperties":["http://schema.org/Boolean"],"elementId":"sp:eventproperty:zuSONl","index":6.0,"label":"Sensor Fault Flags","propertyScope":"MEASUREMENT_PROPERTY","required":false,"runtimeName":"sensor_running_flags","runtimeType":"http://www.w3.org/2001/XMLSchema#boolean"},{"@class":"org.apache.streampipes.model.schema.EventPropertyPrimitive","description":"The ID of the sensor","domainProperties":["https://streampipes.org/vocabulary/examples/watertank/v1/hasSensorId"],"elementId":"sp:eventproperty:OuurUN","index":1.0,"label":"Sensor ID","propertyScope":"DIMENSION_PROPERTY","required":false,"runtimeName":"sensorId","runtimeType":"http://www.w3.org/2001/XMLSchema#string"},{"@class":"org.apache.streampipes.model.schema.EventPropertyPrimitive","description":"Denotes the current temperature in degrees celsius","domainProperties":["http://schema.org/Number"],"elementId":"sp:eventproperty:VROUlg","index":4.0,"label":"Temperature","propertyScope":"MEASUREMENT_PROPERTY","required":false,"runtimeName":"temperature","measurementUnit":"http://qudt.org/vocab/unit#DegreeCelsius","runtimeType":"http://www.w3.org/2001/XMLSchema#float","valueSpecification":{"@class":"org.apache.streampipes.model.schema.QuantitativeValue","maxValue":100.0,"minValue":0.0,"step":0.1}},{"@class":"org.apache.streampipes.model.schema.EventPropertyPrimitive","description":"Denotes the current volume flow","domainProperties":["http://schema.org/Number"],"elementId":"sp:eventproperty:YbAUCR","index":3.0,"label":"Volume Flow","propertyScope":"MEASUREMENT_PROPERTY","required":false,"runtimeName":"volume_flow","runtimeType":"http://www.w3.org/2001/XMLSchema#float"}]},"measureName":"Sensor fault time record identifier","pipelineId":"a45e47189a8c4f0f92049cd3ba377a94","pipelineIsRunning":true,"pipelineName":"Flow rate sensor running condition"}}]},
  "pipelineId" : null,
  "measureName" : null,
  "_id" : "0e075cd988b74f9a92c01f6703d9f5a8",
  "_rev" : null
}