{
  "@class" : "org.apache.streampipes.model.datalake.DataLakeMeasure",
  "measureName" : "Sensor fault time record identifier",
  "timestampField" : "s0::timestamp",
  "eventSchema" : {
    "eventProperties" : [ {
      "@class" : "org.apache.streampipes.model.schema.EventPropertyPrimitive",
      "elementId" : "sp:eventproperty:eodlbJ",
      "label" : "Density",
      "description" : "Denotes the current density of the fluid",
      "runtimeName" : "density",
      "required" : false,
      "domainProperties" : [ "http://schema.org/Number" ],
      "propertyScope" : "MEASUREMENT_PROPERTY",
      "index" : 5,
      "runtimeId" : null,
      "runtimeType" : "http://www.w3.org/2001/XMLSchema#float",
      "measurementUnit" : null,
      "valueSpecification" : null
    }, {
      "@class" : "org.apache.streampipes.model.schema.EventPropertyPrimitive",
      "elementId" : "sp:eventproperty:KEPLeQ",
      "label" : "Mass Flow",
      "description" : "Denotes the current mass flow in the sensor",
      "runtimeName" : "mass_flow",
      "required" : false,
      "domainProperties" : [ "http://schema.org/Number" ],
      "propertyScope" : "MEASUREMENT_PROPERTY",
      "index" : 2,
      "runtimeId" : null,
      "runtimeType" : "http://www.w3.org/2001/XMLSchema#float",
      "measurementUnit" : null,
      "valueSpecification" : null
    }, {
      "@class" : "org.apache.streampipes.model.schema.EventPropertyPrimitive",
      "elementId" : "sp:eventproperty:OuurUN",
      "label" : "Sensor ID",
      "description" : "The ID of the sensor",
      "runtimeName" : "sensorId",
      "required" : false,
      "domainProperties" : [ "https://streampipes.org/vocabulary/examples/watertank/v1/hasSensorId" ],
      "propertyScope" : "DIMENSION_PROPERTY",
      "index" : 1,
      "runtimeId" : null,
      "runtimeType" : "http://www.w3.org/2001/XMLSchema#string",
      "measurementUnit" : null,
      "valueSpecification" : null
    }, {
      "@class" : "org.apache.streampipes.model.schema.EventPropertyPrimitive",
      "elementId" : "sp:eventproperty:zuSONl",
      "label" : "Sensor Fault Flags",
      "description" : "Any fault flags of the sensors",
      "runtimeName" : "sensor_running_flags",
      "required" : false,
      "domainProperties" : [ "http://schema.org/Boolean" ],
      "propertyScope" : "MEASUREMENT_PROPERTY",
      "index" : 6,
      "runtimeId" : null,
      "runtimeType" : "http://www.w3.org/2001/XMLSchema#boolean",
      "measurementUnit" : null,
      "valueSpecification" : null
    }, {
      "@class" : "org.apache.streampipes.model.schema.EventPropertyPrimitive",
      "elementId" : "sp:eventproperty:VROUlg",
      "label" : "Temperature",
      "description" : "Denotes the current temperature in degrees celsius",
      "runtimeName" : "temperature",
      "required" : false,
      "domainProperties" : [ "http://schema.org/Number" ],
      "propertyScope" : "MEASUREMENT_PROPERTY",
      "index" : 4,
      "runtimeId" : null,
      "runtimeType" : "http://www.w3.org/2001/XMLSchema#float",
      "measurementUnit" : "http://qudt.org/vocab/unit#DegreeCelsius",
      "valueSpecification" : {
        "@class" : "org.apache.streampipes.model.schema.QuantitativeValue",
        "minValue" : 0.0,
        "maxValue" : 100.0,
        "step" : 0.1
      }
    }, {
      "@class" : "org.apache.streampipes.model.schema.EventPropertyPrimitive",
      "elementId" : "sp:eventproperty:YbAUCR",
      "label" : "Volume Flow",
      "description" : "Denotes the current volume flow",
      "runtimeName" : "volume_flow",
      "required" : false,
      "domainProperties" : [ "http://schema.org/Number" ],
      "propertyScope" : "MEASUREMENT_PROPERTY",
      "index" : 3,
      "runtimeId" : null,
      "runtimeType" : "http://www.w3.org/2001/XMLSchema#float",
      "measurementUnit" : null,
      "valueSpecification" : null
    }, {
      "@class" : "org.apache.streampipes.model.schema.EventPropertyPrimitive",
      "elementId" : "sp:eventproperty:kugzyb",
      "label" : "",
      "description" : "",
      "runtimeName" : "current_state",
      "required" : false,
      "domainProperties" : [ "http://streampipes.org/process/state" ],
      "propertyScope" : null,
      "index" : 0,
      "runtimeId" : null,
      "runtimeType" : "http://www.w3.org/2001/XMLSchema#string",
      "measurementUnit" : null,
      "valueSpecification" : null
    }, {
      "@class" : "org.apache.streampipes.model.schema.EventPropertyPrimitive",
      "elementId" : "sp:eventproperty:yWYiHI",
      "label" : "",
      "description" : "",
      "runtimeName" : "measured_time",
      "required" : false,
      "domainProperties" : [ "http://schema.org/Number" ],
      "propertyScope" : null,
      "index" : 0,
      "runtimeId" : null,
      "runtimeType" : "http://schema.org/Number",
      "measurementUnit" : null,
      "valueSpecification" : null
    } ]
  },
  "pipelineId" : null,
  "pipelineName" : null,
  "pipelineIsRunning" : false,
  "schemaVersion" : "1.1",
  "elementId" : "25ee825471bd4130ac84ab340a75c4cd",
  "_rev" : null
}