[{"factory_id":2,"temperature":47.77,"humidity":66.79},
{"factory_id":2,"temperature":5.27,"humidity":29.88},
{"factory_id":1,"temperature":9.04,"humidity":72.3},
{"factory_id":0,"temperature":10.36,"humidity":30.39},
{"factory_id":0,"temperature":-19.4,"humidity":30.1},
{"factory_id":2,"temperature":-11.82,"humidity":33.94},
{"factory_id":0,"temperature":0.51,"humidity":8.92},
{"factory_id":2,"temperature":47.22,"humidity":89.19},
{"factory_id":2,"temperature":-13.64,"humidity":47.02},
{"factory_id":0,"temperature":-14.98,"humidity":88.92},
{"factory_id":2,"temperature":33.49,"humidity":7.9},
{"factory_id":2,"temperature":-11.97,"humidity":38.83},
{"factory_id":1,"temperature":12.56,"humidity":11.82},
{"factory_id":1,"temperature":29.59,"humidity":24.9},
{"factory_id":2,"temperature":-18.24,"humidity":63.2},
{"factory_id":2,"temperature":3.95,"humidity":91.26},
{"factory_id":1,"temperature":17.45,"humidity":88.2},
{"factory_id":0,"temperature":0.95,"humidity":80.12},
{"factory_id":2,"temperature":32.66,"humidity":24.57},
{"factory_id":0,"temperature":30.84,"humidity":45.42},
{"factory_id":0,"temperature":26.14,"humidity":6.71},
{"factory_id":1,"temperature":16.27,"humidity":32.72},
{"factory_id":2,"temperature":3.64,"humidity":49.97},
{"factory_id":0,"temperature":49.14,"humidity":26.36},
{"factory_id":1,"temperature":-5.23,"humidity":57.62},
{"factory_id":1,"temperature":10.93,"humidity":92.55},
{"factory_id":1,"temperature":-14.13,"humidity":58.86},
{"factory_id":1,"temperature":13.09,"humidity":31.17},
{"factory_id":2,"temperature":-6.67,"humidity":17.92},
{"factory_id":1,"temperature":48.36,"humidity":29.64},
{"factory_id":2,"temperature":11.88,"humidity":43.45},
{"factory_id":1,"temperature":11.47,"humidity":59.68},
{"factory_id":2,"temperature":21.45,"humidity":37.02},
{"factory_id":0,"temperature":-3.62,"humidity":9.33},
{"factory_id":0,"temperature":-3.05,"humidity":43.03},
{"factory_id":1,"temperature":-3.54,"humidity":42.87},
{"factory_id":2,"temperature":-0.58,"humidity":25.49},
{"factory_id":0,"temperature":43.72,"humidity":90.86},
{"factory_id":1,"temperature":11.24,"humidity":93.65},
{"factory_id":0,"temperature":17.57,"humidity":67.1},
{"factory_id":1,"temperature":0.62,"humidity":12.93},
{"factory_id":2,"temperature":12.86,"humidity":11.13},
{"factory_id":2,"temperature":-12.52,"humidity":10.38},
{"factory_id":2,"temperature":0.16,"humidity":85.36},
{"factory_id":0,"temperature":-19.4,"humidity":65.85},
{"factory_id":0,"temperature":12.02,"humidity":58.56},
{"factory_id":1,"temperature":31.54,"humidity":62.85},
{"factory_id":0,"temperature":8.78,"humidity":97.97},
{"factory_id":0,"temperature":32.97,"humidity":9.52},
{"factory_id":0,"temperature":40.82,"humidity":57.75},
{"factory_id":0,"temperature":-1.0,"humidity":12.28},
{"factory_id":2,"temperature":47.8,"humidity":12.33},
{"factory_id":0,"temperature":-15.3,"humidity":95.95},
{"factory_id":0,"temperature":44.18,"humidity":46.39},
{"factory_id":2,"temperature":-12.21,"humidity":90.71},
{"factory_id":2,"temperature":39.73,"humidity":73.86},
{"factory_id":0,"temperature":5.2,"humidity":6.09},
{"factory_id":1,"temperature":35.18,"humidity":63.22},
{"factory_id":1,"temperature":-4.7,"humidity":70.84},
{"factory_id":2,"temperature":-15.5,"humidity":48.27},
{"factory_id":0,"temperature":12.84,"humidity":27.05},
{"factory_id":1,"temperature":11.54,"humidity":98.34},
{"factory_id":0,"temperature":-8.18,"humidity":12.73},
{"factory_id":2,"temperature":6.75,"humidity":43.31},
{"factory_id":1,"temperature":-2.8,"humidity":52.2},
{"factory_id":1,"temperature":-11.84,"humidity":86.83},
{"factory_id":1,"temperature":27.34,"humidity":87.59},
{"factory_id":2,"temperature":-6.37,"humidity":76.09},
{"factory_id":2,"temperature":49.95,"humidity":56.77},
{"factory_id":1,"temperature":4.37,"humidity":90.29},
{"factory_id":0,"temperature":27.81,"humidity":24.28},
{"factory_id":0,"temperature":24.43,"humidity":52.0},
{"factory_id":0,"temperature":39.36,"humidity":55.63},
{"factory_id":1,"temperature":-9.99,"humidity":63.89},
{"factory_id":2,"temperature":28.12,"humidity":85.76},
{"factory_id":2,"temperature":32.42,"humidity":94.33},
{"factory_id":0,"temperature":22.73,"humidity":61.81},
{"factory_id":2,"temperature":-7.96,"humidity":27.79},
{"factory_id":1,"temperature":-1.46,"humidity":80.97},
{"factory_id":2,"temperature":-18.44,"humidity":10.0},
{"factory_id":2,"temperature":-5.52,"humidity":38.47},
{"factory_id":2,"temperature":13.46,"humidity":26.47},
{"factory_id":1,"temperature":25.01,"humidity":49.02},
{"factory_id":0,"temperature":33.06,"humidity":58.77},
{"factory_id":1,"temperature":-8.06,"humidity":98.38},
{"factory_id":1,"temperature":-3.9,"humidity":13.56},
{"factory_id":0,"temperature":-14.66,"humidity":9.77},
{"factory_id":2,"temperature":43.33,"humidity":77.38},
{"factory_id":0,"temperature":9.21,"humidity":42.83},
{"factory_id":1,"temperature":-15.26,"humidity":88.54},
{"factory_id":2,"temperature":34.79,"humidity":27.18},
{"factory_id":0,"temperature":49.09,"humidity":45.64},
{"factory_id":0,"temperature":7.7,"humidity":25.89},
{"factory_id":0,"temperature":-0.72,"humidity":28.35},
{"factory_id":2,"temperature":44.32,"humidity":36.36},
{"factory_id":2,"temperature":41.56,"humidity":43.08},
{"factory_id":1,"temperature":46.11,"humidity":90.93},
{"factory_id":2,"temperature":29.42,"humidity":89.67},
{"factory_id":0,"temperature":28.81,"humidity":62.88},
{"factory_id":2,"temperature":-9.07,"humidity":25.38},
{"factory_id":2,"temperature":31.93,"humidity":69.75},
{"factory_id":2,"temperature":37.28,"humidity":2.01},
{"factory_id":2,"temperature":23.78,"humidity":80.97},
{"factory_id":0,"temperature":25.41,"humidity":53.59},
{"factory_id":0,"temperature":-16.22,"humidity":86.79},
{"factory_id":0,"temperature":-2.44,"humidity":61.61},
{"factory_id":2,"temperature":-11.42,"humidity":0.54},
{"factory_id":0,"temperature":18.69,"humidity":42.54},
{"factory_id":2,"temperature":25.26,"humidity":41.46},
{"factory_id":0,"temperature":5.18,"humidity":89.05},
{"factory_id":0,"temperature":35.34,"humidity":29.65},
{"factory_id":2,"temperature":28.16,"humidity":5.61},
{"factory_id":0,"temperature":4.47,"humidity":15.49},
{"factory_id":1,"temperature":-11.98,"humidity":21.73},
{"factory_id":2,"temperature":27.33,"humidity":31.1},
{"factory_id":2,"temperature":38.79,"humidity":56.6},
{"factory_id":2,"temperature":-3.14,"humidity":4.05},
{"factory_id":2,"temperature":39.24,"humidity":44.19},
{"factory_id":0,"temperature":24.52,"humidity":98.97},
{"factory_id":1,"temperature":8.93,"humidity":9.38},
{"factory_id":0,"temperature":17.82,"humidity":96.69},
{"factory_id":2,"temperature":-14.89,"humidity":33.23},
{"factory_id":2,"temperature":16.78,"humidity":45.52},
{"factory_id":2,"temperature":-10.15,"humidity":98.06},
{"factory_id":2,"temperature":20.86,"humidity":99.9},
{"factory_id":1,"temperature":-1.44,"humidity":47.81},
{"factory_id":1,"temperature":46.41,"humidity":59.49},
{"factory_id":1,"temperature":6.25,"humidity":2.52},
{"factory_id":0,"temperature":49.36,"humidity":51.21},
{"factory_id":1,"temperature":-12.67,"humidity":62.54},
{"factory_id":2,"temperature":34.35,"humidity":55.02},
{"factory_id":0,"temperature":12.46,"humidity":32.59},
{"factory_id":2,"temperature":-0.13,"humidity":64.9},
{"factory_id":2,"temperature":-4.09,"humidity":82.66},
{"factory_id":1,"temperature":6.51,"humidity":61.77},
{"factory_id":1,"temperature":-4.92,"humidity":54.6},
{"factory_id":0,"temperature":7.24,"humidity":56.08},
{"factory_id":1,"temperature":18.79,"humidity":91.83},
{"factory_id":0,"temperature":25.48,"humidity":0.11},
{"factory_id":2,"temperature":21.06,"humidity":12.45},
{"factory_id":2,"temperature":8.53,"humidity":84.81},
{"factory_id":0,"temperature":21.06,"humidity":88.78},
{"factory_id":2,"temperature":28.84,"humidity":18.71},
{"factory_id":2,"temperature":40.74,"humidity":8.75},
{"factory_id":1,"temperature":12.53,"humidity":12.31},
{"factory_id":0,"temperature":12.63,"humidity":29.31},
{"factory_id":0,"temperature":-11.12,"humidity":21.29},
{"factory_id":1,"temperature":-14.56,"humidity":51.39},
{"factory_id":2,"temperature":9.9,"humidity":19.38},
{"factory_id":1,"temperature":16.85,"humidity":58.53},
{"factory_id":0,"temperature":14.68,"humidity":83.77},
{"factory_id":2,"temperature":-16.79,"humidity":7.04},
{"factory_id":2,"temperature":42.01,"humidity":10.69},
{"factory_id":2,"temperature":-17.69,"humidity":8.87},
{"factory_id":2,"temperature":20.03,"humidity":92.63},
{"factory_id":2,"temperature":-14.34,"humidity":73.73},
{"factory_id":1,"temperature":30.65,"humidity":59.34},
{"factory_id":0,"temperature":-5.85,"humidity":62.95},
{"factory_id":2,"temperature":1.39,"humidity":66.8},
{"factory_id":0,"temperature":2.23,"humidity":33.05},
{"factory_id":2,"temperature":19.57,"humidity":40.51},
{"factory_id":0,"temperature":38.96,"humidity":39.94},
{"factory_id":0,"temperature":11.65,"humidity":93.76},
{"factory_id":0,"temperature":-4.75,"humidity":79.57},
{"factory_id":0,"temperature":1.34,"humidity":40.75},
{"factory_id":1,"temperature":24.24,"humidity":38.61},
{"factory_id":2,"temperature":15.79,"humidity":10.0},
{"factory_id":2,"temperature":-9.88,"humidity":78.42},
{"factory_id":2,"temperature":1.87,"humidity":70.61},
{"factory_id":1,"temperature":35.14,"humidity":3.69},
{"factory_id":0,"temperature":9.73,"humidity":52.56},
{"factory_id":0,"temperature":16.55,"humidity":72.23},
{"factory_id":0,"temperature":14.24,"humidity":65.45},
{"factory_id":2,"temperature":-2.0,"humidity":75.86},
{"factory_id":0,"temperature":31.34,"humidity":1.52},
{"factory_id":0,"temperature":13.89,"humidity":12.25},
{"factory_id":2,"temperature":45.28,"humidity":74.45},
{"factory_id":0,"temperature":37.63,"humidity":48.48},
{"factory_id":0,"temperature":34.25,"humidity":92.77},
{"factory_id":2,"temperature":17.39,"humidity":31.95},
{"factory_id":1,"temperature":9.02,"humidity":58.26},
{"factory_id":1,"temperature":-4.45,"humidity":28.29},
{"factory_id":2,"temperature":36.78,"humidity":28.67},
{"factory_id":0,"temperature":-8.3,"humidity":63.8},
{"factory_id":2,"temperature":40.79,"humidity":48.68},
{"factory_id":2,"temperature":-2.21,"humidity":64.98},
{"factory_id":2,"temperature":35.83,"humidity":9.98},
{"factory_id":2,"temperature":20.58,"humidity":24.98},
{"factory_id":2,"temperature":26.2,"humidity":23.49},
{"factory_id":2,"temperature":23.33,"humidity":46.25},
{"factory_id":0,"temperature":45.16,"humidity":21.87},
{"factory_id":2,"temperature":7.97,"humidity":87.12},
{"factory_id":1,"temperature":-6.83,"humidity":91.54},
{"factory_id":0,"temperature":-18.97,"humidity":91.2},
{"factory_id":1,"temperature":15.7,"humidity":91.51},
{"factory_id":2,"temperature":15.63,"humidity":83.92},
{"factory_id":0,"temperature":-4.71,"humidity":4.45},
{"factory_id":2,"temperature":-0.71,"humidity":25.48},
{"factory_id":2,"temperature":48.0,"humidity":14.22},
{"factory_id":1,"temperature":25.23,"humidity":83.39},
{"factory_id":2,"temperature":-13.38,"humidity":65.57},
{"factory_id":1,"temperature":-5.38,"humidity":94.33},
{"factory_id":2,"temperature":18.48,"humidity":17.17},
{"factory_id":1,"temperature":38.93,"humidity":68.23},
{"factory_id":1,"temperature":15.06,"humidity":4.71},
{"factory_id":2,"temperature":17.04,"humidity":3.08},
{"factory_id":2,"temperature":13.41,"humidity":50.51},
{"factory_id":0,"temperature":22.04,"humidity":44.51},
{"factory_id":2,"temperature":-6.76,"humidity":67.83},
{"factory_id":0,"temperature":-17.59,"humidity":99.93},
{"factory_id":2,"temperature":37.26,"humidity":48.32},
{"factory_id":1,"temperature":15.62,"humidity":26.91},
{"factory_id":2,"temperature":15.84,"humidity":57.82},
{"factory_id":1,"temperature":-9.81,"humidity":45.28},
{"factory_id":1,"temperature":-2.41,"humidity":43.04},
{"factory_id":1,"temperature":33.29,"humidity":25.98},
{"factory_id":0,"temperature":33.78,"humidity":43.82},
{"factory_id":0,"temperature":30.69,"humidity":99.01},
{"factory_id":0,"temperature":30.08,"humidity":88.87},
{"factory_id":0,"temperature":18.09,"humidity":0.57},
{"factory_id":2,"temperature":49.14,"humidity":39.19},
{"factory_id":0,"temperature":-18.25,"humidity":71.95},
{"factory_id":2,"temperature":1.31,"humidity":51.3},
{"factory_id":0,"temperature":-6.88,"humidity":51.91},
{"factory_id":1,"temperature":38.82,"humidity":49.75},
{"factory_id":1,"temperature":-12.73,"humidity":7.8},
{"factory_id":0,"temperature":35.86,"humidity":28.57},
{"factory_id":1,"temperature":42.43,"humidity":94.35},
{"factory_id":2,"temperature":10.97,"humidity":85.13},
{"factory_id":0,"temperature":14.7,"humidity":1.93},
{"factory_id":0,"temperature":-8.52,"humidity":34.4},
{"factory_id":1,"temperature":40.35,"humidity":57.17},
{"factory_id":2,"temperature":45.97,"humidity":44.64},
{"factory_id":1,"temperature":38.86,"humidity":28.13},
{"factory_id":1,"temperature":47.69,"humidity":62.14},
{"factory_id":2,"temperature":31.54,"humidity":80.53},
{"factory_id":0,"temperature":43.36,"humidity":48.9},
{"factory_id":2,"temperature":48.97,"humidity":22.73},
{"factory_id":1,"temperature":22.29,"humidity":84.9},
{"factory_id":2,"temperature":-3.77,"humidity":95.39},
{"factory_id":1,"temperature":32.63,"humidity":27.25},
{"factory_id":0,"temperature":36.5,"humidity":79.51},
{"factory_id":1,"temperature":14.88,"humidity":3.24},
{"factory_id":0,"temperature":-18.48,"humidity":36.33},
{"factory_id":1,"temperature":-14.6,"humidity":87.22},
{"factory_id":1,"temperature":36.56,"humidity":45.08},
{"factory_id":0,"temperature":40.81,"humidity":12.11},
{"factory_id":2,"temperature":20.98,"humidity":17.14},
{"factory_id":1,"temperature":36.88,"humidity":11.46},
{"factory_id":1,"temperature":-9.09,"humidity":76.08},
{"factory_id":0,"temperature":18.33,"humidity":5.6},
{"factory_id":0,"temperature":26.55,"humidity":98.05},
{"factory_id":0,"temperature":5.52,"humidity":9.71},
{"factory_id":1,"temperature":-12.94,"humidity":47.54},
{"factory_id":1,"temperature":1.03,"humidity":34.76},
{"factory_id":0,"temperature":11.27,"humidity":76.78},
{"factory_id":1,"temperature":33.15,"humidity":42.76},
{"factory_id":2,"temperature":-11.12,"humidity":28.03},
{"factory_id":0,"temperature":2.53,"humidity":25.2},
{"factory_id":2,"temperature":12.27,"humidity":42.24},
{"factory_id":2,"temperature":-9.23,"humidity":57.14},
{"factory_id":2,"temperature":8.54,"humidity":97.61},
{"factory_id":0,"temperature":6.99,"humidity":66.61},
{"factory_id":2,"temperature":33.56,"humidity":98.22},
{"factory_id":0,"temperature":17.97,"humidity":18.27},
{"factory_id":0,"temperature":6.32,"humidity":48.68},
{"factory_id":2,"temperature":-0.25,"humidity":50.46},
{"factory_id":1,"temperature":-14.54,"humidity":19.58},
{"factory_id":1,"temperature":35.16,"humidity":50.79},
{"factory_id":1,"temperature":-5.77,"humidity":19.17},
{"factory_id":2,"temperature":28.63,"humidity":90.73},
{"factory_id":2,"temperature":4.86,"humidity":83.33},
{"factory_id":2,"temperature":9.56,"humidity":99.75},
{"factory_id":2,"temperature":48.89,"humidity":28.56},
{"factory_id":1,"temperature":8.3,"humidity":28.21},
{"factory_id":0,"temperature":2.05,"humidity":22.11},
{"factory_id":1,"temperature":25.52,"humidity":41.19},
{"factory_id":0,"temperature":15.77,"humidity":76.64},
{"factory_id":0,"temperature":-11.19,"humidity":34.91},
{"factory_id":2,"temperature":16.86,"humidity":80.2},
{"factory_id":2,"temperature":19.49,"humidity":70.74},
{"factory_id":0,"temperature":-1.32,"humidity":28.85},
{"factory_id":0,"temperature":-13.0,"humidity":1.94},
{"factory_id":1,"temperature":29.6,"humidity":89.25},
{"factory_id":1,"temperature":14.78,"humidity":4.13},
{"factory_id":1,"temperature":-17.08,"humidity":33.37},
{"factory_id":2,"temperature":2.35,"humidity":55.16},
{"factory_id":1,"temperature":-16.86,"humidity":90.65},
{"factory_id":1,"temperature":-3.4,"humidity":84.38},
{"factory_id":2,"temperature":-13.0,"humidity":44.99},
{"factory_id":1,"temperature":1.03,"humidity":13.41},
{"factory_id":1,"temperature":-10.92,"humidity":3.57},
{"factory_id":0,"temperature":46.2,"humidity":0.12},
{"factory_id":2,"temperature":19.56,"humidity":67.5},
{"factory_id":2,"temperature":0.36,"humidity":69.08},
{"factory_id":1,"temperature":20.64,"humidity":77.74},
{"factory_id":0,"temperature":26.86,"humidity":26.35},
{"factory_id":1,"temperature":18.64,"humidity":49.85},
{"factory_id":1,"temperature":27.93,"humidity":10.42},
{"factory_id":1,"temperature":46.09,"humidity":70.84},
{"factory_id":2,"temperature":-11.1,"humidity":18.43},
{"factory_id":2,"temperature":20.65,"humidity":9.58},
{"factory_id":2,"temperature":41.55,"humidity":18.74},
{"factory_id":1,"temperature":46.3,"humidity":33.71},
{"factory_id":0,"temperature":-8.6,"humidity":87.79},
{"factory_id":1,"temperature":3.39,"humidity":61.83},
{"factory_id":1,"temperature":49.77,"humidity":31.4},
{"factory_id":2,"temperature":-16.36,"humidity":22.71},
{"factory_id":0,"temperature":43.51,"humidity":26.45},
{"factory_id":0,"temperature":3.69,"humidity":39.94},
{"factory_id":1,"temperature":-0.88,"humidity":64.53},
{"factory_id":1,"temperature":-0.26,"humidity":28.28},
{"factory_id":2,"temperature":-17.23,"humidity":15.46},
{"factory_id":1,"temperature":4.83,"humidity":24.35},
{"factory_id":1,"temperature":-9.69,"humidity":5.4},
{"factory_id":0,"temperature":-19.79,"humidity":52.83},
{"factory_id":2,"temperature":41.89,"humidity":90.17},
{"factory_id":2,"temperature":14.27,"humidity":32.27},
{"factory_id":1,"temperature":0.95,"humidity":58.2},
{"factory_id":2,"temperature":-5.08,"humidity":54.21},
{"factory_id":0,"temperature":48.18,"humidity":7.81},
{"factory_id":2,"temperature":48.29,"humidity":95.71},
{"factory_id":1,"temperature":-8.25,"humidity":24.84},
{"factory_id":1,"temperature":12.49,"humidity":20.65},
{"factory_id":0,"temperature":-19.66,"humidity":96.18},
{"factory_id":1,"temperature":49.94,"humidity":4.47},
{"factory_id":1,"temperature":27.88,"humidity":22.31},
{"factory_id":1,"temperature":30.08,"humidity":0.46},
{"factory_id":1,"temperature":-5.24,"humidity":99.1},
{"factory_id":2,"temperature":23.12,"humidity":64.45},
{"factory_id":1,"temperature":32.51,"humidity":23.44},
{"factory_id":1,"temperature":1.75,"humidity":71.18},
{"factory_id":1,"temperature":28.37,"humidity":2.61},
{"factory_id":0,"temperature":7.31,"humidity":26.7},
{"factory_id":1,"temperature":37.6,"humidity":26.95},
{"factory_id":0,"temperature":1.04,"humidity":2.3},
{"factory_id":0,"temperature":-8.07,"humidity":8.16},
{"factory_id":0,"temperature":39.2,"humidity":81.16},
{"factory_id":2,"temperature":23.01,"humidity":39.41},
{"factory_id":2,"temperature":7.73,"humidity":59.65},
{"factory_id":2,"temperature":-5.91,"humidity":54.05},
{"factory_id":0,"temperature":4.97,"humidity":76.55},
{"factory_id":2,"temperature":47.37,"humidity":77.7},
{"factory_id":0,"temperature":1.35,"humidity":83.95},
{"factory_id":0,"temperature":30.15,"humidity":47.38},
{"factory_id":2,"temperature":5.48,"humidity":42.52},
{"factory_id":1,"temperature":-2.82,"humidity":42.44},
{"factory_id":0,"temperature":19.67,"humidity":19.28},
{"factory_id":0,"temperature":38.13,"humidity":27.1},
{"factory_id":1,"temperature":-18.22,"humidity":61.27},
{"factory_id":2,"temperature":3.87,"humidity":92.8},
{"factory_id":2,"temperature":-9.49,"humidity":98.88},
{"factory_id":1,"temperature":21.66,"humidity":22.65},
{"factory_id":2,"temperature":26.79,"humidity":20.74},
{"factory_id":2,"temperature":39.51,"humidity":62.97},
{"factory_id":0,"temperature":4.8,"humidity":30.76},
{"factory_id":2,"temperature":32.16,"humidity":57.36},
{"factory_id":1,"temperature":-17.57,"humidity":33.12},
{"factory_id":1,"temperature":-18.95,"humidity":7.15},
{"factory_id":0,"temperature":19.25,"humidity":0.07},
{"factory_id":1,"temperature":-5.26,"humidity":23.36},
{"factory_id":0,"temperature":-12.94,"humidity":62.52},
{"factory_id":2,"temperature":41.17,"humidity":47.61},
{"factory_id":0,"temperature":-1.2,"humidity":51.76},
{"factory_id":2,"temperature":29.01,"humidity":79.02},
{"factory_id":0,"temperature":-17.63,"humidity":84.81},
{"factory_id":2,"temperature":28.21,"humidity":57.43},
{"factory_id":2,"temperature":38.99,"humidity":36.13},
{"factory_id":1,"temperature":15.96,"humidity":19.09},
{"factory_id":1,"temperature":9.01,"humidity":67.86},
{"factory_id":2,"temperature":48.38,"humidity":47.74},
{"factory_id":0,"temperature":15.66,"humidity":27.97},
{"factory_id":0,"temperature":14.01,"humidity":63.29},
{"factory_id":1,"temperature":18.87,"humidity":38.71},
{"factory_id":0,"temperature":27.32,"humidity":21.61},
{"factory_id":1,"temperature":42.89,"humidity":87.37},
{"factory_id":2,"temperature":10.81,"humidity":95.06},
{"factory_id":2,"temperature":-2.98,"humidity":82.69},
{"factory_id":2,"temperature":20.34,"humidity":0.05},
{"factory_id":2,"temperature":33.21,"humidity":44.56},
{"factory_id":1,"temperature":8.36,"humidity":63.73},
{"factory_id":2,"temperature":39.33,"humidity":5.1},
{"factory_id":1,"temperature":5.11,"humidity":49.1},
{"factory_id":0,"temperature":18.28,"humidity":25.46},
{"factory_id":0,"temperature":42.27,"humidity":13.71},
{"factory_id":1,"temperature":1.84,"humidity":66.14},
{"factory_id":2,"temperature":20.17,"humidity":55.48},
{"factory_id":1,"temperature":15.9,"humidity":26.54},
{"factory_id":2,"temperature":-19.5,"humidity":42.58},
{"factory_id":1,"temperature":-5.48,"humidity":80.28},
{"factory_id":0,"temperature":11.87,"humidity":43.52},
{"factory_id":1,"temperature":26.41,"humidity":24.51},
{"factory_id":2,"temperature":32.6,"humidity":49.96},
{"factory_id":2,"temperature":0.77,"humidity":61.14},
{"factory_id":1,"temperature":31.48,"humidity":69.61},
{"factory_id":1,"temperature":-9.66,"humidity":20.51},
{"factory_id":2,"temperature":46.77,"humidity":18.24},
{"factory_id":2,"temperature":-10.2,"humidity":40.11},
{"factory_id":0,"temperature":5.36,"humidity":55.66},
{"factory_id":1,"temperature":-2.61,"humidity":65.08},
{"factory_id":2,"temperature":38.26,"humidity":45.47},
{"factory_id":1,"temperature":-10.92,"humidity":53.74},
{"factory_id":2,"temperature":16.73,"humidity":9.6},
{"factory_id":1,"temperature":5.48,"humidity":27.67},
{"factory_id":1,"temperature":-19.68,"humidity":30.25},
{"factory_id":0,"temperature":25.24,"humidity":78.25},
{"factory_id":1,"temperature":28.33,"humidity":96.07},
{"factory_id":0,"temperature":22.9,"humidity":42.83},
{"factory_id":1,"temperature":22.83,"humidity":54.87},
{"factory_id":0,"temperature":43.94,"humidity":32.65},
{"factory_id":0,"temperature":5.22,"humidity":68.2},
{"factory_id":0,"temperature":2.6,"humidity":10.93},
{"factory_id":1,"temperature":7.55,"humidity":31.7},
{"factory_id":1,"temperature":33.85,"humidity":75.4},
{"factory_id":2,"temperature":-4.29,"humidity":51.71},
{"factory_id":1,"temperature":47.08,"humidity":17.18},
{"factory_id":0,"temperature":40.07,"humidity":72.1},
{"factory_id":1,"temperature":21.13,"humidity":0.75},
{"factory_id":2,"temperature":47.34,"humidity":21.04},
{"factory_id":2,"temperature":22.34,"humidity":7.77},
{"factory_id":0,"temperature":-12.57,"humidity":14.38},
{"factory_id":2,"temperature":40.63,"humidity":81.01},
{"factory_id":0,"temperature":3.66,"humidity":41.28},
{"factory_id":1,"temperature":21.52,"humidity":65.83},
{"factory_id":2,"temperature":-16.73,"humidity":13.54},
{"factory_id":1,"temperature":-3.56,"humidity":51.63},
{"factory_id":2,"temperature":-2.37,"humidity":99.39},
{"factory_id":1,"temperature":-19.62,"humidity":88.05},
{"factory_id":0,"temperature":25.83,"humidity":50.06},
{"factory_id":0,"temperature":16.14,"humidity":33.74},
{"factory_id":2,"temperature":9.71,"humidity":53.24},
{"factory_id":0,"temperature":12.07,"humidity":11.25},
{"factory_id":1,"temperature":12.15,"humidity":26.12},
{"factory_id":2,"temperature":32.04,"humidity":26.63},
{"factory_id":0,"temperature":27.1,"humidity":46.18},
{"factory_id":2,"temperature":47.27,"humidity":88.22},
{"factory_id":0,"temperature":0.81,"humidity":83.64},
{"factory_id":0,"temperature":14.93,"humidity":37.58},
{"factory_id":2,"temperature":25.5,"humidity":8.2},
{"factory_id":2,"temperature":32.63,"humidity":69.41},
{"factory_id":2,"temperature":30.87,"humidity":67.83},
{"factory_id":1,"temperature":27.66,"humidity":50.98},
{"factory_id":0,"temperature":-7.45,"humidity":91.49},
{"factory_id":2,"temperature":35.93,"humidity":73.06},
{"factory_id":0,"temperature":22.14,"humidity":93.36},
{"factory_id":0,"temperature":46.13,"humidity":87.68},
{"factory_id":0,"temperature":28.27,"humidity":67.7},
{"factory_id":0,"temperature":-17.97,"humidity":93.81},
{"factory_id":1,"temperature":29.9,"humidity":36.21},
{"factory_id":1,"temperature":37.27,"humidity":37.54},
{"factory_id":1,"temperature":5.34,"humidity":14.9},
{"factory_id":2,"temperature":-12.8,"humidity":23.81},
{"factory_id":0,"temperature":12.27,"humidity":33.85},
{"factory_id":2,"temperature":41.19,"humidity":39.08},
{"factory_id":0,"temperature":22.95,"humidity":94.59},
{"factory_id":2,"temperature":-19.45,"humidity":57.58},
{"factory_id":0,"temperature":42.4,"humidity":65.29},
{"factory_id":0,"temperature":-2.91,"humidity":12.52},
{"factory_id":0,"temperature":14.07,"humidity":32.59},
{"factory_id":1,"temperature":5.96,"humidity":18.46},
{"factory_id":2,"temperature":37.66,"humidity":34.88},
{"factory_id":1,"temperature":-6.24,"humidity":42.06},
{"factory_id":1,"temperature":5.66,"humidity":60.04},
{"factory_id":1,"temperature":30.19,"humidity":99.62},
{"factory_id":1,"temperature":-16.24,"humidity":54.79},
{"factory_id":1,"temperature":-12.48,"humidity":15.81},
{"factory_id":1,"temperature":43.36,"humidity":95.17},
{"factory_id":2,"temperature":27.56,"humidity":70.71},
{"factory_id":2,"temperature":43.94,"humidity":94.72},
{"factory_id":0,"temperature":11.68,"humidity":30.62},
{"factory_id":0,"temperature":49.58,"humidity":98.92},
{"factory_id":1,"temperature":28.45,"humidity":96.49},
{"factory_id":2,"temperature":-14.16,"humidity":57.41},
{"factory_id":0,"temperature":7.24,"humidity":25.46},
{"factory_id":1,"temperature":7.02,"humidity":5.09},
{"factory_id":2,"temperature":21.99,"humidity":85.26},
{"factory_id":1,"temperature":42.1,"humidity":71.25},
{"factory_id":2,"temperature":43.08,"humidity":78.68},
{"factory_id":0,"temperature":-7.87,"humidity":94.47},
{"factory_id":2,"temperature":2.28,"humidity":98.18},
{"factory_id":1,"temperature":38.38,"humidity":56.11},
{"factory_id":1,"temperature":31.96,"humidity":30.4},
{"factory_id":1,"temperature":34.4,"humidity":68.07},
{"factory_id":1,"temperature":45.57,"humidity":9.35},
{"factory_id":0,"temperature":3.85,"humidity":50.67},
{"factory_id":0,"temperature":21.39,"humidity":60.73},
{"factory_id":1,"temperature":33.74,"humidity":40.03},
{"factory_id":0,"temperature":10.33,"humidity":80.44},
{"factory_id":1,"temperature":48.93,"humidity":46.88},
{"factory_id":2,"temperature":-1.61,"humidity":97.81},
{"factory_id":2,"temperature":7.82,"humidity":81.43},
{"factory_id":2,"temperature":28.6,"humidity":68.25},
{"factory_id":0,"temperature":21.17,"humidity":77.64},
{"factory_id":0,"temperature":37.26,"humidity":80.56},
{"factory_id":0,"temperature":42.34,"humidity":73.57},
{"factory_id":0,"temperature":-19.8,"humidity":44.0},
{"factory_id":2,"temperature":46.94,"humidity":4.49},
{"factory_id":2,"temperature":-7.34,"humidity":86.74},
{"factory_id":1,"temperature":19.71,"humidity":13.0},
{"factory_id":1,"temperature":11.14,"humidity":17.84},
{"factory_id":0,"temperature":0.09,"humidity":93.26},
{"factory_id":1,"temperature":14.93,"humidity":82.34},
{"factory_id":1,"temperature":13.16,"humidity":55.5},
{"factory_id":1,"temperature":49.15,"humidity":97.03},
{"factory_id":0,"temperature":-3.87,"humidity":92.62},
{"factory_id":2,"temperature":33.33,"humidity":6.73},
{"factory_id":2,"temperature":22.69,"humidity":22.98},
{"factory_id":2,"temperature":26.14,"humidity":56.72},
{"factory_id":2,"temperature":-0.95,"humidity":73.04},
{"factory_id":2,"temperature":37.47,"humidity":8.19},
{"factory_id":2,"temperature":21.97,"humidity":29.55},
{"factory_id":2,"temperature":28.38,"humidity":11.49},
{"factory_id":0,"temperature":8.74,"humidity":84.15},
{"factory_id":0,"temperature":41.15,"humidity":42.56},
{"factory_id":2,"temperature":0.61,"humidity":50.31},
{"factory_id":0,"temperature":-18.22,"humidity":17.62},
{"factory_id":1,"temperature":-15.91,"humidity":0.63},
{"factory_id":1,"temperature":37.95,"humidity":25.96},
{"factory_id":1,"temperature":21.37,"humidity":70.95},
{"factory_id":1,"temperature":19.96,"humidity":35.91},
{"factory_id":1,"temperature":-4.31,"humidity":20.56},
{"factory_id":0,"temperature":4.36,"humidity":97.53},
{"factory_id":0,"temperature":23.75,"humidity":28.9},
{"factory_id":1,"temperature":49.43,"humidity":75.76},
{"factory_id":2,"temperature":13.97,"humidity":41.06},
{"factory_id":0,"temperature":-19.63,"humidity":94.82},
{"factory_id":2,"temperature":27.51,"humidity":4.6},
{"factory_id":1,"temperature":10.33,"humidity":30.77},
{"factory_id":0,"temperature":21.73,"humidity":23.19},
{"factory_id":2,"temperature":38.6,"humidity":78.72},
{"factory_id":0,"temperature":10.56,"humidity":26.42},
{"factory_id":2,"temperature":5.17,"humidity":0.86},
{"factory_id":0,"temperature":35.18,"humidity":26.56},
{"factory_id":1,"temperature":32.82,"humidity":11.18},
{"factory_id":2,"temperature":-11.2,"humidity":9.45},
{"factory_id":0,"temperature":9.45,"humidity":67.84},
{"factory_id":2,"temperature":8.59,"humidity":85.1},
{"factory_id":2,"temperature":22.05,"humidity":35.86},
{"factory_id":1,"temperature":15.92,"humidity":63.6},
{"factory_id":1,"temperature":32.6,"humidity":72.42},
{"factory_id":0,"temperature":42.54,"humidity":93.66},
{"factory_id":0,"temperature":11.44,"humidity":24.93},
{"factory_id":2,"temperature":-4.18,"humidity":19.25},
{"factory_id":1,"temperature":20.18,"humidity":3.49},
{"factory_id":0,"temperature":35.74,"humidity":60.44},
{"factory_id":1,"temperature":-10.0,"humidity":54.86},
{"factory_id":1,"temperature":20.71,"humidity":77.35},
{"factory_id":1,"temperature":-3.35,"humidity":57.42},
{"factory_id":1,"temperature":21.92,"humidity":9.94},
{"factory_id":2,"temperature":-3.27,"humidity":24.32},
{"factory_id":0,"temperature":7.83,"humidity":40.42},
{"factory_id":1,"temperature":-0.3,"humidity":25.46},
{"factory_id":0,"temperature":28.45,"humidity":64.47},
{"factory_id":0,"temperature":38.67,"humidity":9.95},
{"factory_id":1,"temperature":25.69,"humidity":69.03},
{"factory_id":1,"temperature":45.87,"humidity":80.46},
{"factory_id":2,"temperature":17.4,"humidity":20.64},
{"factory_id":2,"temperature":35.07,"humidity":48.78},
{"factory_id":1,"temperature":-7.81,"humidity":61.01},
{"factory_id":2,"temperature":43.52,"humidity":23.23},
{"factory_id":0,"temperature":2.67,"humidity":5.86},
{"factory_id":0,"temperature":19.72,"humidity":53.65},
{"factory_id":2,"temperature":42.6,"humidity":71.45},
{"factory_id":0,"temperature":12.94,"humidity":95.11},
{"factory_id":1,"temperature":27.91,"humidity":52.78},
{"factory_id":1,"temperature":6.05,"humidity":45.73},
{"factory_id":0,"temperature":-13.48,"humidity":37.78},
{"factory_id":2,"temperature":-5.73,"humidity":22.25},
{"factory_id":2,"temperature":40.5,"humidity":93.03},
{"factory_id":1,"temperature":-9.57,"humidity":68.02},
{"factory_id":1,"temperature":-7.07,"humidity":53.99},
{"factory_id":2,"temperature":38.37,"humidity":70.2},
{"factory_id":1,"temperature":11.78,"humidity":47.54},
{"factory_id":2,"temperature":10.88,"humidity":73.2},
{"factory_id":0,"temperature":35.4,"humidity":35.29},
{"factory_id":2,"temperature":-8.58,"humidity":94.96},
{"factory_id":2,"temperature":32.99,"humidity":69.94},
{"factory_id":1,"temperature":38.79,"humidity":91.88},
{"factory_id":2,"temperature":40.59,"humidity":31.03},
{"factory_id":0,"temperature":19.88,"humidity":77.94},
{"factory_id":1,"temperature":45.64,"humidity":32.61},
{"factory_id":2,"temperature":-2.01,"humidity":21.92},
{"factory_id":2,"temperature":4.03,"humidity":36.64},
{"factory_id":2,"temperature":11.42,"humidity":60.47},
{"factory_id":0,"temperature":6.66,"humidity":63.59},
{"factory_id":2,"temperature":1.03,"humidity":34.28},
{"factory_id":1,"temperature":23.91,"humidity":29.28},
{"factory_id":1,"temperature":32.9,"humidity":22.05},
{"factory_id":1,"temperature":32.33,"humidity":36.0},
{"factory_id":0,"temperature":15.56,"humidity":86.14},
{"factory_id":0,"temperature":39.09,"humidity":75.99},
{"factory_id":1,"temperature":-16.52,"humidity":39.9},
{"factory_id":0,"temperature":26.57,"humidity":79.28},
{"factory_id":0,"temperature":26.06,"humidity":67.96},
{"factory_id":2,"temperature":-10.59,"humidity":86.22},
{"factory_id":0,"temperature":-11.97,"humidity":10.04},
{"factory_id":0,"temperature":-1.46,"humidity":69.41},
{"factory_id":1,"temperature":47.1,"humidity":11.5},
{"factory_id":0,"temperature":9.71,"humidity":52.38},
{"factory_id":2,"temperature":-3.21,"humidity":83.54},
{"factory_id":1,"temperature":-13.18,"humidity":79.14},
{"factory_id":2,"temperature":36.65,"humidity":15.48},
{"factory_id":1,"temperature":23.99,"humidity":79.76},
{"factory_id":1,"temperature":-5.81,"humidity":93.61},
{"factory_id":1,"temperature":-1.86,"humidity":62.02},
{"factory_id":1,"temperature":-15.53,"humidity":91.99},
{"factory_id":2,"temperature":32.97,"humidity":8.82},
{"factory_id":1,"temperature":12.37,"humidity":28.18},
{"factory_id":2,"temperature":14.26,"humidity":12.65},
{"factory_id":2,"temperature":35.58,"humidity":83.83},
{"factory_id":1,"temperature":32.67,"humidity":63.89},
{"factory_id":2,"temperature":-15.92,"humidity":90.28},
{"factory_id":1,"temperature":26.41,"humidity":87.82},
{"factory_id":2,"temperature":12.81,"humidity":44.63},
{"factory_id":2,"temperature":27.95,"humidity":47.5},
{"factory_id":0,"temperature":42.99,"humidity":87.09},
{"factory_id":1,"temperature":30.84,"humidity":0.5},
{"factory_id":2,"temperature":-0.7,"humidity":48.88},
{"factory_id":1,"temperature":-2.19,"humidity":30.52},
{"factory_id":1,"temperature":46.44,"humidity":98.14},
{"factory_id":1,"temperature":44.4,"humidity":26.92},
{"factory_id":1,"temperature":-6.06,"humidity":74.06},
{"factory_id":0,"temperature":23.66,"humidity":83.36},
{"factory_id":1,"temperature":1.9,"humidity":42.93},
{"factory_id":1,"temperature":-0.6,"humidity":97.6},
{"factory_id":0,"temperature":-9.29,"humidity":59.83},
{"factory_id":0,"temperature":2.6,"humidity":77.14},
{"factory_id":1,"temperature":-9.83,"humidity":67.07},
{"factory_id":1,"temperature":8.71,"humidity":34.45},
{"factory_id":1,"temperature":29.35,"humidity":6.47},
{"factory_id":2,"temperature":30.07,"humidity":43.43},
{"factory_id":2,"temperature":37.97,"humidity":79.04},
{"factory_id":2,"temperature":29.28,"humidity":5.97},
{"factory_id":0,"temperature":-6.58,"humidity":36.56},
{"factory_id":1,"temperature":5.22,"humidity":6.35},
{"factory_id":0,"temperature":-15.33,"humidity":92.84},
{"factory_id":1,"temperature":4.41,"humidity":82.48},
{"factory_id":0,"temperature":40.04,"humidity":30.49},
{"factory_id":2,"temperature":-11.04,"humidity":95.73},
{"factory_id":2,"temperature":24.23,"humidity":64.61},
{"factory_id":0,"temperature":-6.44,"humidity":69.22},
{"factory_id":2,"temperature":41.25,"humidity":24.78},
{"factory_id":0,"temperature":-1.52,"humidity":68.87},
{"factory_id":1,"temperature":-10.52,"humidity":48.36},
{"factory_id":1,"temperature":-12.22,"humidity":49.04},
{"factory_id":0,"temperature":4.59,"humidity":80.41},
{"factory_id":1,"temperature":41.99,"humidity":45.61},
{"factory_id":1,"temperature":-14.83,"humidity":77.91},
{"factory_id":2,"temperature":22.71,"humidity":67.25},
{"factory_id":2,"temperature":-19.56,"humidity":10.92},
{"factory_id":2,"temperature":13.48,"humidity":26.12},
{"factory_id":0,"temperature":21.32,"humidity":82.6},
{"factory_id":2,"temperature":28.2,"humidity":3.39},
{"factory_id":0,"temperature":4.85,"humidity":7.8},
{"factory_id":0,"temperature":13.46,"humidity":30.23},
{"factory_id":0,"temperature":42.89,"humidity":92.94},
{"factory_id":1,"temperature":15.04,"humidity":38.79},
{"factory_id":0,"temperature":39.58,"humidity":41.72},
{"factory_id":0,"temperature":25.14,"humidity":34.28},
{"factory_id":1,"temperature":-0.92,"humidity":55.92},
{"factory_id":2,"temperature":15.32,"humidity":14.44},
{"factory_id":1,"temperature":20.58,"humidity":93.76},
{"factory_id":0,"temperature":-1.2,"humidity":30.29},
{"factory_id":2,"temperature":33.62,"humidity":76.25},
{"factory_id":2,"temperature":-1.51,"humidity":16.4},
{"factory_id":2,"temperature":7.67,"humidity":46.14},
{"factory_id":2,"temperature":32.3,"humidity":53.1},
{"factory_id":2,"temperature":46.42,"humidity":39.62},
{"factory_id":1,"temperature":-2.43,"humidity":91.52},
{"factory_id":1,"temperature":19.47,"humidity":51.36},
{"factory_id":0,"temperature":36.85,"humidity":0.01},
{"factory_id":1,"temperature":19.58,"humidity":97.28},
{"factory_id":0,"temperature":12.06,"humidity":85.96},
{"factory_id":1,"temperature":49.6,"humidity":43.12},
{"factory_id":0,"temperature":-18.95,"humidity":69.34},
{"factory_id":1,"temperature":-19.16,"humidity":50.22},
{"factory_id":1,"temperature":46.87,"humidity":43.18},
{"factory_id":1,"temperature":1.55,"humidity":44.4},
{"factory_id":2,"temperature":37.09,"humidity":90.89},
{"factory_id":0,"temperature":35.75,"humidity":54.3},
{"factory_id":0,"temperature":-4.07,"humidity":67.24},
{"factory_id":2,"temperature":-6.89,"humidity":37.84},
{"factory_id":1,"temperature":22.06,"humidity":91.9},
{"factory_id":2,"temperature":-9.51,"humidity":30.89},
{"factory_id":2,"temperature":38.91,"humidity":29.53},
{"factory_id":2,"temperature":2.31,"humidity":55.32},
{"factory_id":0,"temperature":23.67,"humidity":14.25},
{"factory_id":1,"temperature":30.67,"humidity":24.38},
{"factory_id":2,"temperature":1.01,"humidity":77.62},
{"factory_id":1,"temperature":43.72,"humidity":7.66},
{"factory_id":1,"temperature":34.71,"humidity":47.3},
{"factory_id":2,"temperature":-17.59,"humidity":29.12},
{"factory_id":1,"temperature":-11.78,"humidity":25.79},
{"factory_id":2,"temperature":21.43,"humidity":35.0},
{"factory_id":1,"temperature":-10.89,"humidity":56.44},
{"factory_id":0,"temperature":33.97,"humidity":54.65},
{"factory_id":2,"temperature":12.25,"humidity":95.21},
{"factory_id":0,"temperature":46.35,"humidity":23.06},
{"factory_id":0,"temperature":39.18,"humidity":87.21},
{"factory_id":2,"temperature":21.45,"humidity":7.58},
{"factory_id":1,"temperature":30.27,"humidity":18.82},
{"factory_id":2,"temperature":11.11,"humidity":6.95},
{"factory_id":0,"temperature":11.95,"humidity":97.85},
{"factory_id":1,"temperature":12.16,"humidity":90.03},
{"factory_id":1,"temperature":6.71,"humidity":41.67},
{"factory_id":1,"temperature":38.22,"humidity":68.43},
{"factory_id":2,"temperature":9.63,"humidity":67.94},
{"factory_id":2,"temperature":-18.92,"humidity":24.47},
{"factory_id":0,"temperature":12.52,"humidity":33.21},
{"factory_id":0,"temperature":-15.14,"humidity":32.9},
{"factory_id":1,"temperature":31.44,"humidity":11.21},
{"factory_id":2,"temperature":42.19,"humidity":13.69},
{"factory_id":0,"temperature":37.61,"humidity":23.73},
{"factory_id":0,"temperature":18.98,"humidity":55.13},
{"factory_id":2,"temperature":15.38,"humidity":97.11},
{"factory_id":0,"temperature":28.12,"humidity":87.01},
{"factory_id":0,"temperature":12.74,"humidity":44.51},
{"factory_id":2,"temperature":26.95,"humidity":52.31},
{"factory_id":0,"temperature":43.01,"humidity":67.14},
{"factory_id":2,"temperature":49.87,"humidity":45.72},
{"factory_id":2,"temperature":23.3,"humidity":60.03},
{"factory_id":1,"temperature":13.21,"humidity":24.8},
{"factory_id":1,"temperature":40.51,"humidity":36.57},
{"factory_id":0,"temperature":-15.19,"humidity":62.9},
{"factory_id":2,"temperature":39.13,"humidity":94.87},
{"factory_id":0,"temperature":7.59,"humidity":55.31},
{"factory_id":0,"temperature":13.22,"humidity":86.12},
{"factory_id":1,"temperature":5.72,"humidity":72.26},
{"factory_id":2,"temperature":12.24,"humidity":20.54},
{"factory_id":0,"temperature":34.91,"humidity":6.19},
{"factory_id":1,"temperature":44.66,"humidity":3.74},
{"factory_id":2,"temperature":49.77,"humidity":54.29},
{"factory_id":2,"temperature":20.96,"humidity":23.82},
{"factory_id":0,"temperature":9.47,"humidity":59.29},
{"factory_id":0,"temperature":27.43,"humidity":49.84},
{"factory_id":2,"temperature":14.22,"humidity":87.44},
{"factory_id":2,"temperature":18.3,"humidity":29.89},
{"factory_id":0,"temperature":43.83,"humidity":49.09},
{"factory_id":0,"temperature":27.24,"humidity":61.49},
{"factory_id":0,"temperature":38.23,"humidity":35.91},
{"factory_id":2,"temperature":11.3,"humidity":8.08},
{"factory_id":0,"temperature":12.16,"humidity":52.3},
{"factory_id":2,"temperature":-3.04,"humidity":90.99},
{"factory_id":0,"temperature":15.23,"humidity":41.98},
{"factory_id":1,"temperature":-10.22,"humidity":70.86},
{"factory_id":1,"temperature":-12.33,"humidity":22.06},
{"factory_id":1,"temperature":6.2,"humidity":57.83},
{"factory_id":2,"temperature":-12.14,"humidity":14.97},
{"factory_id":2,"temperature":48.2,"humidity":20.07},
{"factory_id":2,"temperature":34.64,"humidity":50.35},
{"factory_id":2,"temperature":8.31,"humidity":58.17},
{"factory_id":2,"temperature":-8.29,"humidity":97.76},
{"factory_id":0,"temperature":24.72,"humidity":78.03},
{"factory_id":2,"temperature":-19.71,"humidity":48.57},
{"factory_id":1,"temperature":9.38,"humidity":93.61},
{"factory_id":1,"temperature":-8.35,"humidity":13.68},
{"factory_id":1,"temperature":-3.66,"humidity":16.48},
{"factory_id":0,"temperature":38.11,"humidity":85.1},
{"factory_id":2,"temperature":45.73,"humidity":58.59},
{"factory_id":0,"temperature":45.44,"humidity":29.89},
{"factory_id":0,"temperature":36.68,"humidity":49.86},
{"factory_id":0,"temperature":-12.1,"humidity":84.28},
{"factory_id":2,"temperature":47.22,"humidity":3.41},
{"factory_id":0,"temperature":37.16,"humidity":9.04},
{"factory_id":1,"temperature":40.65,"humidity":89.03},
{"factory_id":1,"temperature":43.43,"humidity":48.93},
{"factory_id":1,"temperature":44.1,"humidity":20.28},
{"factory_id":2,"temperature":-16.21,"humidity":31.9},
{"factory_id":2,"temperature":-0.12,"humidity":34.99},
{"factory_id":2,"temperature":33.34,"humidity":68.33},
{"factory_id":1,"temperature":14.45,"humidity":51.61},
{"factory_id":0,"temperature":34.82,"humidity":68.44},
{"factory_id":2,"temperature":27.71,"humidity":65.65},
{"factory_id":1,"temperature":49.92,"humidity":6.02},
{"factory_id":2,"temperature":-10.01,"humidity":44.74},
{"factory_id":2,"temperature":-17.99,"humidity":86.41},
{"factory_id":2,"temperature":13.36,"humidity":25.08},
{"factory_id":1,"temperature":-14.5,"humidity":53.33},
{"factory_id":0,"temperature":9.93,"humidity":84.72},
{"factory_id":0,"temperature":-19.63,"humidity":51.2},
{"factory_id":1,"temperature":-19.46,"humidity":44.06},
{"factory_id":0,"temperature":36.23,"humidity":30.72},
{"factory_id":0,"temperature":-1.35,"humidity":23.24},
{"factory_id":0,"temperature":7.84,"humidity":77.65},
{"factory_id":1,"temperature":32.05,"humidity":38.81},
{"factory_id":2,"temperature":10.28,"humidity":93.49},
{"factory_id":2,"temperature":30.96,"humidity":52.71},
{"factory_id":2,"temperature":8.64,"humidity":88.04},
{"factory_id":0,"temperature":-11.61,"humidity":67.96},
{"factory_id":0,"temperature":18.19,"humidity":1.14},
{"factory_id":2,"temperature":-13.9,"humidity":41.22},
{"factory_id":1,"temperature":29.39,"humidity":99.97},
{"factory_id":2,"temperature":-13.86,"humidity":77.9},
{"factory_id":2,"temperature":19.67,"humidity":8.57},
{"factory_id":1,"temperature":19.77,"humidity":97.07},
{"factory_id":0,"temperature":-5.78,"humidity":28.59},
{"factory_id":1,"temperature":31.34,"humidity":36.93},
{"factory_id":0,"temperature":48.87,"humidity":25.59},
{"factory_id":2,"temperature":-13.43,"humidity":80.64},
{"factory_id":1,"temperature":-12.49,"humidity":57.55},
{"factory_id":1,"temperature":1.15,"humidity":91.79},
{"factory_id":2,"temperature":20.61,"humidity":98.81},
{"factory_id":1,"temperature":9.03,"humidity":1.36},
{"factory_id":2,"temperature":2.43,"humidity":46.65},
{"factory_id":1,"temperature":24.42,"humidity":94.83},
{"factory_id":0,"temperature":25.65,"humidity":53.21},
{"factory_id":2,"temperature":25.88,"humidity":58.95},
{"factory_id":2,"temperature":27.57,"humidity":92.23},
{"factory_id":1,"temperature":-11.85,"humidity":17.21},
{"factory_id":1,"temperature":6.83,"humidity":19.05},
{"factory_id":2,"temperature":-6.81,"humidity":77.04},
{"factory_id":1,"temperature":-10.06,"humidity":95.25},
{"factory_id":0,"temperature":22.2,"humidity":49.69},
{"factory_id":1,"temperature":-19.88,"humidity":39.84},
{"factory_id":2,"temperature":37.45,"humidity":16.57},
{"factory_id":0,"temperature":29.23,"humidity":33.86},
{"factory_id":0,"temperature":0.88,"humidity":69.6},
{"factory_id":1,"temperature":26.95,"humidity":3.77},
{"factory_id":0,"temperature":11.13,"humidity":92.4},
{"factory_id":0,"temperature":-8.27,"humidity":90.25},
{"factory_id":2,"temperature":46.97,"humidity":80.47},
{"factory_id":2,"temperature":24.84,"humidity":38.86},
{"factory_id":2,"temperature":10.05,"humidity":93.35},
{"factory_id":0,"temperature":27.43,"humidity":14.59},
{"factory_id":1,"temperature":0.7,"humidity":51.8},
{"factory_id":0,"temperature":44.07,"humidity":85.07},
{"factory_id":1,"temperature":-15.05,"humidity":5.19},
{"factory_id":2,"temperature":-17.5,"humidity":11.73},
{"factory_id":2,"temperature":6.82,"humidity":22.21},
{"factory_id":2,"temperature":13.11,"humidity":32.14},
{"factory_id":0,"temperature":11.4,"humidity":11.41},
{"factory_id":1,"temperature":12.96,"humidity":79.73},
{"factory_id":2,"temperature":29.3,"humidity":34.07},
{"factory_id":0,"temperature":30.08,"humidity":98.0},
{"factory_id":0,"temperature":17.65,"humidity":76.01},
{"factory_id":2,"temperature":25.67,"humidity":43.54},
{"factory_id":1,"temperature":5.42,"humidity":40.46},
{"factory_id":1,"temperature":41.53,"humidity":19.82},
{"factory_id":2,"temperature":-1.25,"humidity":43.08},
{"factory_id":2,"temperature":-7.63,"humidity":8.39},
{"factory_id":0,"temperature":4.15,"humidity":98.63},
{"factory_id":1,"temperature":36.44,"humidity":45.84},
{"factory_id":0,"temperature":3.68,"humidity":17.85},
{"factory_id":1,"temperature":-3.46,"humidity":78.65},
{"factory_id":1,"temperature":38.7,"humidity":36.6},
{"factory_id":1,"temperature":-19.58,"humidity":45.43},
{"factory_id":1,"temperature":3.37,"humidity":85.59},
{"factory_id":2,"temperature":33.27,"humidity":99.94},
{"factory_id":2,"temperature":-9.01,"humidity":8.91},
{"factory_id":1,"temperature":41.54,"humidity":33.35},
{"factory_id":2,"temperature":-16.52,"humidity":58.59},
{"factory_id":1,"temperature":31.28,"humidity":46.65},
{"factory_id":2,"temperature":10.0,"humidity":52.87},
{"factory_id":2,"temperature":2.76,"humidity":82.79},
{"factory_id":0,"temperature":17.54,"humidity":10.29},
{"factory_id":0,"temperature":13.3,"humidity":87.11},
{"factory_id":0,"temperature":6.3,"humidity":30.54},
{"factory_id":0,"temperature":-15.14,"humidity":42.84},
{"factory_id":1,"temperature":31.91,"humidity":27.64},
{"factory_id":0,"temperature":-15.86,"humidity":68.62},
{"factory_id":2,"temperature":25.65,"humidity":24.43},
{"factory_id":1,"temperature":41.65,"humidity":42.39},
{"factory_id":0,"temperature":27.6,"humidity":33.66},
{"factory_id":1,"temperature":32.65,"humidity":65.02},
{"factory_id":2,"temperature":-3.16,"humidity":98.88},
{"factory_id":2,"temperature":8.33,"humidity":97.69},
{"factory_id":1,"temperature":-11.79,"humidity":72.2},
{"factory_id":1,"temperature":7.47,"humidity":59.03},
{"factory_id":2,"temperature":5.64,"humidity":77.58},
{"factory_id":1,"temperature":16.55,"humidity":77.31},
{"factory_id":0,"temperature":-8.27,"humidity":2.33},
{"factory_id":1,"temperature":32.19,"humidity":68.29},
{"factory_id":2,"temperature":30.56,"humidity":97.3},
{"factory_id":0,"temperature":46.21,"humidity":34.15},
{"factory_id":0,"temperature":11.29,"humidity":16.03},
{"factory_id":0,"temperature":11.02,"humidity":85.63},
{"factory_id":2,"temperature":35.0,"humidity":25.19},
{"factory_id":0,"temperature":-13.52,"humidity":21.56},
{"factory_id":2,"temperature":28.7,"humidity":58.06},
{"factory_id":1,"temperature":13.46,"humidity":80.07},
{"factory_id":2,"temperature":4.68,"humidity":13.56},
{"factory_id":2,"temperature":5.43,"humidity":31.74},
{"factory_id":1,"temperature":39.64,"humidity":58.84},
{"factory_id":0,"temperature":-4.41,"humidity":2.01},
{"factory_id":0,"temperature":36.37,"humidity":74.83},
{"factory_id":1,"temperature":-16.16,"humidity":48.87},
{"factory_id":0,"temperature":-18.76,"humidity":56.05},
{"factory_id":0,"temperature":22.16,"humidity":62.38},
{"factory_id":1,"temperature":-3.19,"humidity":81.09},
{"factory_id":1,"temperature":40.8,"humidity":23.01},
{"factory_id":0,"temperature":44.45,"humidity":90.68},
{"factory_id":2,"temperature":24.29,"humidity":46.29},
{"factory_id":2,"temperature":-3.35,"humidity":74.61},
{"factory_id":2,"temperature":44.59,"humidity":48.59},
{"factory_id":1,"temperature":39.61,"humidity":49.75},
{"factory_id":0,"temperature":38.19,"humidity":58.73},
{"factory_id":1,"temperature":42.2,"humidity":48.84},
{"factory_id":0,"temperature":14.65,"humidity":8.18},
{"factory_id":2,"temperature":47.11,"humidity":88.43},
{"factory_id":2,"temperature":33.17,"humidity":3.0},
{"factory_id":1,"temperature":27.06,"humidity":58.32},
{"factory_id":2,"temperature":31.55,"humidity":33.16},
{"factory_id":1,"temperature":-12.05,"humidity":6.42},
{"factory_id":2,"temperature":3.62,"humidity":80.8},
{"factory_id":1,"temperature":14.33,"humidity":96.53},
{"factory_id":0,"temperature":-7.47,"humidity":25.16},
{"factory_id":2,"temperature":6.05,"humidity":56.86},
{"factory_id":0,"temperature":19.42,"humidity":79.04},
{"factory_id":0,"temperature":32.16,"humidity":41.05},
{"factory_id":0,"temperature":22.47,"humidity":91.53},
{"factory_id":1,"temperature":-6.45,"humidity":19.69},
{"factory_id":1,"temperature":13.32,"humidity":1.5},
{"factory_id":1,"temperature":1.99,"humidity":16.33},
{"factory_id":1,"temperature":-9.43,"humidity":50.14},
{"factory_id":1,"temperature":-4.9,"humidity":34.73},
{"factory_id":2,"temperature":-13.72,"humidity":43.97},
{"factory_id":2,"temperature":43.08,"humidity":84.63},
{"factory_id":2,"temperature":0.96,"humidity":45.77},
{"factory_id":1,"temperature":41.48,"humidity":78.84},
{"factory_id":0,"temperature":-17.97,"humidity":12.72},
{"factory_id":0,"temperature":42.42,"humidity":89.57},
{"factory_id":0,"temperature":45.94,"humidity":24.78},
{"factory_id":2,"temperature":14.48,"humidity":64.13},
{"factory_id":2,"temperature":13.76,"humidity":84.18},
{"factory_id":1,"temperature":30.56,"humidity":91.76},
{"factory_id":0,"temperature":24.68,"humidity":47.6},
{"factory_id":0,"temperature":-13.1,"humidity":2.57},
{"factory_id":1,"temperature":15.63,"humidity":40.8},
{"factory_id":0,"temperature":-12.62,"humidity":53.68},
{"factory_id":0,"temperature":41.75,"humidity":14.74},
{"factory_id":0,"temperature":-8.52,"humidity":52.47},
{"factory_id":1,"temperature":28.14,"humidity":61.27},
{"factory_id":1,"temperature":11.94,"humidity":47.45},
{"factory_id":1,"temperature":3.81,"humidity":41.03},
{"factory_id":0,"temperature":12.42,"humidity":20.83},
{"factory_id":1,"temperature":28.06,"humidity":37.83},
{"factory_id":0,"temperature":7.73,"humidity":34.84},
{"factory_id":1,"temperature":33.37,"humidity":73.45},
{"factory_id":2,"temperature":42.28,"humidity":35.86},
{"factory_id":1,"temperature":-2.23,"humidity":69.16},
{"factory_id":1,"temperature":-12.23,"humidity":3.55},
{"factory_id":1,"temperature":0.88,"humidity":8.92},
{"factory_id":1,"temperature":-14.31,"humidity":0.54},
{"factory_id":2,"temperature":27.61,"humidity":16.13},
{"factory_id":2,"temperature":32.02,"humidity":11.11},
{"factory_id":1,"temperature":26.8,"humidity":47.44},
{"factory_id":0,"temperature":20.78,"humidity":20.06},
{"factory_id":1,"temperature":37.63,"humidity":16.79},
{"factory_id":2,"temperature":15.63,"humidity":96.59},
{"factory_id":1,"temperature":-6.76,"humidity":46.99},
{"factory_id":1,"temperature":20.05,"humidity":29.93},
{"factory_id":0,"temperature":-8.53,"humidity":22.0},
{"factory_id":0,"temperature":15.64,"humidity":77.49},
{"factory_id":1,"temperature":49.75,"humidity":61.32},
{"factory_id":2,"temperature":-10.98,"humidity":84.83},
{"factory_id":2,"temperature":21.01,"humidity":68.07},
{"factory_id":0,"temperature":26.76,"humidity":89.86},
{"factory_id":2,"temperature":13.5,"humidity":40.9},
{"factory_id":1,"temperature":3.75,"humidity":48.11},
{"factory_id":2,"temperature":25.52,"humidity":15.63},
{"factory_id":0,"temperature":-8.72,"humidity":70.05},
{"factory_id":2,"temperature":44.41,"humidity":98.24},
{"factory_id":0,"temperature":-10.26,"humidity":80.97},
{"factory_id":2,"temperature":33.67,"humidity":12.36},
{"factory_id":0,"temperature":49.95,"humidity":62.36},
{"factory_id":0,"temperature":46.74,"humidity":14.4},
{"factory_id":0,"temperature":17.82,"humidity":1.43},
{"factory_id":0,"temperature":-11.77,"humidity":20.64},
{"factory_id":2,"temperature":8.05,"humidity":21.28},
{"factory_id":0,"temperature":-10.62,"humidity":51.28},
{"factory_id":1,"temperature":38.7,"humidity":1.85},
{"factory_id":2,"temperature":48.8,"humidity":79.38},
{"factory_id":0,"temperature":45.17,"humidity":80.71},
{"factory_id":0,"temperature":-3.76,"humidity":13.05},
{"factory_id":1,"temperature":43.46,"humidity":12.6},
{"factory_id":0,"temperature":-5.17,"humidity":47.73},
{"factory_id":0,"temperature":31.59,"humidity":51.09},
{"factory_id":2,"temperature":-3.73,"humidity":22.12},
{"factory_id":0,"temperature":29.84,"humidity":27.92},
{"factory_id":0,"temperature":22.47,"humidity":14.44},
{"factory_id":1,"temperature":-13.84,"humidity":75.16},
{"factory_id":2,"temperature":25.1,"humidity":99.74},
{"factory_id":2,"temperature":3.55,"humidity":88.06},
{"factory_id":2,"temperature":-2.19,"humidity":88.61},
{"factory_id":1,"temperature":-16.21,"humidity":51.3},
{"factory_id":1,"temperature":28.57,"humidity":99.21},
{"factory_id":1,"temperature":43.01,"humidity":72.31},
{"factory_id":0,"temperature":-16.86,"humidity":59.18},
{"factory_id":2,"temperature":-13.18,"humidity":16.68},
{"factory_id":2,"temperature":41.5,"humidity":56.55},
{"factory_id":1,"temperature":23.75,"humidity":16.85},
{"factory_id":0,"temperature":-2.51,"humidity":88.44},
{"factory_id":0,"temperature":-2.31,"humidity":99.97},
{"factory_id":2,"temperature":4.82,"humidity":16.9},
{"factory_id":0,"temperature":11.37,"humidity":70.37},
{"factory_id":0,"temperature":17.78,"humidity":16.12},
{"factory_id":2,"temperature":26.48,"humidity":41.47},
{"factory_id":2,"temperature":9.71,"humidity":5.86},
{"factory_id":0,"temperature":2.73,"humidity":44.74},
{"factory_id":2,"temperature":24.37,"humidity":23.22}]