{
  "widgetId" : null,
  "widgetType" : "table",
  "baseAppearanceConfig" : {"widgetTitle":"Water level identifier - table","backgroundColor":"#FFFFFF","textColor":"#3e3e3e"},
  "visualizationConfig" : {"forType":0.0,"selectedColumns":[{"runtimeName":"level","measure":"Water level identifier","fullDbName":"level","sourceIndex":0.0,"fieldCharacteristics":{"dimension":false,"numeric":true,"binary":false,"semanticTypes":["http://schema.org/Number"]}}],"searchValue":""},
  "dataConfig" : {"ignoreMissingValues":false,"sourceConfigs":[{"measureName":"Water level identifier","queryConfig":{"selectedFilters":[],"limit":100.0,"page":1.0,"aggregationTimeUnit":"d","aggregationValue":1.0,"fields":[{"runtimeName":"level","selected":true,"numeric":true,"aggregations":["MEAN"]}],"groupBy":[]},"queryType":"raw","sourceType":"pipeline","measure":{"@class":"org.apache.streampipes.model.datalake.DataLakeMeasure","eventSchema":{"eventProperties":[{"@class":"org.apache.streampipes.model.schema.EventPropertyPrimitive","description":"Denotes the current water level in the container","domainProperties":["http://schema.org/Number"],"elementId":"sp:eventproperty:ttpfLr","index":2.0,"label":"Water Level","propertyScope":"MEASUREMENT_PROPERTY","required":false,"runtimeName":"level","runtimeType":"http://www.w3.org/2001/XMLSchema#float"}]},"measureName":"Water level identifier","pipelineId":"451ac45c20cc4eb9ba70f3e31979313e","pipelineIsRunning":true,"pipelineName":"Water level trend analysis"}}]},
  "pipelineId" : null,
  "measureName" : null,
  "_id" : "9994eaee1e2e426fadf3c5c25c06a1db",
  "_rev" : null
}