{
  "sepas" : [ {
    "@class" : "org.apache.streampipes.model.graph.DataProcessorInvocation",
    "elementId" : "sp:dataprocessorinvocation:LhPQbl:KlFCt",
    "dom" : "jsplumb_25_Q0LR",
    "connectedTo" : [ "jsplumb_21_2dTe" ],
    "name" : "Field Renamer",
    "description" : "Replaces the runtime name of an event property with a custom defined name.",
    "iconUrl" : null,
    "appId" : "org.apache.streampipes.processors.transformation.jvm.fieldrename",
    "includesAssets" : true,
    "includesLocales" : false,
    "includedAssets" : [ "documentation.md" ],
    "includedLocales" : [ ],
    "internallyManaged" : false,
    "inputStreams" : [ {
      "@class" : "org.apache.streampipes.model.SpDataStream",
      "elementId" : "urn:streampipes.apache.org:eventstream:DMGpbG",
      "dom" : null,
      "connectedTo" : null,
      "name" : null,
      "description" : null,
      "iconUrl" : null,
      "appId" : null,
      "includesAssets" : false,
      "includesLocales" : false,
      "includedAssets" : [ ],
      "includedLocales" : [ ],
      "internallyManaged" : false,
      "eventGrounding" : {
        "transportProtocols" : [ {
          "@class" : "org.apache.streampipes.model.grounding.KafkaTransportProtocol",
          "elementId" : "sp:transportprotocol:KzIgam",
          "brokerHostname" : "kafka",
          "topicDefinition" : {
            "@class" : "org.apache.streampipes.model.grounding.SimpleTopicDefinition",
            "actualTopicName" : "org.apache.streampipes.connect.fb8d0ffa-20cc-4730-86f3-7d0b4bd9e283"
          },
          "zookeeperHost" : null,
          "zookeeperPort" : 0,
          "kafkaPort" : 9092,
          "lingerMs" : null,
          "messageMaxBytes" : null,
          "maxRequestSize" : null,
          "acks" : null,
          "batchSize" : null,
          "offset" : null,
          "groupId" : "Factoryenvironmentmonitor691d23a4c6b42ce0bdccdbd966528801"
        } ],
        "transportFormats" : [ {
          "rdfType" : [ "http://sepa.event-processing.org/sepa#json" ]
        } ]
      },
      "eventSchema" : {
        "eventProperties" : [ {
          "@class" : "org.apache.streampipes.model.schema.EventPropertyPrimitive",
          "elementId" : "sp:eventproperty:SDaEso",
          "label" : null,
          "description" : "",
          "runtimeName" : "factory_id",
          "required" : false,
          "domainProperties" : [ ],
          "propertyScope" : "MEASUREMENT_PROPERTY",
          "index" : 0,
          "runtimeId" : null,
          "runtimeType" : "http://www.w3.org/2001/XMLSchema#float",
          "measurementUnit" : null,
          "valueSpecification" : null
        }, {
          "@class" : "org.apache.streampipes.model.schema.EventPropertyPrimitive",
          "elementId" : "sp:eventproperty:mhBqKP",
          "label" : null,
          "description" : "",
          "runtimeName" : "humidity",
          "required" : false,
          "domainProperties" : [ ],
          "propertyScope" : "MEASUREMENT_PROPERTY",
          "index" : 2,
          "runtimeId" : null,
          "runtimeType" : "http://www.w3.org/2001/XMLSchema#float",
          "measurementUnit" : null,
          "valueSpecification" : null
        }, {
          "@class" : "org.apache.streampipes.model.schema.EventPropertyPrimitive",
          "elementId" : "sp:eventproperty:KaTnnS",
          "label" : null,
          "description" : "",
          "runtimeName" : "temperature",
          "required" : false,
          "domainProperties" : [ ],
          "propertyScope" : "MEASUREMENT_PROPERTY",
          "index" : 1,
          "runtimeId" : null,
          "runtimeType" : "http://www.w3.org/2001/XMLSchema#float",
          "measurementUnit" : null,
          "valueSpecification" : null
        }, {
          "@class" : "org.apache.streampipes.model.schema.EventPropertyPrimitive",
          "elementId" : "http://eventProperty.de/timestamp/1b494734-1b88-d42c-8cf9-00f5446eefca",
          "label" : "Timestamp",
          "description" : "The current timestamp value",
          "runtimeName" : "timestamp",
          "required" : false,
          "domainProperties" : [ "http://schema.org/DateTime" ],
          "propertyScope" : "HEADER_PROPERTY",
          "index" : 0,
          "runtimeId" : null,
          "runtimeType" : "http://www.w3.org/2001/XMLSchema#long",
          "measurementUnit" : null,
          "valueSpecification" : null
        } ]
      },
      "category" : null,
      "index" : 0,
      "correspondingAdapterId" : null,
      "uri" : "urn:streampipes.apache.org:eventstream:DMGpbG",
      "_rev" : null
    } ],
    "staticProperties" : [ {
      "@class" : "org.apache.streampipes.model.staticproperty.MappingPropertyUnary",
      "valueRequired" : false,
      "staticPropertyType" : "MappingPropertyUnary",
      "index" : 0,
      "label" : "Field",
      "description" : "The field to rename",
      "internalName" : "convert-property",
      "predefined" : false,
      "requirementSelector" : "r0::convert-property",
      "mapsFromOptions" : [ "s0::factory_id", "s0::humidity", "s0::temperature", "s0::timestamp" ],
      "propertyScope" : "NONE",
      "selectedProperty" : "s0::temperature"
    }, {
      "@class" : "org.apache.streampipes.model.staticproperty.FreeTextStaticProperty",
      "valueRequired" : false,
      "staticPropertyType" : "FreeTextStaticProperty",
      "index" : 1,
      "label" : "The new field name",
      "description" : "The new field name",
      "internalName" : "field-name",
      "predefined" : false,
      "value" : "factory_temperature",
      "requiredDatatype" : null,
      "requiredDomainProperty" : "http://www.w3.org/2001/XMLSchema#string",
      "mapsTo" : null,
      "multiLine" : false,
      "htmlAllowed" : false,
      "htmlFontFormat" : false,
      "placeholdersSupported" : false,
      "valueSpecification" : null
    } ],
    "belongsTo" : "sp:org.apache.streampipes.processors.transformation.jvm.fieldrename",
    "statusInfoSettings" : null,
    "supportedGrounding" : {
      "transportProtocols" : [ {
        "@class" : "org.apache.streampipes.model.grounding.MqttTransportProtocol",
        "elementId" : "sp:transportprotocol:NIeNTn",
        "brokerHostname" : null,
        "topicDefinition" : null,
        "port" : 0
      }, {
        "@class" : "org.apache.streampipes.model.grounding.NatsTransportProtocol",
        "elementId" : "sp:transportprotocol:mdVBwL",
        "brokerHostname" : null,
        "topicDefinition" : null,
        "port" : 0
      }, {
        "@class" : "org.apache.streampipes.model.grounding.JmsTransportProtocol",
        "elementId" : "sp:transportprotocol:LEKTul",
        "brokerHostname" : null,
        "topicDefinition" : null,
        "port" : 0
      }, {
        "@class" : "org.apache.streampipes.model.grounding.PulsarTransportProtocol",
        "elementId" : "sp:transportprotocol:BrLbHA",
        "brokerHostname" : "pulsar://localhost:6650",
        "topicDefinition" : null
      }, {
        "@class" : "org.apache.streampipes.model.grounding.KafkaTransportProtocol",
        "elementId" : "sp:transportprotocol:dpFkmT",
        "brokerHostname" : null,
        "topicDefinition" : null,
        "zookeeperHost" : null,
        "zookeeperPort" : 0,
        "kafkaPort" : 0,
        "lingerMs" : null,
        "messageMaxBytes" : null,
        "maxRequestSize" : null,
        "acks" : null,
        "batchSize" : null,
        "offset" : null,
        "groupId" : null
      } ],
      "transportFormats" : [ {
        "rdfType" : [ "http://sepa.event-processing.org/sepa#json" ]
      }, {
        "rdfType" : [ "http://sepa.event-processing.org/sepa#smile" ]
      }, {
        "rdfType" : [ "http://sepa.event-processing.org/sepa#fst" ]
      }, {
        "rdfType" : [ "http://sepa.event-processing.org/sepa#cbor" ]
      } ]
    },
    "correspondingPipeline" : "a08fbd230bea4c8baeb73a83d7fab944",
    "correspondingUser" : "7414d58ec42444bda9059792163c902f",
    "streamRequirements" : [ {
      "@class" : "org.apache.streampipes.model.SpDataStream",
      "elementId" : "urn:streampipes.apache.org:eventstream:DMGpbG",
      "dom" : null,
      "connectedTo" : null,
      "name" : null,
      "description" : null,
      "iconUrl" : null,
      "appId" : null,
      "includesAssets" : false,
      "includesLocales" : false,
      "includedAssets" : [ ],
      "includedLocales" : [ ],
      "internallyManaged" : false,
      "eventGrounding" : null,
      "eventSchema" : {
        "eventProperties" : [ {
          "@class" : "org.apache.streampipes.model.schema.EventPropertyPrimitive",
          "elementId" : "sp:eventproperty:NkRrfa",
          "label" : null,
          "description" : null,
          "runtimeName" : "convert-property",
          "required" : false,
          "domainProperties" : [ ],
          "propertyScope" : null,
          "index" : 0,
          "runtimeId" : null,
          "runtimeType" : null,
          "measurementUnit" : null,
          "valueSpecification" : null
        } ]
      },
      "category" : null,
      "index" : 0,
      "correspondingAdapterId" : null,
      "uri" : "urn:streampipes.apache.org:eventstream:DMGpbG",
      "_rev" : null
    } ],
    "configured" : true,
    "uncompleted" : false,
    "selectedEndpointUrl" : null,
    "outputStream" : {
      "@class" : "org.apache.streampipes.model.SpDataStream",
      "elementId" : "urn:streampipes.apache.org:eventstream:llhfau",
      "dom" : null,
      "connectedTo" : null,
      "name" : null,
      "description" : null,
      "iconUrl" : null,
      "appId" : null,
      "includesAssets" : false,
      "includesLocales" : false,
      "includedAssets" : [ ],
      "includedLocales" : [ ],
      "internallyManaged" : false,
      "eventGrounding" : {
        "transportProtocols" : [ {
          "@class" : "org.apache.streampipes.model.grounding.KafkaTransportProtocol",
          "elementId" : "sp:transportprotocol:xkIkzn",
          "brokerHostname" : "kafka",
          "topicDefinition" : {
            "@class" : "org.apache.streampipes.model.grounding.SimpleTopicDefinition",
            "actualTopicName" : "org-apache-streampipes-internal-jCThnZbhPvFVhfW"
          },
          "zookeeperHost" : "zookeeper",
          "zookeeperPort" : 2181,
          "kafkaPort" : 9092,
          "lingerMs" : null,
          "messageMaxBytes" : null,
          "maxRequestSize" : null,
          "acks" : null,
          "batchSize" : null,
          "offset" : null,
          "groupId" : null
        } ],
        "transportFormats" : [ {
          "rdfType" : [ "http://sepa.event-processing.org/sepa#json" ]
        } ]
      },
      "eventSchema" : {
        "eventProperties" : [ {
          "@class" : "org.apache.streampipes.model.schema.EventPropertyPrimitive",
          "elementId" : "sp:eventproperty:SDaEso",
          "label" : null,
          "description" : "",
          "runtimeName" : "factory_id",
          "required" : false,
          "domainProperties" : [ ],
          "propertyScope" : "MEASUREMENT_PROPERTY",
          "index" : 0,
          "runtimeId" : null,
          "runtimeType" : "http://www.w3.org/2001/XMLSchema#float",
          "measurementUnit" : null,
          "valueSpecification" : null
        }, {
          "@class" : "org.apache.streampipes.model.schema.EventPropertyPrimitive",
          "elementId" : "sp:eventproperty:mhBqKP",
          "label" : null,
          "description" : "",
          "runtimeName" : "humidity",
          "required" : false,
          "domainProperties" : [ ],
          "propertyScope" : "MEASUREMENT_PROPERTY",
          "index" : 2,
          "runtimeId" : null,
          "runtimeType" : "http://www.w3.org/2001/XMLSchema#float",
          "measurementUnit" : null,
          "valueSpecification" : null
        }, {
          "@class" : "org.apache.streampipes.model.schema.EventPropertyPrimitive",
          "elementId" : "sp:eventproperty:KaTnnS",
          "label" : null,
          "description" : "",
          "runtimeName" : "factory_temperature",
          "required" : false,
          "domainProperties" : [ ],
          "propertyScope" : "MEASUREMENT_PROPERTY",
          "index" : 1,
          "runtimeId" : null,
          "runtimeType" : "http://www.w3.org/2001/XMLSchema#float",
          "measurementUnit" : null,
          "valueSpecification" : null
        }, {
          "@class" : "org.apache.streampipes.model.schema.EventPropertyPrimitive",
          "elementId" : "http://eventProperty.de/timestamp/1b494734-1b88-d42c-8cf9-00f5446eefca",
          "label" : "Timestamp",
          "description" : "The current timestamp value",
          "runtimeName" : "timestamp",
          "required" : false,
          "domainProperties" : [ "http://schema.org/DateTime" ],
          "propertyScope" : "HEADER_PROPERTY",
          "index" : 0,
          "runtimeId" : null,
          "runtimeType" : "http://www.w3.org/2001/XMLSchema#long",
          "measurementUnit" : null,
          "valueSpecification" : null
        } ]
      },
      "category" : null,
      "index" : 0,
      "correspondingAdapterId" : null,
      "uri" : "urn:streampipes.apache.org:eventstream:llhfau",
      "_rev" : null
    },
    "outputStrategies" : [ {
      "@class" : "org.apache.streampipes.model.output.TransformOutputStrategy",
      "name" : null,
      "renameRules" : [ ],
      "transformOperations" : [ {
        "mappingPropertyInternalName" : "convert-property",
        "sourceStaticProperty" : "field-name",
        "transformationScope" : "RUNTIME_NAME_TRANSFORMATION",
        "targetValue" : null
      } ]
    } ],
    "pathName" : null,
    "category" : [ "TRANSFORM" ],
    "uri" : "sp:dataprocessorinvocation:LhPQbl:KlFCt",
    "_rev" : null
  }, {
    "@class" : "org.apache.streampipes.model.graph.DataProcessorInvocation",
    "elementId" : "sp:dataprocessorinvocation:qSlqyQ:tSoDt",
    "dom" : "jsplumb_53_NmIL",
    "connectedTo" : [ "jsplumb_25_Q0LR" ],
    "name" : "Numerical Filter",
    "description" : "Numerical Filter Description",
    "iconUrl" : null,
    "appId" : "org.apache.streampipes.processors.filters.jvm.numericalfilter",
    "includesAssets" : true,
    "includesLocales" : false,
    "includedAssets" : [ "documentation.md", "icon.png" ],
    "includedLocales" : [ ],
    "internallyManaged" : false,
    "inputStreams" : [ {
      "@class" : "org.apache.streampipes.model.SpDataStream",
      "elementId" : "urn:streampipes.apache.org:eventstream:QKJhKS",
      "dom" : null,
      "connectedTo" : null,
      "name" : null,
      "description" : null,
      "iconUrl" : null,
      "appId" : null,
      "includesAssets" : false,
      "includesLocales" : false,
      "includedAssets" : [ ],
      "includedLocales" : [ ],
      "internallyManaged" : false,
      "eventGrounding" : {
        "transportProtocols" : [ {
          "@class" : "org.apache.streampipes.model.grounding.KafkaTransportProtocol",
          "elementId" : "sp:transportprotocol:RLLoUT",
          "brokerHostname" : "kafka",
          "topicDefinition" : {
            "@class" : "org.apache.streampipes.model.grounding.SimpleTopicDefinition",
            "actualTopicName" : "org-apache-streampipes-internal-jCThnZbhPvFVhfW"
          },
          "zookeeperHost" : "zookeeper",
          "zookeeperPort" : 2181,
          "kafkaPort" : 9092,
          "lingerMs" : null,
          "messageMaxBytes" : null,
          "maxRequestSize" : null,
          "acks" : null,
          "batchSize" : null,
          "offset" : null,
          "groupId" : "Factoryenvironmentmonitorf42c174d62fc0d885d10178846c6c27c"
        } ],
        "transportFormats" : [ {
          "rdfType" : [ "http://sepa.event-processing.org/sepa#json" ]
        } ]
      },
      "eventSchema" : {
        "eventProperties" : [ {
          "@class" : "org.apache.streampipes.model.schema.EventPropertyPrimitive",
          "elementId" : "sp:eventproperty:SDaEso",
          "label" : null,
          "description" : "",
          "runtimeName" : "factory_id",
          "required" : false,
          "domainProperties" : [ ],
          "propertyScope" : "MEASUREMENT_PROPERTY",
          "index" : 0,
          "runtimeId" : null,
          "runtimeType" : "http://www.w3.org/2001/XMLSchema#float",
          "measurementUnit" : null,
          "valueSpecification" : null
        }, {
          "@class" : "org.apache.streampipes.model.schema.EventPropertyPrimitive",
          "elementId" : "sp:eventproperty:mhBqKP",
          "label" : null,
          "description" : "",
          "runtimeName" : "humidity",
          "required" : false,
          "domainProperties" : [ ],
          "propertyScope" : "MEASUREMENT_PROPERTY",
          "index" : 2,
          "runtimeId" : null,
          "runtimeType" : "http://www.w3.org/2001/XMLSchema#float",
          "measurementUnit" : null,
          "valueSpecification" : null
        }, {
          "@class" : "org.apache.streampipes.model.schema.EventPropertyPrimitive",
          "elementId" : "sp:eventproperty:KaTnnS",
          "label" : null,
          "description" : "",
          "runtimeName" : "factory_temperature",
          "required" : false,
          "domainProperties" : [ ],
          "propertyScope" : "MEASUREMENT_PROPERTY",
          "index" : 1,
          "runtimeId" : null,
          "runtimeType" : "http://www.w3.org/2001/XMLSchema#float",
          "measurementUnit" : null,
          "valueSpecification" : null
        }, {
          "@class" : "org.apache.streampipes.model.schema.EventPropertyPrimitive",
          "elementId" : "http://eventProperty.de/timestamp/1b494734-1b88-d42c-8cf9-00f5446eefca",
          "label" : "Timestamp",
          "description" : "The current timestamp value",
          "runtimeName" : "timestamp",
          "required" : false,
          "domainProperties" : [ "http://schema.org/DateTime" ],
          "propertyScope" : "HEADER_PROPERTY",
          "index" : 0,
          "runtimeId" : null,
          "runtimeType" : "http://www.w3.org/2001/XMLSchema#long",
          "measurementUnit" : null,
          "valueSpecification" : null
        } ]
      },
      "category" : null,
      "index" : 0,
      "correspondingAdapterId" : null,
      "uri" : "urn:streampipes.apache.org:eventstream:QKJhKS",
      "_rev" : null
    } ],
    "staticProperties" : [ {
      "@class" : "org.apache.streampipes.model.staticproperty.MappingPropertyUnary",
      "valueRequired" : false,
      "staticPropertyType" : "MappingPropertyUnary",
      "index" : 0,
      "label" : "Field",
      "description" : "Specifies the field name where the filter operation should be applied on.",
      "internalName" : "number-mapping",
      "predefined" : false,
      "requirementSelector" : "r0::number-mapping",
      "mapsFromOptions" : [ "s0::factory_id", "s0::humidity", "s0::factory_temperature", "s0::timestamp" ],
      "propertyScope" : "NONE",
      "selectedProperty" : "s0::factory_id"
    }, {
      "@class" : "org.apache.streampipes.model.staticproperty.OneOfStaticProperty",
      "valueRequired" : false,
      "staticPropertyType" : "OneOfStaticProperty",
      "index" : 1,
      "label" : "Filter Operation",
      "description" : "Specifies the filter operation that should be applied on the field",
      "internalName" : "operation",
      "predefined" : false,
      "options" : [ {
        "elementId" : "sp:option:sKuHtS",
        "name" : "<",
        "selected" : false,
        "internalName" : null
      }, {
        "elementId" : "sp:option:bQoPqf",
        "name" : "<=",
        "selected" : false,
        "internalName" : null
      }, {
        "elementId" : "sp:option:dNVoks",
        "name" : ">",
        "selected" : false,
        "internalName" : null
      }, {
        "elementId" : "sp:option:vRwefO",
        "name" : ">=",
        "selected" : false,
        "internalName" : null
      }, {
        "elementId" : "sp:option:CpkbCs",
        "name" : "==",
        "selected" : true,
        "internalName" : null
      }, {
        "elementId" : "sp:option:CAHGqW",
        "name" : "!=",
        "selected" : false,
        "internalName" : null
      } ],
      "horizontalRendering" : false
    }, {
      "@class" : "org.apache.streampipes.model.staticproperty.FreeTextStaticProperty",
      "valueRequired" : false,
      "staticPropertyType" : "FreeTextStaticProperty",
      "index" : 2,
      "label" : "Threshold value",
      "description" : "Specifies a threshold value",
      "internalName" : "value",
      "predefined" : false,
      "value" : "1",
      "requiredDatatype" : null,
      "requiredDomainProperty" : "http://www.w3.org/2001/XMLSchema#double",
      "mapsTo" : null,
      "multiLine" : false,
      "htmlAllowed" : false,
      "htmlFontFormat" : false,
      "placeholdersSupported" : false,
      "valueSpecification" : null
    } ],
    "belongsTo" : "sp:org.apache.streampipes.processors.filters.jvm.numericalfilter",
    "statusInfoSettings" : null,
    "supportedGrounding" : {
      "transportProtocols" : [ {
        "@class" : "org.apache.streampipes.model.grounding.MqttTransportProtocol",
        "elementId" : "sp:transportprotocol:sTugWJ",
        "brokerHostname" : null,
        "topicDefinition" : null,
        "port" : 0
      }, {
        "@class" : "org.apache.streampipes.model.grounding.NatsTransportProtocol",
        "elementId" : "sp:transportprotocol:yCxZjC",
        "brokerHostname" : null,
        "topicDefinition" : null,
        "port" : 0
      }, {
        "@class" : "org.apache.streampipes.model.grounding.JmsTransportProtocol",
        "elementId" : "sp:transportprotocol:apgSHd",
        "brokerHostname" : null,
        "topicDefinition" : null,
        "port" : 0
      }, {
        "@class" : "org.apache.streampipes.model.grounding.PulsarTransportProtocol",
        "elementId" : "sp:transportprotocol:RKVlBy",
        "brokerHostname" : "pulsar://localhost:6650",
        "topicDefinition" : null
      }, {
        "@class" : "org.apache.streampipes.model.grounding.KafkaTransportProtocol",
        "elementId" : "sp:transportprotocol:zcdTKW",
        "brokerHostname" : null,
        "topicDefinition" : null,
        "zookeeperHost" : null,
        "zookeeperPort" : 0,
        "kafkaPort" : 0,
        "lingerMs" : null,
        "messageMaxBytes" : null,
        "maxRequestSize" : null,
        "acks" : null,
        "batchSize" : null,
        "offset" : null,
        "groupId" : null
      } ],
      "transportFormats" : [ {
        "rdfType" : [ "http://sepa.event-processing.org/sepa#json" ]
      }, {
        "rdfType" : [ "http://sepa.event-processing.org/sepa#smile" ]
      }, {
        "rdfType" : [ "http://sepa.event-processing.org/sepa#fst" ]
      }, {
        "rdfType" : [ "http://sepa.event-processing.org/sepa#cbor" ]
      } ]
    },
    "correspondingPipeline" : "a08fbd230bea4c8baeb73a83d7fab944",
    "correspondingUser" : null,
    "streamRequirements" : [ {
      "@class" : "org.apache.streampipes.model.SpDataStream",
      "elementId" : "urn:streampipes.apache.org:eventstream:QKJhKS",
      "dom" : null,
      "connectedTo" : null,
      "name" : null,
      "description" : null,
      "iconUrl" : null,
      "appId" : null,
      "includesAssets" : false,
      "includesLocales" : false,
      "includedAssets" : [ ],
      "includedLocales" : [ ],
      "internallyManaged" : false,
      "eventGrounding" : null,
      "eventSchema" : {
        "eventProperties" : [ {
          "@class" : "org.apache.streampipes.model.schema.EventPropertyPrimitive",
          "elementId" : "sp:eventproperty:eNoZHN",
          "label" : null,
          "description" : null,
          "runtimeName" : "number-mapping",
          "required" : false,
          "domainProperties" : [ ],
          "propertyScope" : null,
          "index" : 0,
          "runtimeId" : null,
          "runtimeType" : "http://schema.org/Number",
          "measurementUnit" : null,
          "valueSpecification" : null
        } ]
      },
      "category" : null,
      "index" : 0,
      "correspondingAdapterId" : null,
      "uri" : "urn:streampipes.apache.org:eventstream:QKJhKS",
      "_rev" : null
    } ],
    "configured" : true,
    "uncompleted" : false,
    "selectedEndpointUrl" : null,
    "outputStream" : {
      "@class" : "org.apache.streampipes.model.SpDataStream",
      "elementId" : "urn:streampipes.apache.org:eventstream:EQwUJK",
      "dom" : null,
      "connectedTo" : null,
      "name" : null,
      "description" : null,
      "iconUrl" : null,
      "appId" : null,
      "includesAssets" : false,
      "includesLocales" : false,
      "includedAssets" : [ ],
      "includedLocales" : [ ],
      "internallyManaged" : false,
      "eventGrounding" : {
        "transportProtocols" : [ {
          "@class" : "org.apache.streampipes.model.grounding.KafkaTransportProtocol",
          "elementId" : "sp:transportprotocol:YIkePw",
          "brokerHostname" : "kafka",
          "topicDefinition" : {
            "@class" : "org.apache.streampipes.model.grounding.SimpleTopicDefinition",
            "actualTopicName" : "org-apache-streampipes-internal-UdfFMkRNZbzkqcv"
          },
          "zookeeperHost" : "zookeeper",
          "zookeeperPort" : 2181,
          "kafkaPort" : 9092,
          "lingerMs" : null,
          "messageMaxBytes" : null,
          "maxRequestSize" : null,
          "acks" : null,
          "batchSize" : null,
          "offset" : null,
          "groupId" : null
        } ],
        "transportFormats" : [ {
          "rdfType" : [ "http://sepa.event-processing.org/sepa#json" ]
        } ]
      },
      "eventSchema" : {
        "eventProperties" : [ {
          "@class" : "org.apache.streampipes.model.schema.EventPropertyPrimitive",
          "elementId" : "sp:eventproperty:SDaEso",
          "label" : null,
          "description" : "",
          "runtimeName" : "factory_id",
          "required" : false,
          "domainProperties" : [ ],
          "propertyScope" : "MEASUREMENT_PROPERTY",
          "index" : 0,
          "runtimeId" : null,
          "runtimeType" : "http://www.w3.org/2001/XMLSchema#float",
          "measurementUnit" : null,
          "valueSpecification" : null
        }, {
          "@class" : "org.apache.streampipes.model.schema.EventPropertyPrimitive",
          "elementId" : "sp:eventproperty:mhBqKP",
          "label" : null,
          "description" : "",
          "runtimeName" : "humidity",
          "required" : false,
          "domainProperties" : [ ],
          "propertyScope" : "MEASUREMENT_PROPERTY",
          "index" : 2,
          "runtimeId" : null,
          "runtimeType" : "http://www.w3.org/2001/XMLSchema#float",
          "measurementUnit" : null,
          "valueSpecification" : null
        }, {
          "@class" : "org.apache.streampipes.model.schema.EventPropertyPrimitive",
          "elementId" : "sp:eventproperty:KaTnnS",
          "label" : null,
          "description" : "",
          "runtimeName" : "factory_temperature",
          "required" : false,
          "domainProperties" : [ ],
          "propertyScope" : "MEASUREMENT_PROPERTY",
          "index" : 1,
          "runtimeId" : null,
          "runtimeType" : "http://www.w3.org/2001/XMLSchema#float",
          "measurementUnit" : null,
          "valueSpecification" : null
        }, {
          "@class" : "org.apache.streampipes.model.schema.EventPropertyPrimitive",
          "elementId" : "http://eventProperty.de/timestamp/1b494734-1b88-d42c-8cf9-00f5446eefca",
          "label" : "Timestamp",
          "description" : "The current timestamp value",
          "runtimeName" : "timestamp",
          "required" : false,
          "domainProperties" : [ "http://schema.org/DateTime" ],
          "propertyScope" : "HEADER_PROPERTY",
          "index" : 0,
          "runtimeId" : null,
          "runtimeType" : "http://www.w3.org/2001/XMLSchema#long",
          "measurementUnit" : null,
          "valueSpecification" : null
        } ]
      },
      "category" : null,
      "index" : 0,
      "correspondingAdapterId" : null,
      "uri" : "urn:streampipes.apache.org:eventstream:EQwUJK",
      "_rev" : null
    },
    "outputStrategies" : [ {
      "@class" : "org.apache.streampipes.model.output.KeepOutputStrategy",
      "name" : null,
      "renameRules" : [ ],
      "eventName" : null,
      "keepBoth" : false
    } ],
    "pathName" : null,
    "category" : [ "FILTER" ],
    "uri" : "sp:dataprocessorinvocation:qSlqyQ:tSoDt",
    "_rev" : null
  }, {
    "@class" : "org.apache.streampipes.model.graph.DataProcessorInvocation",
    "elementId" : "sp:dataprocessorinvocation:AYxmKF:CZeFN",
    "dom" : "jsplumb_54_3z32",
    "connectedTo" : [ "jsplumb_53_NmIL" ],
    "name" : "Threshold Detector",
    "description" : "When threshold rule is fulfilled true is appended",
    "iconUrl" : null,
    "appId" : "org.apache.streampipes.processors.filters.jvm.threshold",
    "includesAssets" : true,
    "includesLocales" : false,
    "includedAssets" : [ "documentation.md", "icon.png" ],
    "includedLocales" : [ ],
    "internallyManaged" : false,
    "inputStreams" : [ {
      "@class" : "org.apache.streampipes.model.SpDataStream",
      "elementId" : "urn:streampipes.apache.org:eventstream:ccDfKo",
      "dom" : null,
      "connectedTo" : null,
      "name" : null,
      "description" : null,
      "iconUrl" : null,
      "appId" : null,
      "includesAssets" : false,
      "includesLocales" : false,
      "includedAssets" : [ ],
      "includedLocales" : [ ],
      "internallyManaged" : false,
      "eventGrounding" : {
        "transportProtocols" : [ {
          "@class" : "org.apache.streampipes.model.grounding.KafkaTransportProtocol",
          "elementId" : "sp:transportprotocol:qYoGNX",
          "brokerHostname" : "kafka",
          "topicDefinition" : {
            "@class" : "org.apache.streampipes.model.grounding.SimpleTopicDefinition",
            "actualTopicName" : "org-apache-streampipes-internal-UdfFMkRNZbzkqcv"
          },
          "zookeeperHost" : "zookeeper",
          "zookeeperPort" : 2181,
          "kafkaPort" : 9092,
          "lingerMs" : null,
          "messageMaxBytes" : null,
          "maxRequestSize" : null,
          "acks" : null,
          "batchSize" : null,
          "offset" : null,
          "groupId" : "Factoryenvironmentmonitorb48c738554bd615e03c4b5f69dbe90c8"
        } ],
        "transportFormats" : [ {
          "rdfType" : [ "http://sepa.event-processing.org/sepa#json" ]
        } ]
      },
      "eventSchema" : {
        "eventProperties" : [ {
          "@class" : "org.apache.streampipes.model.schema.EventPropertyPrimitive",
          "elementId" : "sp:eventproperty:SDaEso",
          "label" : null,
          "description" : "",
          "runtimeName" : "factory_id",
          "required" : false,
          "domainProperties" : [ ],
          "propertyScope" : "MEASUREMENT_PROPERTY",
          "index" : 0,
          "runtimeId" : null,
          "runtimeType" : "http://www.w3.org/2001/XMLSchema#float",
          "measurementUnit" : null,
          "valueSpecification" : null
        }, {
          "@class" : "org.apache.streampipes.model.schema.EventPropertyPrimitive",
          "elementId" : "sp:eventproperty:mhBqKP",
          "label" : null,
          "description" : "",
          "runtimeName" : "humidity",
          "required" : false,
          "domainProperties" : [ ],
          "propertyScope" : "MEASUREMENT_PROPERTY",
          "index" : 2,
          "runtimeId" : null,
          "runtimeType" : "http://www.w3.org/2001/XMLSchema#float",
          "measurementUnit" : null,
          "valueSpecification" : null
        }, {
          "@class" : "org.apache.streampipes.model.schema.EventPropertyPrimitive",
          "elementId" : "sp:eventproperty:KaTnnS",
          "label" : null,
          "description" : "",
          "runtimeName" : "factory_temperature",
          "required" : false,
          "domainProperties" : [ ],
          "propertyScope" : "MEASUREMENT_PROPERTY",
          "index" : 1,
          "runtimeId" : null,
          "runtimeType" : "http://www.w3.org/2001/XMLSchema#float",
          "measurementUnit" : null,
          "valueSpecification" : null
        }, {
          "@class" : "org.apache.streampipes.model.schema.EventPropertyPrimitive",
          "elementId" : "http://eventProperty.de/timestamp/1b494734-1b88-d42c-8cf9-00f5446eefca",
          "label" : "Timestamp",
          "description" : "The current timestamp value",
          "runtimeName" : "timestamp",
          "required" : false,
          "domainProperties" : [ "http://schema.org/DateTime" ],
          "propertyScope" : "HEADER_PROPERTY",
          "index" : 0,
          "runtimeId" : null,
          "runtimeType" : "http://www.w3.org/2001/XMLSchema#long",
          "measurementUnit" : null,
          "valueSpecification" : null
        } ]
      },
      "category" : null,
      "index" : 0,
      "correspondingAdapterId" : null,
      "uri" : "urn:streampipes.apache.org:eventstream:ccDfKo",
      "_rev" : null
    } ],
    "staticProperties" : [ {
      "@class" : "org.apache.streampipes.model.staticproperty.MappingPropertyUnary",
      "valueRequired" : false,
      "staticPropertyType" : "MappingPropertyUnary",
      "index" : 0,
      "label" : "Field",
      "description" : "Specifies the field name where the filter operation should be applied on.",
      "internalName" : "number-mapping",
      "predefined" : false,
      "requirementSelector" : "r0::number-mapping",
      "mapsFromOptions" : [ "s0::factory_id", "s0::humidity", "s0::factory_temperature", "s0::timestamp" ],
      "propertyScope" : "NONE",
      "selectedProperty" : "s0::factory_temperature"
    }, {
      "@class" : "org.apache.streampipes.model.staticproperty.OneOfStaticProperty",
      "valueRequired" : false,
      "staticPropertyType" : "OneOfStaticProperty",
      "index" : 1,
      "label" : "Filter Operation",
      "description" : "Specifies the filter operation that should be applied on the field",
      "internalName" : "operation",
      "predefined" : false,
      "options" : [ {
        "elementId" : "sp:option:iNAxKJ",
        "name" : "<",
        "selected" : false,
        "internalName" : null
      }, {
        "elementId" : "sp:option:XBNsnq",
        "name" : "<=",
        "selected" : false,
        "internalName" : null
      }, {
        "elementId" : "sp:option:ingRfh",
        "name" : ">",
        "selected" : false,
        "internalName" : null
      }, {
        "elementId" : "sp:option:ACOAkl",
        "name" : ">=",
        "selected" : true,
        "internalName" : null
      }, {
        "elementId" : "sp:option:yENIhn",
        "name" : "==",
        "selected" : false,
        "internalName" : null
      }, {
        "elementId" : "sp:option:dsuWLv",
        "name" : "!=",
        "selected" : false,
        "internalName" : null
      } ],
      "horizontalRendering" : false
    }, {
      "@class" : "org.apache.streampipes.model.staticproperty.FreeTextStaticProperty",
      "valueRequired" : false,
      "staticPropertyType" : "FreeTextStaticProperty",
      "index" : 2,
      "label" : "Threshold value",
      "description" : "Specifies a threshold value",
      "internalName" : "value",
      "predefined" : false,
      "value" : "50",
      "requiredDatatype" : null,
      "requiredDomainProperty" : "http://www.w3.org/2001/XMLSchema#double",
      "mapsTo" : "number-mapping",
      "multiLine" : false,
      "htmlAllowed" : false,
      "htmlFontFormat" : false,
      "placeholdersSupported" : false,
      "valueSpecification" : null
    } ],
    "belongsTo" : "sp:org.apache.streampipes.processors.filters.jvm.threshold",
    "statusInfoSettings" : null,
    "supportedGrounding" : {
      "transportProtocols" : [ {
        "@class" : "org.apache.streampipes.model.grounding.MqttTransportProtocol",
        "elementId" : "sp:transportprotocol:NIeNTn",
        "brokerHostname" : null,
        "topicDefinition" : null,
        "port" : 0
      }, {
        "@class" : "org.apache.streampipes.model.grounding.NatsTransportProtocol",
        "elementId" : "sp:transportprotocol:mdVBwL",
        "brokerHostname" : null,
        "topicDefinition" : null,
        "port" : 0
      }, {
        "@class" : "org.apache.streampipes.model.grounding.JmsTransportProtocol",
        "elementId" : "sp:transportprotocol:LEKTul",
        "brokerHostname" : null,
        "topicDefinition" : null,
        "port" : 0
      }, {
        "@class" : "org.apache.streampipes.model.grounding.PulsarTransportProtocol",
        "elementId" : "sp:transportprotocol:BrLbHA",
        "brokerHostname" : "pulsar://localhost:6650",
        "topicDefinition" : null
      }, {
        "@class" : "org.apache.streampipes.model.grounding.KafkaTransportProtocol",
        "elementId" : "sp:transportprotocol:dpFkmT",
        "brokerHostname" : null,
        "topicDefinition" : null,
        "zookeeperHost" : null,
        "zookeeperPort" : 0,
        "kafkaPort" : 0,
        "lingerMs" : null,
        "messageMaxBytes" : null,
        "maxRequestSize" : null,
        "acks" : null,
        "batchSize" : null,
        "offset" : null,
        "groupId" : null
      } ],
      "transportFormats" : [ {
        "rdfType" : [ "http://sepa.event-processing.org/sepa#json" ]
      }, {
        "rdfType" : [ "http://sepa.event-processing.org/sepa#smile" ]
      }, {
        "rdfType" : [ "http://sepa.event-processing.org/sepa#fst" ]
      }, {
        "rdfType" : [ "http://sepa.event-processing.org/sepa#cbor" ]
      } ]
    },
    "correspondingPipeline" : "a08fbd230bea4c8baeb73a83d7fab944",
    "correspondingUser" : null,
    "streamRequirements" : [ {
      "@class" : "org.apache.streampipes.model.SpDataStream",
      "elementId" : "urn:streampipes.apache.org:eventstream:ccDfKo",
      "dom" : null,
      "connectedTo" : null,
      "name" : null,
      "description" : null,
      "iconUrl" : null,
      "appId" : null,
      "includesAssets" : false,
      "includesLocales" : false,
      "includedAssets" : [ ],
      "includedLocales" : [ ],
      "internallyManaged" : false,
      "eventGrounding" : null,
      "eventSchema" : {
        "eventProperties" : [ {
          "@class" : "org.apache.streampipes.model.schema.EventPropertyPrimitive",
          "elementId" : "sp:eventproperty:ILxRcw",
          "label" : null,
          "description" : null,
          "runtimeName" : "number-mapping",
          "required" : false,
          "domainProperties" : [ ],
          "propertyScope" : null,
          "index" : 0,
          "runtimeId" : null,
          "runtimeType" : "http://schema.org/Number",
          "measurementUnit" : null,
          "valueSpecification" : null
        } ]
      },
      "category" : null,
      "index" : 0,
      "correspondingAdapterId" : null,
      "uri" : "urn:streampipes.apache.org:eventstream:ccDfKo",
      "_rev" : null
    } ],
    "configured" : true,
    "uncompleted" : false,
    "selectedEndpointUrl" : null,
    "outputStream" : {
      "@class" : "org.apache.streampipes.model.SpDataStream",
      "elementId" : "urn:streampipes.apache.org:eventstream:mPZZrV",
      "dom" : null,
      "connectedTo" : null,
      "name" : null,
      "description" : null,
      "iconUrl" : null,
      "appId" : null,
      "includesAssets" : false,
      "includesLocales" : false,
      "includedAssets" : [ ],
      "includedLocales" : [ ],
      "internallyManaged" : false,
      "eventGrounding" : {
        "transportProtocols" : [ {
          "@class" : "org.apache.streampipes.model.grounding.KafkaTransportProtocol",
          "elementId" : "sp:transportprotocol:weBOKN",
          "brokerHostname" : "kafka",
          "topicDefinition" : {
            "@class" : "org.apache.streampipes.model.grounding.SimpleTopicDefinition",
            "actualTopicName" : "org-apache-streampipes-internal-bVJIPUJIfGxyrTo"
          },
          "zookeeperHost" : "zookeeper",
          "zookeeperPort" : 2181,
          "kafkaPort" : 9092,
          "lingerMs" : null,
          "messageMaxBytes" : null,
          "maxRequestSize" : null,
          "acks" : null,
          "batchSize" : null,
          "offset" : null,
          "groupId" : null
        } ],
        "transportFormats" : [ {
          "rdfType" : [ "http://sepa.event-processing.org/sepa#json" ]
        } ]
      },
      "eventSchema" : {
        "eventProperties" : [ {
          "@class" : "org.apache.streampipes.model.schema.EventPropertyPrimitive",
          "elementId" : "sp:eventproperty:SDaEso",
          "label" : null,
          "description" : "",
          "runtimeName" : "factory_id",
          "required" : false,
          "domainProperties" : [ ],
          "propertyScope" : "MEASUREMENT_PROPERTY",
          "index" : 0,
          "runtimeId" : null,
          "runtimeType" : "http://www.w3.org/2001/XMLSchema#float",
          "measurementUnit" : null,
          "valueSpecification" : null
        }, {
          "@class" : "org.apache.streampipes.model.schema.EventPropertyPrimitive",
          "elementId" : "sp:eventproperty:mhBqKP",
          "label" : null,
          "description" : "",
          "runtimeName" : "humidity",
          "required" : false,
          "domainProperties" : [ ],
          "propertyScope" : "MEASUREMENT_PROPERTY",
          "index" : 2,
          "runtimeId" : null,
          "runtimeType" : "http://www.w3.org/2001/XMLSchema#float",
          "measurementUnit" : null,
          "valueSpecification" : null
        }, {
          "@class" : "org.apache.streampipes.model.schema.EventPropertyPrimitive",
          "elementId" : "sp:eventproperty:KaTnnS",
          "label" : null,
          "description" : "",
          "runtimeName" : "factory_temperature",
          "required" : false,
          "domainProperties" : [ ],
          "propertyScope" : "MEASUREMENT_PROPERTY",
          "index" : 1,
          "runtimeId" : null,
          "runtimeType" : "http://www.w3.org/2001/XMLSchema#float",
          "measurementUnit" : null,
          "valueSpecification" : null
        }, {
          "@class" : "org.apache.streampipes.model.schema.EventPropertyPrimitive",
          "elementId" : "http://eventProperty.de/timestamp/1b494734-1b88-d42c-8cf9-00f5446eefca",
          "label" : "Timestamp",
          "description" : "The current timestamp value",
          "runtimeName" : "timestamp",
          "required" : false,
          "domainProperties" : [ "http://schema.org/DateTime" ],
          "propertyScope" : "HEADER_PROPERTY",
          "index" : 0,
          "runtimeId" : null,
          "runtimeType" : "http://www.w3.org/2001/XMLSchema#long",
          "measurementUnit" : null,
          "valueSpecification" : null
        }, {
          "@class" : "org.apache.streampipes.model.schema.EventPropertyPrimitive",
          "elementId" : "sp:eventproperty:xgvbaB",
          "label" : "",
          "description" : "",
          "runtimeName" : "thresholdDetected",
          "required" : false,
          "domainProperties" : [ "http://schema.org/Boolean" ],
          "propertyScope" : null,
          "index" : 0,
          "runtimeId" : null,
          "runtimeType" : "http://www.w3.org/2001/XMLSchema#boolean",
          "measurementUnit" : null,
          "valueSpecification" : null
        } ]
      },
      "category" : null,
      "index" : 0,
      "correspondingAdapterId" : null,
      "uri" : "urn:streampipes.apache.org:eventstream:mPZZrV",
      "_rev" : null
    },
    "outputStrategies" : [ {
      "@class" : "org.apache.streampipes.model.output.AppendOutputStrategy",
      "name" : null,
      "renameRules" : [ ],
      "eventProperties" : [ {
        "@class" : "org.apache.streampipes.model.schema.EventPropertyPrimitive",
        "elementId" : "sp:eventproperty:xgvbaB",
        "label" : "",
        "description" : "",
        "runtimeName" : "thresholdDetected",
        "required" : false,
        "domainProperties" : [ "http://schema.org/Boolean" ],
        "propertyScope" : null,
        "index" : 0,
        "runtimeId" : null,
        "runtimeType" : "http://www.w3.org/2001/XMLSchema#boolean",
        "measurementUnit" : null,
        "valueSpecification" : null
      } ]
    } ],
    "pathName" : null,
    "category" : [ "FILTER" ],
    "uri" : "sp:dataprocessorinvocation:AYxmKF:CZeFN",
    "_rev" : null
  }, {
    "@class" : "org.apache.streampipes.model.graph.DataProcessorInvocation",
    "elementId" : "sp:dataprocessorinvocation:AYxmKF:jmyQ0",
    "dom" : "jsplumb_56_iQyE",
    "connectedTo" : [ "jsplumb_53_NmIL" ],
    "name" : "Threshold Detector",
    "description" : "When threshold rule is fulfilled true is appended",
    "iconUrl" : null,
    "appId" : "org.apache.streampipes.processors.filters.jvm.threshold",
    "includesAssets" : true,
    "includesLocales" : false,
    "includedAssets" : [ "documentation.md", "icon.png" ],
    "includedLocales" : [ ],
    "internallyManaged" : false,
    "inputStreams" : [ {
      "@class" : "org.apache.streampipes.model.SpDataStream",
      "elementId" : "urn:streampipes.apache.org:eventstream:ccDfKo",
      "dom" : null,
      "connectedTo" : null,
      "name" : null,
      "description" : null,
      "iconUrl" : null,
      "appId" : null,
      "includesAssets" : false,
      "includesLocales" : false,
      "includedAssets" : [ ],
      "includedLocales" : [ ],
      "internallyManaged" : false,
      "eventGrounding" : {
        "transportProtocols" : [ {
          "@class" : "org.apache.streampipes.model.grounding.KafkaTransportProtocol",
          "elementId" : "sp:transportprotocol:uRfhro",
          "brokerHostname" : "kafka",
          "topicDefinition" : {
            "@class" : "org.apache.streampipes.model.grounding.SimpleTopicDefinition",
            "actualTopicName" : "org-apache-streampipes-internal-UdfFMkRNZbzkqcv"
          },
          "zookeeperHost" : "zookeeper",
          "zookeeperPort" : 2181,
          "kafkaPort" : 9092,
          "lingerMs" : null,
          "messageMaxBytes" : null,
          "maxRequestSize" : null,
          "acks" : null,
          "batchSize" : null,
          "offset" : null,
          "groupId" : "Factoryenvironmentmonitor8d5950f37023dd9083100b646b20ee76"
        } ],
        "transportFormats" : [ {
          "rdfType" : [ "http://sepa.event-processing.org/sepa#json" ]
        } ]
      },
      "eventSchema" : {
        "eventProperties" : [ {
          "@class" : "org.apache.streampipes.model.schema.EventPropertyPrimitive",
          "elementId" : "sp:eventproperty:SDaEso",
          "label" : null,
          "description" : "",
          "runtimeName" : "factory_id",
          "required" : false,
          "domainProperties" : [ ],
          "propertyScope" : "MEASUREMENT_PROPERTY",
          "index" : 0,
          "runtimeId" : null,
          "runtimeType" : "http://www.w3.org/2001/XMLSchema#float",
          "measurementUnit" : null,
          "valueSpecification" : null
        }, {
          "@class" : "org.apache.streampipes.model.schema.EventPropertyPrimitive",
          "elementId" : "sp:eventproperty:mhBqKP",
          "label" : null,
          "description" : "",
          "runtimeName" : "humidity",
          "required" : false,
          "domainProperties" : [ ],
          "propertyScope" : "MEASUREMENT_PROPERTY",
          "index" : 2,
          "runtimeId" : null,
          "runtimeType" : "http://www.w3.org/2001/XMLSchema#float",
          "measurementUnit" : null,
          "valueSpecification" : null
        }, {
          "@class" : "org.apache.streampipes.model.schema.EventPropertyPrimitive",
          "elementId" : "sp:eventproperty:KaTnnS",
          "label" : null,
          "description" : "",
          "runtimeName" : "factory_temperature",
          "required" : false,
          "domainProperties" : [ ],
          "propertyScope" : "MEASUREMENT_PROPERTY",
          "index" : 1,
          "runtimeId" : null,
          "runtimeType" : "http://www.w3.org/2001/XMLSchema#float",
          "measurementUnit" : null,
          "valueSpecification" : null
        }, {
          "@class" : "org.apache.streampipes.model.schema.EventPropertyPrimitive",
          "elementId" : "http://eventProperty.de/timestamp/1b494734-1b88-d42c-8cf9-00f5446eefca",
          "label" : "Timestamp",
          "description" : "The current timestamp value",
          "runtimeName" : "timestamp",
          "required" : false,
          "domainProperties" : [ "http://schema.org/DateTime" ],
          "propertyScope" : "HEADER_PROPERTY",
          "index" : 0,
          "runtimeId" : null,
          "runtimeType" : "http://www.w3.org/2001/XMLSchema#long",
          "measurementUnit" : null,
          "valueSpecification" : null
        } ]
      },
      "category" : null,
      "index" : 0,
      "correspondingAdapterId" : null,
      "uri" : "urn:streampipes.apache.org:eventstream:ccDfKo",
      "_rev" : null
    } ],
    "staticProperties" : [ {
      "@class" : "org.apache.streampipes.model.staticproperty.MappingPropertyUnary",
      "valueRequired" : false,
      "staticPropertyType" : "MappingPropertyUnary",
      "index" : 0,
      "label" : "Field",
      "description" : "Specifies the field name where the filter operation should be applied on.",
      "internalName" : "number-mapping",
      "predefined" : false,
      "requirementSelector" : "r0::number-mapping",
      "mapsFromOptions" : [ "s0::factory_id", "s0::humidity", "s0::factory_temperature", "s0::timestamp" ],
      "propertyScope" : "NONE",
      "selectedProperty" : "s0::humidity"
    }, {
      "@class" : "org.apache.streampipes.model.staticproperty.OneOfStaticProperty",
      "valueRequired" : false,
      "staticPropertyType" : "OneOfStaticProperty",
      "index" : 1,
      "label" : "Filter Operation",
      "description" : "Specifies the filter operation that should be applied on the field",
      "internalName" : "operation",
      "predefined" : false,
      "options" : [ {
        "elementId" : "sp:option:iNAxKJ",
        "name" : "<",
        "selected" : false,
        "internalName" : null
      }, {
        "elementId" : "sp:option:XBNsnq",
        "name" : "<=",
        "selected" : false,
        "internalName" : null
      }, {
        "elementId" : "sp:option:ingRfh",
        "name" : ">",
        "selected" : true,
        "internalName" : null
      }, {
        "elementId" : "sp:option:ACOAkl",
        "name" : ">=",
        "selected" : false,
        "internalName" : null
      }, {
        "elementId" : "sp:option:yENIhn",
        "name" : "==",
        "selected" : false,
        "internalName" : null
      }, {
        "elementId" : "sp:option:dsuWLv",
        "name" : "!=",
        "selected" : false,
        "internalName" : null
      } ],
      "horizontalRendering" : false
    }, {
      "@class" : "org.apache.streampipes.model.staticproperty.FreeTextStaticProperty",
      "valueRequired" : false,
      "staticPropertyType" : "FreeTextStaticProperty",
      "index" : 2,
      "label" : "Threshold value",
      "description" : "Specifies a threshold value",
      "internalName" : "value",
      "predefined" : false,
      "value" : "55",
      "requiredDatatype" : null,
      "requiredDomainProperty" : "http://www.w3.org/2001/XMLSchema#double",
      "mapsTo" : "number-mapping",
      "multiLine" : false,
      "htmlAllowed" : false,
      "htmlFontFormat" : false,
      "placeholdersSupported" : false,
      "valueSpecification" : null
    } ],
    "belongsTo" : "sp:org.apache.streampipes.processors.filters.jvm.threshold",
    "statusInfoSettings" : null,
    "supportedGrounding" : {
      "transportProtocols" : [ {
        "@class" : "org.apache.streampipes.model.grounding.MqttTransportProtocol",
        "elementId" : "sp:transportprotocol:NIeNTn",
        "brokerHostname" : null,
        "topicDefinition" : null,
        "port" : 0
      }, {
        "@class" : "org.apache.streampipes.model.grounding.NatsTransportProtocol",
        "elementId" : "sp:transportprotocol:mdVBwL",
        "brokerHostname" : null,
        "topicDefinition" : null,
        "port" : 0
      }, {
        "@class" : "org.apache.streampipes.model.grounding.JmsTransportProtocol",
        "elementId" : "sp:transportprotocol:LEKTul",
        "brokerHostname" : null,
        "topicDefinition" : null,
        "port" : 0
      }, {
        "@class" : "org.apache.streampipes.model.grounding.PulsarTransportProtocol",
        "elementId" : "sp:transportprotocol:BrLbHA",
        "brokerHostname" : "pulsar://localhost:6650",
        "topicDefinition" : null
      }, {
        "@class" : "org.apache.streampipes.model.grounding.KafkaTransportProtocol",
        "elementId" : "sp:transportprotocol:dpFkmT",
        "brokerHostname" : null,
        "topicDefinition" : null,
        "zookeeperHost" : null,
        "zookeeperPort" : 0,
        "kafkaPort" : 0,
        "lingerMs" : null,
        "messageMaxBytes" : null,
        "maxRequestSize" : null,
        "acks" : null,
        "batchSize" : null,
        "offset" : null,
        "groupId" : null
      } ],
      "transportFormats" : [ {
        "rdfType" : [ "http://sepa.event-processing.org/sepa#json" ]
      }, {
        "rdfType" : [ "http://sepa.event-processing.org/sepa#smile" ]
      }, {
        "rdfType" : [ "http://sepa.event-processing.org/sepa#fst" ]
      }, {
        "rdfType" : [ "http://sepa.event-processing.org/sepa#cbor" ]
      } ]
    },
    "correspondingPipeline" : "a08fbd230bea4c8baeb73a83d7fab944",
    "correspondingUser" : null,
    "streamRequirements" : [ {
      "@class" : "org.apache.streampipes.model.SpDataStream",
      "elementId" : "urn:streampipes.apache.org:eventstream:ccDfKo",
      "dom" : null,
      "connectedTo" : null,
      "name" : null,
      "description" : null,
      "iconUrl" : null,
      "appId" : null,
      "includesAssets" : false,
      "includesLocales" : false,
      "includedAssets" : [ ],
      "includedLocales" : [ ],
      "internallyManaged" : false,
      "eventGrounding" : null,
      "eventSchema" : {
        "eventProperties" : [ {
          "@class" : "org.apache.streampipes.model.schema.EventPropertyPrimitive",
          "elementId" : "sp:eventproperty:ILxRcw",
          "label" : null,
          "description" : null,
          "runtimeName" : "number-mapping",
          "required" : false,
          "domainProperties" : [ ],
          "propertyScope" : null,
          "index" : 0,
          "runtimeId" : null,
          "runtimeType" : "http://schema.org/Number",
          "measurementUnit" : null,
          "valueSpecification" : null
        } ]
      },
      "category" : null,
      "index" : 0,
      "correspondingAdapterId" : null,
      "uri" : "urn:streampipes.apache.org:eventstream:ccDfKo",
      "_rev" : null
    } ],
    "configured" : true,
    "uncompleted" : false,
    "selectedEndpointUrl" : null,
    "outputStream" : {
      "@class" : "org.apache.streampipes.model.SpDataStream",
      "elementId" : "urn:streampipes.apache.org:eventstream:xVkkoW",
      "dom" : null,
      "connectedTo" : null,
      "name" : null,
      "description" : null,
      "iconUrl" : null,
      "appId" : null,
      "includesAssets" : false,
      "includesLocales" : false,
      "includedAssets" : [ ],
      "includedLocales" : [ ],
      "internallyManaged" : false,
      "eventGrounding" : {
        "transportProtocols" : [ {
          "@class" : "org.apache.streampipes.model.grounding.KafkaTransportProtocol",
          "elementId" : "sp:transportprotocol:rNeMHZ",
          "brokerHostname" : "kafka",
          "topicDefinition" : {
            "@class" : "org.apache.streampipes.model.grounding.SimpleTopicDefinition",
            "actualTopicName" : "org-apache-streampipes-internal-xiXArqhGfBQeccp"
          },
          "zookeeperHost" : "zookeeper",
          "zookeeperPort" : 2181,
          "kafkaPort" : 9092,
          "lingerMs" : null,
          "messageMaxBytes" : null,
          "maxRequestSize" : null,
          "acks" : null,
          "batchSize" : null,
          "offset" : null,
          "groupId" : null
        } ],
        "transportFormats" : [ {
          "rdfType" : [ "http://sepa.event-processing.org/sepa#json" ]
        } ]
      },
      "eventSchema" : {
        "eventProperties" : [ {
          "@class" : "org.apache.streampipes.model.schema.EventPropertyPrimitive",
          "elementId" : "sp:eventproperty:SDaEso",
          "label" : null,
          "description" : "",
          "runtimeName" : "factory_id",
          "required" : false,
          "domainProperties" : [ ],
          "propertyScope" : "MEASUREMENT_PROPERTY",
          "index" : 0,
          "runtimeId" : null,
          "runtimeType" : "http://www.w3.org/2001/XMLSchema#float",
          "measurementUnit" : null,
          "valueSpecification" : null
        }, {
          "@class" : "org.apache.streampipes.model.schema.EventPropertyPrimitive",
          "elementId" : "sp:eventproperty:mhBqKP",
          "label" : null,
          "description" : "",
          "runtimeName" : "humidity",
          "required" : false,
          "domainProperties" : [ ],
          "propertyScope" : "MEASUREMENT_PROPERTY",
          "index" : 2,
          "runtimeId" : null,
          "runtimeType" : "http://www.w3.org/2001/XMLSchema#float",
          "measurementUnit" : null,
          "valueSpecification" : null
        }, {
          "@class" : "org.apache.streampipes.model.schema.EventPropertyPrimitive",
          "elementId" : "sp:eventproperty:KaTnnS",
          "label" : null,
          "description" : "",
          "runtimeName" : "factory_temperature",
          "required" : false,
          "domainProperties" : [ ],
          "propertyScope" : "MEASUREMENT_PROPERTY",
          "index" : 1,
          "runtimeId" : null,
          "runtimeType" : "http://www.w3.org/2001/XMLSchema#float",
          "measurementUnit" : null,
          "valueSpecification" : null
        }, {
          "@class" : "org.apache.streampipes.model.schema.EventPropertyPrimitive",
          "elementId" : "http://eventProperty.de/timestamp/1b494734-1b88-d42c-8cf9-00f5446eefca",
          "label" : "Timestamp",
          "description" : "The current timestamp value",
          "runtimeName" : "timestamp",
          "required" : false,
          "domainProperties" : [ "http://schema.org/DateTime" ],
          "propertyScope" : "HEADER_PROPERTY",
          "index" : 0,
          "runtimeId" : null,
          "runtimeType" : "http://www.w3.org/2001/XMLSchema#long",
          "measurementUnit" : null,
          "valueSpecification" : null
        }, {
          "@class" : "org.apache.streampipes.model.schema.EventPropertyPrimitive",
          "elementId" : "sp:eventproperty:xgvbaB",
          "label" : "",
          "description" : "",
          "runtimeName" : "thresholdDetected",
          "required" : false,
          "domainProperties" : [ "http://schema.org/Boolean" ],
          "propertyScope" : null,
          "index" : 0,
          "runtimeId" : null,
          "runtimeType" : "http://www.w3.org/2001/XMLSchema#boolean",
          "measurementUnit" : null,
          "valueSpecification" : null
        } ]
      },
      "category" : null,
      "index" : 0,
      "correspondingAdapterId" : null,
      "uri" : "urn:streampipes.apache.org:eventstream:xVkkoW",
      "_rev" : null
    },
    "outputStrategies" : [ {
      "@class" : "org.apache.streampipes.model.output.AppendOutputStrategy",
      "name" : null,
      "renameRules" : [ ],
      "eventProperties" : [ {
        "@class" : "org.apache.streampipes.model.schema.EventPropertyPrimitive",
        "elementId" : "sp:eventproperty:xgvbaB",
        "label" : "",
        "description" : "",
        "runtimeName" : "thresholdDetected",
        "required" : false,
        "domainProperties" : [ "http://schema.org/Boolean" ],
        "propertyScope" : null,
        "index" : 0,
        "runtimeId" : null,
        "runtimeType" : "http://www.w3.org/2001/XMLSchema#boolean",
        "measurementUnit" : null,
        "valueSpecification" : null
      } ]
    } ],
    "pathName" : null,
    "category" : [ "FILTER" ],
    "uri" : "sp:dataprocessorinvocation:AYxmKF:jmyQ0",
    "_rev" : null
  } ],
  "streams" : [ {
    "@class" : "org.apache.streampipes.model.SpDataStream",
    "elementId" : "sp:spdatastream:FoNSDD",
    "dom" : "jsplumb_21_2dTe",
    "connectedTo" : null,
    "name" : "Factory environment monitor",
    "description" : "To mock the environmental datas, including temperature and humidity.",
    "iconUrl" : null,
    "appId" : null,
    "includesAssets" : false,
    "includesLocales" : false,
    "includedAssets" : [ ],
    "includedLocales" : [ ],
    "internallyManaged" : true,
    "eventGrounding" : {
      "transportProtocols" : [ {
        "@class" : "org.apache.streampipes.model.grounding.KafkaTransportProtocol",
        "elementId" : "sp:transportprotocol:KzIgam",
        "brokerHostname" : "kafka",
        "topicDefinition" : {
          "@class" : "org.apache.streampipes.model.grounding.SimpleTopicDefinition",
          "actualTopicName" : "org.apache.streampipes.connect.fb8d0ffa-20cc-4730-86f3-7d0b4bd9e283"
        },
        "zookeeperHost" : null,
        "zookeeperPort" : 0,
        "kafkaPort" : 9092,
        "lingerMs" : null,
        "messageMaxBytes" : null,
        "maxRequestSize" : null,
        "acks" : null,
        "batchSize" : null,
        "offset" : null,
        "groupId" : null
      } ],
      "transportFormats" : [ {
        "rdfType" : [ "http://sepa.event-processing.org/sepa#json" ]
      } ]
    },
    "eventSchema" : {
      "eventProperties" : [ {
        "@class" : "org.apache.streampipes.model.schema.EventPropertyPrimitive",
        "elementId" : "sp:eventproperty:SDaEso",
        "label" : null,
        "description" : "",
        "runtimeName" : "factory_id",
        "required" : false,
        "domainProperties" : [ ],
        "propertyScope" : "MEASUREMENT_PROPERTY",
        "index" : 0,
        "runtimeId" : null,
        "runtimeType" : "http://www.w3.org/2001/XMLSchema#float",
        "measurementUnit" : null,
        "valueSpecification" : null
      }, {
        "@class" : "org.apache.streampipes.model.schema.EventPropertyPrimitive",
        "elementId" : "sp:eventproperty:mhBqKP",
        "label" : null,
        "description" : "",
        "runtimeName" : "humidity",
        "required" : false,
        "domainProperties" : [ ],
        "propertyScope" : "MEASUREMENT_PROPERTY",
        "index" : 2,
        "runtimeId" : null,
        "runtimeType" : "http://www.w3.org/2001/XMLSchema#float",
        "measurementUnit" : null,
        "valueSpecification" : null
      }, {
        "@class" : "org.apache.streampipes.model.schema.EventPropertyPrimitive",
        "elementId" : "sp:eventproperty:KaTnnS",
        "label" : null,
        "description" : "",
        "runtimeName" : "temperature",
        "required" : false,
        "domainProperties" : [ ],
        "propertyScope" : "MEASUREMENT_PROPERTY",
        "index" : 1,
        "runtimeId" : null,
        "runtimeType" : "http://www.w3.org/2001/XMLSchema#float",
        "measurementUnit" : null,
        "valueSpecification" : null
      }, {
        "@class" : "org.apache.streampipes.model.schema.EventPropertyPrimitive",
        "elementId" : "http://eventProperty.de/timestamp/1b494734-1b88-d42c-8cf9-00f5446eefca",
        "label" : "Timestamp",
        "description" : "The current timestamp value",
        "runtimeName" : "timestamp",
        "required" : false,
        "domainProperties" : [ "http://schema.org/DateTime" ],
        "propertyScope" : "HEADER_PROPERTY",
        "index" : 0,
        "runtimeId" : null,
        "runtimeType" : "http://www.w3.org/2001/XMLSchema#long",
        "measurementUnit" : null,
        "valueSpecification" : null
      } ]
    },
    "category" : null,
    "index" : 0,
    "correspondingAdapterId" : "sp:adapterdescription:OkkWiW",
    "uri" : "sp:spdatastream:FoNSDD",
    "_rev" : "1-b8525218224623eef634ed336ce14a33"
  } ],
  "name" : "Factory environment monitor",
  "description" : "To monitor the environment information, including temperature and humidity.",
  "actions" : [ {
    "@class" : "org.apache.streampipes.model.graph.DataSinkInvocation",
    "elementId" : "sp:datasinkinvocation:mNiLoR:ypVWP",
    "dom" : "jsplumb_28_6rsz",
    "connectedTo" : [ "jsplumb_54_3z32" ],
    "name" : "Notification",
    "description" : "Publish a notification directly to the notification pane.",
    "iconUrl" : null,
    "appId" : "org.apache.streampipes.sinks.internal.jvm.notification",
    "includesAssets" : true,
    "includesLocales" : false,
    "includedAssets" : [ "documentation.md", "icon.png" ],
    "includedLocales" : [ ],
    "internallyManaged" : false,
    "inputStreams" : [ {
      "@class" : "org.apache.streampipes.model.SpDataStream",
      "elementId" : "urn:streampipes.apache.org:eventstream:aAJxOP",
      "dom" : null,
      "connectedTo" : null,
      "name" : null,
      "description" : null,
      "iconUrl" : null,
      "appId" : null,
      "includesAssets" : false,
      "includesLocales" : false,
      "includedAssets" : [ ],
      "includedLocales" : [ ],
      "internallyManaged" : false,
      "eventGrounding" : {
        "transportProtocols" : [ {
          "@class" : "org.apache.streampipes.model.grounding.KafkaTransportProtocol",
          "elementId" : "sp:transportprotocol:bvIpYE",
          "brokerHostname" : "kafka",
          "topicDefinition" : {
            "@class" : "org.apache.streampipes.model.grounding.SimpleTopicDefinition",
            "actualTopicName" : "org-apache-streampipes-internal-bVJIPUJIfGxyrTo"
          },
          "zookeeperHost" : "zookeeper",
          "zookeeperPort" : 2181,
          "kafkaPort" : 9092,
          "lingerMs" : null,
          "messageMaxBytes" : null,
          "maxRequestSize" : null,
          "acks" : null,
          "batchSize" : null,
          "offset" : null,
          "groupId" : "Factoryenvironmentmonitor7c4bff2ce203337122b9f313c775fa29"
        } ],
        "transportFormats" : [ {
          "rdfType" : [ "http://sepa.event-processing.org/sepa#json" ]
        } ]
      },
      "eventSchema" : {
        "eventProperties" : [ {
          "@class" : "org.apache.streampipes.model.schema.EventPropertyPrimitive",
          "elementId" : "sp:eventproperty:SDaEso",
          "label" : null,
          "description" : "",
          "runtimeName" : "factory_id",
          "required" : false,
          "domainProperties" : [ ],
          "propertyScope" : "MEASUREMENT_PROPERTY",
          "index" : 0,
          "runtimeId" : null,
          "runtimeType" : "http://www.w3.org/2001/XMLSchema#float",
          "measurementUnit" : null,
          "valueSpecification" : null
        }, {
          "@class" : "org.apache.streampipes.model.schema.EventPropertyPrimitive",
          "elementId" : "sp:eventproperty:mhBqKP",
          "label" : null,
          "description" : "",
          "runtimeName" : "humidity",
          "required" : false,
          "domainProperties" : [ ],
          "propertyScope" : "MEASUREMENT_PROPERTY",
          "index" : 2,
          "runtimeId" : null,
          "runtimeType" : "http://www.w3.org/2001/XMLSchema#float",
          "measurementUnit" : null,
          "valueSpecification" : null
        }, {
          "@class" : "org.apache.streampipes.model.schema.EventPropertyPrimitive",
          "elementId" : "sp:eventproperty:KaTnnS",
          "label" : null,
          "description" : "",
          "runtimeName" : "factory_temperature",
          "required" : false,
          "domainProperties" : [ ],
          "propertyScope" : "MEASUREMENT_PROPERTY",
          "index" : 1,
          "runtimeId" : null,
          "runtimeType" : "http://www.w3.org/2001/XMLSchema#float",
          "measurementUnit" : null,
          "valueSpecification" : null
        }, {
          "@class" : "org.apache.streampipes.model.schema.EventPropertyPrimitive",
          "elementId" : "http://eventProperty.de/timestamp/1b494734-1b88-d42c-8cf9-00f5446eefca",
          "label" : "Timestamp",
          "description" : "The current timestamp value",
          "runtimeName" : "timestamp",
          "required" : false,
          "domainProperties" : [ "http://schema.org/DateTime" ],
          "propertyScope" : "HEADER_PROPERTY",
          "index" : 0,
          "runtimeId" : null,
          "runtimeType" : "http://www.w3.org/2001/XMLSchema#long",
          "measurementUnit" : null,
          "valueSpecification" : null
        }, {
          "@class" : "org.apache.streampipes.model.schema.EventPropertyPrimitive",
          "elementId" : "sp:eventproperty:xgvbaB",
          "label" : "",
          "description" : "",
          "runtimeName" : "thresholdDetected",
          "required" : false,
          "domainProperties" : [ "http://schema.org/Boolean" ],
          "propertyScope" : null,
          "index" : 0,
          "runtimeId" : null,
          "runtimeType" : "http://www.w3.org/2001/XMLSchema#boolean",
          "measurementUnit" : null,
          "valueSpecification" : null
        } ]
      },
      "category" : null,
      "index" : 0,
      "correspondingAdapterId" : null,
      "uri" : "urn:streampipes.apache.org:eventstream:aAJxOP",
      "_rev" : null
    } ],
    "staticProperties" : [ {
      "@class" : "org.apache.streampipes.model.staticproperty.FreeTextStaticProperty",
      "valueRequired" : false,
      "staticPropertyType" : "FreeTextStaticProperty",
      "index" : 0,
      "label" : "Notification Title",
      "description" : "",
      "internalName" : "title",
      "predefined" : false,
      "value" : "Factory environment temperature notice",
      "requiredDatatype" : null,
      "requiredDomainProperty" : "http://www.w3.org/2001/XMLSchema#string",
      "mapsTo" : null,
      "multiLine" : false,
      "htmlAllowed" : false,
      "htmlFontFormat" : false,
      "placeholdersSupported" : false,
      "valueSpecification" : null
    }, {
      "@class" : "org.apache.streampipes.model.staticproperty.FreeTextStaticProperty",
      "valueRequired" : false,
      "staticPropertyType" : "FreeTextStaticProperty",
      "index" : 1,
      "label" : "Content",
      "description" : "Enter the notification text. You can  use placeholders like #fieldName# to add the value of a stream variable.",
      "internalName" : "content",
      "predefined" : false,
      "value" : "<p>The temperature of factory is too high, please take actions to decrease the environment temperature.</p>",
      "requiredDatatype" : null,
      "requiredDomainProperty" : null,
      "mapsTo" : null,
      "multiLine" : true,
      "htmlAllowed" : true,
      "htmlFontFormat" : false,
      "placeholdersSupported" : true,
      "valueSpecification" : null
    }, {
      "@class" : "org.apache.streampipes.model.staticproperty.FreeTextStaticProperty",
      "valueRequired" : false,
      "staticPropertyType" : "FreeTextStaticProperty",
      "index" : 2,
      "label" : "Silent Period [min]",
      "description" : "The minimum number of minutes between two consecutive notifications that are sent.",
      "internalName" : "silent-period",
      "predefined" : false,
      "value" : "10",
      "requiredDatatype" : null,
      "requiredDomainProperty" : "http://www.w3.org/2001/XMLSchema#integer",
      "mapsTo" : null,
      "multiLine" : false,
      "htmlAllowed" : false,
      "htmlFontFormat" : false,
      "placeholdersSupported" : false,
      "valueSpecification" : null
    } ],
    "belongsTo" : "sp:org.apache.streampipes.sinks.internal.jvm.notification",
    "statusInfoSettings" : null,
    "supportedGrounding" : {
      "transportProtocols" : [ {
        "@class" : "org.apache.streampipes.model.grounding.MqttTransportProtocol",
        "elementId" : "sp:transportprotocol:sTugWJ",
        "brokerHostname" : null,
        "topicDefinition" : null,
        "port" : 0
      }, {
        "@class" : "org.apache.streampipes.model.grounding.NatsTransportProtocol",
        "elementId" : "sp:transportprotocol:yCxZjC",
        "brokerHostname" : null,
        "topicDefinition" : null,
        "port" : 0
      }, {
        "@class" : "org.apache.streampipes.model.grounding.JmsTransportProtocol",
        "elementId" : "sp:transportprotocol:apgSHd",
        "brokerHostname" : null,
        "topicDefinition" : null,
        "port" : 0
      }, {
        "@class" : "org.apache.streampipes.model.grounding.PulsarTransportProtocol",
        "elementId" : "sp:transportprotocol:RKVlBy",
        "brokerHostname" : "pulsar://localhost:6650",
        "topicDefinition" : null
      }, {
        "@class" : "org.apache.streampipes.model.grounding.KafkaTransportProtocol",
        "elementId" : "sp:transportprotocol:zcdTKW",
        "brokerHostname" : null,
        "topicDefinition" : null,
        "zookeeperHost" : null,
        "zookeeperPort" : 0,
        "kafkaPort" : 0,
        "lingerMs" : null,
        "messageMaxBytes" : null,
        "maxRequestSize" : null,
        "acks" : null,
        "batchSize" : null,
        "offset" : null,
        "groupId" : null
      } ],
      "transportFormats" : [ {
        "rdfType" : [ "http://sepa.event-processing.org/sepa#json" ]
      }, {
        "rdfType" : [ "http://sepa.event-processing.org/sepa#smile" ]
      }, {
        "rdfType" : [ "http://sepa.event-processing.org/sepa#fst" ]
      }, {
        "rdfType" : [ "http://sepa.event-processing.org/sepa#cbor" ]
      } ]
    },
    "correspondingPipeline" : "a08fbd230bea4c8baeb73a83d7fab944",
    "correspondingUser" : "7414d58ec42444bda9059792163c902f",
    "streamRequirements" : [ {
      "@class" : "org.apache.streampipes.model.SpDataStream",
      "elementId" : "urn:streampipes.apache.org:eventstream:aAJxOP",
      "dom" : null,
      "connectedTo" : null,
      "name" : null,
      "description" : null,
      "iconUrl" : null,
      "appId" : null,
      "includesAssets" : false,
      "includesLocales" : false,
      "includedAssets" : [ ],
      "includedLocales" : [ ],
      "internallyManaged" : false,
      "eventGrounding" : null,
      "eventSchema" : {
        "eventProperties" : [ {
          "@class" : "org.apache.streampipes.model.schema.EventPropertyPrimitive",
          "elementId" : "sp:eventproperty:OJpYHK",
          "label" : null,
          "description" : null,
          "runtimeName" : null,
          "required" : false,
          "domainProperties" : [ ],
          "propertyScope" : null,
          "index" : 0,
          "runtimeId" : null,
          "runtimeType" : null,
          "measurementUnit" : null,
          "valueSpecification" : null
        } ]
      },
      "category" : null,
      "index" : 0,
      "correspondingAdapterId" : null,
      "uri" : "urn:streampipes.apache.org:eventstream:aAJxOP",
      "_rev" : null
    } ],
    "configured" : true,
    "uncompleted" : false,
    "selectedEndpointUrl" : null,
    "category" : [ "INTERNAL", "NOTIFICATION" ],
    "uri" : "sp:datasinkinvocation:mNiLoR:ypVWP",
    "_rev" : null
  }, {
    "@class" : "org.apache.streampipes.model.graph.DataSinkInvocation",
    "elementId" : "sp:datasinkinvocation:mNiLoR:55Bew",
    "dom" : "jsplumb_30_Qk10",
    "connectedTo" : [ "jsplumb_56_iQyE" ],
    "name" : "Notification",
    "description" : "Publish a notification directly to the notification pane.",
    "iconUrl" : null,
    "appId" : "org.apache.streampipes.sinks.internal.jvm.notification",
    "includesAssets" : true,
    "includesLocales" : false,
    "includedAssets" : [ "documentation.md", "icon.png" ],
    "includedLocales" : [ ],
    "internallyManaged" : false,
    "inputStreams" : [ {
      "@class" : "org.apache.streampipes.model.SpDataStream",
      "elementId" : "urn:streampipes.apache.org:eventstream:aAJxOP",
      "dom" : null,
      "connectedTo" : null,
      "name" : null,
      "description" : null,
      "iconUrl" : null,
      "appId" : null,
      "includesAssets" : false,
      "includesLocales" : false,
      "includedAssets" : [ ],
      "includedLocales" : [ ],
      "internallyManaged" : false,
      "eventGrounding" : {
        "transportProtocols" : [ {
          "@class" : "org.apache.streampipes.model.grounding.KafkaTransportProtocol",
          "elementId" : "sp:transportprotocol:mmhWYJ",
          "brokerHostname" : "kafka",
          "topicDefinition" : {
            "@class" : "org.apache.streampipes.model.grounding.SimpleTopicDefinition",
            "actualTopicName" : "org-apache-streampipes-internal-xiXArqhGfBQeccp"
          },
          "zookeeperHost" : "zookeeper",
          "zookeeperPort" : 2181,
          "kafkaPort" : 9092,
          "lingerMs" : null,
          "messageMaxBytes" : null,
          "maxRequestSize" : null,
          "acks" : null,
          "batchSize" : null,
          "offset" : null,
          "groupId" : "Factoryenvironmentmonitor3424e14979b86947294079a49b37a3cd"
        } ],
        "transportFormats" : [ {
          "rdfType" : [ "http://sepa.event-processing.org/sepa#json" ]
        } ]
      },
      "eventSchema" : {
        "eventProperties" : [ {
          "@class" : "org.apache.streampipes.model.schema.EventPropertyPrimitive",
          "elementId" : "sp:eventproperty:SDaEso",
          "label" : null,
          "description" : "",
          "runtimeName" : "factory_id",
          "required" : false,
          "domainProperties" : [ ],
          "propertyScope" : "MEASUREMENT_PROPERTY",
          "index" : 0,
          "runtimeId" : null,
          "runtimeType" : "http://www.w3.org/2001/XMLSchema#float",
          "measurementUnit" : null,
          "valueSpecification" : null
        }, {
          "@class" : "org.apache.streampipes.model.schema.EventPropertyPrimitive",
          "elementId" : "sp:eventproperty:mhBqKP",
          "label" : null,
          "description" : "",
          "runtimeName" : "humidity",
          "required" : false,
          "domainProperties" : [ ],
          "propertyScope" : "MEASUREMENT_PROPERTY",
          "index" : 2,
          "runtimeId" : null,
          "runtimeType" : "http://www.w3.org/2001/XMLSchema#float",
          "measurementUnit" : null,
          "valueSpecification" : null
        }, {
          "@class" : "org.apache.streampipes.model.schema.EventPropertyPrimitive",
          "elementId" : "sp:eventproperty:KaTnnS",
          "label" : null,
          "description" : "",
          "runtimeName" : "factory_temperature",
          "required" : false,
          "domainProperties" : [ ],
          "propertyScope" : "MEASUREMENT_PROPERTY",
          "index" : 1,
          "runtimeId" : null,
          "runtimeType" : "http://www.w3.org/2001/XMLSchema#float",
          "measurementUnit" : null,
          "valueSpecification" : null
        }, {
          "@class" : "org.apache.streampipes.model.schema.EventPropertyPrimitive",
          "elementId" : "http://eventProperty.de/timestamp/1b494734-1b88-d42c-8cf9-00f5446eefca",
          "label" : "Timestamp",
          "description" : "The current timestamp value",
          "runtimeName" : "timestamp",
          "required" : false,
          "domainProperties" : [ "http://schema.org/DateTime" ],
          "propertyScope" : "HEADER_PROPERTY",
          "index" : 0,
          "runtimeId" : null,
          "runtimeType" : "http://www.w3.org/2001/XMLSchema#long",
          "measurementUnit" : null,
          "valueSpecification" : null
        }, {
          "@class" : "org.apache.streampipes.model.schema.EventPropertyPrimitive",
          "elementId" : "sp:eventproperty:xgvbaB",
          "label" : "",
          "description" : "",
          "runtimeName" : "thresholdDetected",
          "required" : false,
          "domainProperties" : [ "http://schema.org/Boolean" ],
          "propertyScope" : null,
          "index" : 0,
          "runtimeId" : null,
          "runtimeType" : "http://www.w3.org/2001/XMLSchema#boolean",
          "measurementUnit" : null,
          "valueSpecification" : null
        } ]
      },
      "category" : null,
      "index" : 0,
      "correspondingAdapterId" : null,
      "uri" : "urn:streampipes.apache.org:eventstream:aAJxOP",
      "_rev" : null
    } ],
    "staticProperties" : [ {
      "@class" : "org.apache.streampipes.model.staticproperty.FreeTextStaticProperty",
      "valueRequired" : false,
      "staticPropertyType" : "FreeTextStaticProperty",
      "index" : 0,
      "label" : "Notification Title",
      "description" : "",
      "internalName" : "title",
      "predefined" : false,
      "value" : "Factory environment humidity notice",
      "requiredDatatype" : null,
      "requiredDomainProperty" : "http://www.w3.org/2001/XMLSchema#string",
      "mapsTo" : null,
      "multiLine" : false,
      "htmlAllowed" : false,
      "htmlFontFormat" : false,
      "placeholdersSupported" : false,
      "valueSpecification" : null
    }, {
      "@class" : "org.apache.streampipes.model.staticproperty.FreeTextStaticProperty",
      "valueRequired" : false,
      "staticPropertyType" : "FreeTextStaticProperty",
      "index" : 1,
      "label" : "Content",
      "description" : "Enter the notification text. You can  use placeholders like #fieldName# to add the value of a stream variable.",
      "internalName" : "content",
      "predefined" : false,
      "value" : "<p>The humidity in the factory is too high. Please take dehumidification measures.</p>",
      "requiredDatatype" : null,
      "requiredDomainProperty" : null,
      "mapsTo" : null,
      "multiLine" : true,
      "htmlAllowed" : true,
      "htmlFontFormat" : false,
      "placeholdersSupported" : true,
      "valueSpecification" : null
    }, {
      "@class" : "org.apache.streampipes.model.staticproperty.FreeTextStaticProperty",
      "valueRequired" : false,
      "staticPropertyType" : "FreeTextStaticProperty",
      "index" : 2,
      "label" : "Silent Period [min]",
      "description" : "The minimum number of minutes between two consecutive notifications that are sent.",
      "internalName" : "silent-period",
      "predefined" : false,
      "value" : "10",
      "requiredDatatype" : null,
      "requiredDomainProperty" : "http://www.w3.org/2001/XMLSchema#integer",
      "mapsTo" : null,
      "multiLine" : false,
      "htmlAllowed" : false,
      "htmlFontFormat" : false,
      "placeholdersSupported" : false,
      "valueSpecification" : null
    } ],
    "belongsTo" : "sp:org.apache.streampipes.sinks.internal.jvm.notification",
    "statusInfoSettings" : null,
    "supportedGrounding" : {
      "transportProtocols" : [ {
        "@class" : "org.apache.streampipes.model.grounding.MqttTransportProtocol",
        "elementId" : "sp:transportprotocol:sTugWJ",
        "brokerHostname" : null,
        "topicDefinition" : null,
        "port" : 0
      }, {
        "@class" : "org.apache.streampipes.model.grounding.NatsTransportProtocol",
        "elementId" : "sp:transportprotocol:yCxZjC",
        "brokerHostname" : null,
        "topicDefinition" : null,
        "port" : 0
      }, {
        "@class" : "org.apache.streampipes.model.grounding.JmsTransportProtocol",
        "elementId" : "sp:transportprotocol:apgSHd",
        "brokerHostname" : null,
        "topicDefinition" : null,
        "port" : 0
      }, {
        "@class" : "org.apache.streampipes.model.grounding.PulsarTransportProtocol",
        "elementId" : "sp:transportprotocol:RKVlBy",
        "brokerHostname" : "pulsar://localhost:6650",
        "topicDefinition" : null
      }, {
        "@class" : "org.apache.streampipes.model.grounding.KafkaTransportProtocol",
        "elementId" : "sp:transportprotocol:zcdTKW",
        "brokerHostname" : null,
        "topicDefinition" : null,
        "zookeeperHost" : null,
        "zookeeperPort" : 0,
        "kafkaPort" : 0,
        "lingerMs" : null,
        "messageMaxBytes" : null,
        "maxRequestSize" : null,
        "acks" : null,
        "batchSize" : null,
        "offset" : null,
        "groupId" : null
      } ],
      "transportFormats" : [ {
        "rdfType" : [ "http://sepa.event-processing.org/sepa#json" ]
      }, {
        "rdfType" : [ "http://sepa.event-processing.org/sepa#smile" ]
      }, {
        "rdfType" : [ "http://sepa.event-processing.org/sepa#fst" ]
      }, {
        "rdfType" : [ "http://sepa.event-processing.org/sepa#cbor" ]
      } ]
    },
    "correspondingPipeline" : "a08fbd230bea4c8baeb73a83d7fab944",
    "correspondingUser" : "7414d58ec42444bda9059792163c902f",
    "streamRequirements" : [ {
      "@class" : "org.apache.streampipes.model.SpDataStream",
      "elementId" : "urn:streampipes.apache.org:eventstream:aAJxOP",
      "dom" : null,
      "connectedTo" : null,
      "name" : null,
      "description" : null,
      "iconUrl" : null,
      "appId" : null,
      "includesAssets" : false,
      "includesLocales" : false,
      "includedAssets" : [ ],
      "includedLocales" : [ ],
      "internallyManaged" : false,
      "eventGrounding" : null,
      "eventSchema" : {
        "eventProperties" : [ {
          "@class" : "org.apache.streampipes.model.schema.EventPropertyPrimitive",
          "elementId" : "sp:eventproperty:OJpYHK",
          "label" : null,
          "description" : null,
          "runtimeName" : null,
          "required" : false,
          "domainProperties" : [ ],
          "propertyScope" : null,
          "index" : 0,
          "runtimeId" : null,
          "runtimeType" : null,
          "measurementUnit" : null,
          "valueSpecification" : null
        } ]
      },
      "category" : null,
      "index" : 0,
      "correspondingAdapterId" : null,
      "uri" : "urn:streampipes.apache.org:eventstream:aAJxOP",
      "_rev" : null
    } ],
    "configured" : true,
    "uncompleted" : false,
    "selectedEndpointUrl" : null,
    "category" : [ "INTERNAL", "NOTIFICATION" ],
    "uri" : "sp:datasinkinvocation:mNiLoR:55Bew",
    "_rev" : null
  }, {
    "@class" : "org.apache.streampipes.model.graph.DataSinkInvocation",
    "elementId" : "sp:datasinkinvocation:aSzpAI:bU0Kq",
    "dom" : "jsplumb_55_ajqj",
    "connectedTo" : [ "jsplumb_53_NmIL" ],
    "name" : "Data Lake",
    "description" : "Stores events in the internal data lake.",
    "iconUrl" : null,
    "appId" : "org.apache.streampipes.sinks.internal.jvm.datalake",
    "includesAssets" : true,
    "includesLocales" : false,
    "includedAssets" : [ "documentation.md", "icon.png" ],
    "includedLocales" : [ ],
    "internallyManaged" : false,
    "inputStreams" : [ {
      "@class" : "org.apache.streampipes.model.SpDataStream",
      "elementId" : "urn:streampipes.apache.org:eventstream:jKjnmj",
      "dom" : null,
      "connectedTo" : null,
      "name" : null,
      "description" : null,
      "iconUrl" : null,
      "appId" : null,
      "includesAssets" : false,
      "includesLocales" : false,
      "includedAssets" : [ ],
      "includedLocales" : [ ],
      "internallyManaged" : false,
      "eventGrounding" : {
        "transportProtocols" : [ {
          "@class" : "org.apache.streampipes.model.grounding.KafkaTransportProtocol",
          "elementId" : "sp:transportprotocol:KkUakO",
          "brokerHostname" : "kafka",
          "topicDefinition" : {
            "@class" : "org.apache.streampipes.model.grounding.SimpleTopicDefinition",
            "actualTopicName" : "org-apache-streampipes-internal-UdfFMkRNZbzkqcv"
          },
          "zookeeperHost" : "zookeeper",
          "zookeeperPort" : 2181,
          "kafkaPort" : 9092,
          "lingerMs" : null,
          "messageMaxBytes" : null,
          "maxRequestSize" : null,
          "acks" : null,
          "batchSize" : null,
          "offset" : null,
          "groupId" : "Factoryenvironmentmonitor7d675723b561fb86f1f05eca5395e0cc"
        } ],
        "transportFormats" : [ {
          "rdfType" : [ "http://sepa.event-processing.org/sepa#json" ]
        } ]
      },
      "eventSchema" : {
        "eventProperties" : [ {
          "@class" : "org.apache.streampipes.model.schema.EventPropertyPrimitive",
          "elementId" : "sp:eventproperty:SDaEso",
          "label" : null,
          "description" : "",
          "runtimeName" : "factory_id",
          "required" : false,
          "domainProperties" : [ ],
          "propertyScope" : "MEASUREMENT_PROPERTY",
          "index" : 0,
          "runtimeId" : null,
          "runtimeType" : "http://www.w3.org/2001/XMLSchema#float",
          "measurementUnit" : null,
          "valueSpecification" : null
        }, {
          "@class" : "org.apache.streampipes.model.schema.EventPropertyPrimitive",
          "elementId" : "sp:eventproperty:mhBqKP",
          "label" : null,
          "description" : "",
          "runtimeName" : "humidity",
          "required" : false,
          "domainProperties" : [ ],
          "propertyScope" : "MEASUREMENT_PROPERTY",
          "index" : 2,
          "runtimeId" : null,
          "runtimeType" : "http://www.w3.org/2001/XMLSchema#float",
          "measurementUnit" : null,
          "valueSpecification" : null
        }, {
          "@class" : "org.apache.streampipes.model.schema.EventPropertyPrimitive",
          "elementId" : "sp:eventproperty:KaTnnS",
          "label" : null,
          "description" : "",
          "runtimeName" : "factory_temperature",
          "required" : false,
          "domainProperties" : [ ],
          "propertyScope" : "MEASUREMENT_PROPERTY",
          "index" : 1,
          "runtimeId" : null,
          "runtimeType" : "http://www.w3.org/2001/XMLSchema#float",
          "measurementUnit" : null,
          "valueSpecification" : null
        }, {
          "@class" : "org.apache.streampipes.model.schema.EventPropertyPrimitive",
          "elementId" : "http://eventProperty.de/timestamp/1b494734-1b88-d42c-8cf9-00f5446eefca",
          "label" : "Timestamp",
          "description" : "The current timestamp value",
          "runtimeName" : "timestamp",
          "required" : false,
          "domainProperties" : [ "http://schema.org/DateTime" ],
          "propertyScope" : "HEADER_PROPERTY",
          "index" : 0,
          "runtimeId" : null,
          "runtimeType" : "http://www.w3.org/2001/XMLSchema#long",
          "measurementUnit" : null,
          "valueSpecification" : null
        } ]
      },
      "category" : null,
      "index" : 0,
      "correspondingAdapterId" : null,
      "uri" : "urn:streampipes.apache.org:eventstream:jKjnmj",
      "_rev" : null
    } ],
    "staticProperties" : [ {
      "@class" : "org.apache.streampipes.model.staticproperty.MappingPropertyUnary",
      "valueRequired" : false,
      "staticPropertyType" : "MappingPropertyUnary",
      "index" : 0,
      "label" : "Timestamp Field",
      "description" : "The value which contains a timestamp",
      "internalName" : "timestamp_mapping",
      "predefined" : false,
      "requirementSelector" : "r0::timestamp_mapping",
      "mapsFromOptions" : [ "s0::timestamp" ],
      "propertyScope" : "NONE",
      "selectedProperty" : "s0::timestamp"
    }, {
      "@class" : "org.apache.streampipes.model.staticproperty.FreeTextStaticProperty",
      "valueRequired" : false,
      "staticPropertyType" : "FreeTextStaticProperty",
      "index" : 1,
      "label" : "Identifier",
      "description" : "The name of the identifier under which the data is to be stored.",
      "internalName" : "db_measurement",
      "predefined" : false,
      "value" : "Factory 1 environment condition identifier",
      "requiredDatatype" : null,
      "requiredDomainProperty" : "http://www.w3.org/2001/XMLSchema#string",
      "mapsTo" : null,
      "multiLine" : false,
      "htmlAllowed" : false,
      "htmlFontFormat" : false,
      "placeholdersSupported" : false,
      "valueSpecification" : null
    } ],
    "belongsTo" : "sp:org.apache.streampipes.sinks.internal.jvm.datalake",
    "statusInfoSettings" : null,
    "supportedGrounding" : {
      "transportProtocols" : [ {
        "@class" : "org.apache.streampipes.model.grounding.MqttTransportProtocol",
        "elementId" : "sp:transportprotocol:sTugWJ",
        "brokerHostname" : null,
        "topicDefinition" : null,
        "port" : 0
      }, {
        "@class" : "org.apache.streampipes.model.grounding.NatsTransportProtocol",
        "elementId" : "sp:transportprotocol:yCxZjC",
        "brokerHostname" : null,
        "topicDefinition" : null,
        "port" : 0
      }, {
        "@class" : "org.apache.streampipes.model.grounding.JmsTransportProtocol",
        "elementId" : "sp:transportprotocol:apgSHd",
        "brokerHostname" : null,
        "topicDefinition" : null,
        "port" : 0
      }, {
        "@class" : "org.apache.streampipes.model.grounding.PulsarTransportProtocol",
        "elementId" : "sp:transportprotocol:RKVlBy",
        "brokerHostname" : "pulsar://localhost:6650",
        "topicDefinition" : null
      }, {
        "@class" : "org.apache.streampipes.model.grounding.KafkaTransportProtocol",
        "elementId" : "sp:transportprotocol:zcdTKW",
        "brokerHostname" : null,
        "topicDefinition" : null,
        "zookeeperHost" : null,
        "zookeeperPort" : 0,
        "kafkaPort" : 0,
        "lingerMs" : null,
        "messageMaxBytes" : null,
        "maxRequestSize" : null,
        "acks" : null,
        "batchSize" : null,
        "offset" : null,
        "groupId" : null
      } ],
      "transportFormats" : [ {
        "rdfType" : [ "http://sepa.event-processing.org/sepa#json" ]
      }, {
        "rdfType" : [ "http://sepa.event-processing.org/sepa#smile" ]
      }, {
        "rdfType" : [ "http://sepa.event-processing.org/sepa#fst" ]
      }, {
        "rdfType" : [ "http://sepa.event-processing.org/sepa#cbor" ]
      } ]
    },
    "correspondingPipeline" : "a08fbd230bea4c8baeb73a83d7fab944",
    "correspondingUser" : null,
    "streamRequirements" : [ {
      "@class" : "org.apache.streampipes.model.SpDataStream",
      "elementId" : "urn:streampipes.apache.org:eventstream:jKjnmj",
      "dom" : null,
      "connectedTo" : null,
      "name" : null,
      "description" : null,
      "iconUrl" : null,
      "appId" : null,
      "includesAssets" : false,
      "includesLocales" : false,
      "includedAssets" : [ ],
      "includedLocales" : [ ],
      "internallyManaged" : false,
      "eventGrounding" : null,
      "eventSchema" : {
        "eventProperties" : [ {
          "@class" : "org.apache.streampipes.model.schema.EventPropertyPrimitive",
          "elementId" : "sp:eventproperty:CHjqMS",
          "label" : null,
          "description" : null,
          "runtimeName" : "timestamp_mapping",
          "required" : false,
          "domainProperties" : [ "http://schema.org/DateTime" ],
          "propertyScope" : null,
          "index" : 0,
          "runtimeId" : null,
          "runtimeType" : null,
          "measurementUnit" : null,
          "valueSpecification" : null
        } ]
      },
      "category" : null,
      "index" : 0,
      "correspondingAdapterId" : null,
      "uri" : "urn:streampipes.apache.org:eventstream:jKjnmj",
      "_rev" : null
    } ],
    "configured" : true,
    "uncompleted" : false,
    "selectedEndpointUrl" : null,
    "category" : [ "INTERNAL" ],
    "uri" : "sp:datasinkinvocation:aSzpAI:bU0Kq",
    "_rev" : null
  } ],
  "running" : false,
  "restartOnSystemReboot" : false,
  "startedAt" : 1697980438699,
  "createdAt" : 1697969927834,
  "publicElement" : false,
  "createdByUser" : "7414d58ec42444bda9059792163c902f",
  "pipelineCategories" : [ ],
  "pipelineNotifications" : [ ],
  "healthStatus" : "OK",
  "_id" : "a08fbd230bea4c8baeb73a83d7fab944",
  "_rev" : null
}