{
  "widgetId" : null,
  "widgetType" : "distribution-chart",
  "baseAppearanceConfig" : {"widgetTitle":"Pressure identifier - distribution-chart","backgroundColor":"#FFFFFF","textColor":"#3e3e3e"},
  "visualizationConfig" : {"forType":7.0,"selectedProperty":{"runtimeName":"pressure","measure":"Pressure identifier","fullDbName":"pressure","sourceIndex":0.0,"fieldCharacteristics":{"dimension":false,"numeric":true,"binary":false,"semanticTypes":["http://schema.org/Number"]}},"displayType":"pie","roundingValue":10.0,"resolution":1.0,"autoBin":true,"numberOfBins":10.0,"domainMin":0.0,"domainMax":100.0,"autoDomain":true},
  "dataConfig" : {"ignoreMissingValues":false,"sourceConfigs":[{"measureName":"Pressure identifier","queryConfig":{"selectedFilters":[],"limit":100.0,"page":1.0,"aggregationTimeUnit":"d","aggregationValue":1.0,"fields":[{"runtimeName":"pressure","selected":true,"numeric":true,"aggregations":["MEAN"]},{"runtimeName":"sensorId","selected":true,"numeric":false,"aggregations":["MODE"]}],"groupBy":[{"runtimeName":"sensorId","selected":false,"numeric":false}]},"queryType":"raw","sourceType":"pipeline","measure":{"@class":"org.apache.streampipes.model.datalake.DataLakeMeasure","eventSchema":{"eventProperties":[{"@class":"org.apache.streampipes.model.schema.EventPropertyPrimitive","description":"Denotes the current pressure in the pressure tank","domainProperties":["http://schema.org/Number"],"elementId":"sp:eventproperty:cWJvbl","index":2.0,"label":"Pressure","propertyScope":"MEASUREMENT_PROPERTY","required":false,"runtimeName":"pressure","runtimeType":"http://www.w3.org/2001/XMLSchema#float","valueSpecification":{"@class":"org.apache.streampipes.model.schema.QuantitativeValue","maxValue":100.0,"minValue":0.0,"step":0.5}},{"@class":"org.apache.streampipes.model.schema.EventPropertyPrimitive","description":"The ID of the sensor","domainProperties":["https://streampipes.org/vocabulary/examples/watertank/v1/hasSensorId"],"elementId":"sp:eventproperty:DtBVOE","index":1.0,"label":"Sensor ID","propertyScope":"DIMENSION_PROPERTY","required":false,"runtimeName":"sensorId","runtimeType":"http://www.w3.org/2001/XMLSchema#string"}]},"measureName":"Pressure identifier","pipelineId":"08cb30fbb8b746c99c3296448d9bf825","pipelineIsRunning":true,"pipelineName":"Abnormal pressure notification"}}]},
  "pipelineId" : null,
  "measureName" : null,
  "_id" : "b699d7098c9642dc8cf0bb8698525775",
  "_rev" : null
}