{
  "widgetId" : null,
  "widgetType" : "table",
  "baseAppearanceConfig" : {"widgetTitle":"Factory 1 environment condition identifier - table","backgroundColor":"#FFFFFF","textColor":"#3e3e3e"},
  "visualizationConfig" : {"forType":0.0,"selectedColumns":[{"runtimeName":"factory_id","measure":"Factory 1 environment condition identifier","fullDbName":"factory_id","sourceIndex":0.0,"fieldCharacteristics":{"dimension":false,"numeric":true,"binary":false,"semanticTypes":[]}},{"runtimeName":"factory_temperature","measure":"Factory 1 environment condition identifier","fullDbName":"factory_temperature","sourceIndex":0.0,"fieldCharacteristics":{"dimension":false,"numeric":true,"binary":false,"semanticTypes":[]}},{"runtimeName":"humidity","measure":"Factory 1 environment condition identifier","fullDbName":"humidity","sourceIndex":0.0,"fieldCharacteristics":{"dimension":false,"numeric":true,"binary":false,"semanticTypes":[]}}],"searchValue":""},
  "dataConfig" : {"ignoreMissingValues":false,"sourceConfigs":[{"measureName":"Factory 1 environment condition identifier","queryConfig":{"selectedFilters":[],"limit":100.0,"page":1.0,"aggregationTimeUnit":"d","aggregationValue":1.0,"fields":[{"runtimeName":"factory_id","selected":true,"numeric":true,"aggregations":["MEAN"]},{"runtimeName":"factory_temperature","selected":true,"numeric":true,"aggregations":["MEAN"]},{"runtimeName":"humidity","selected":true,"numeric":true,"aggregations":["MEAN"]}],"groupBy":[]},"queryType":"raw","sourceType":"pipeline","measure":{"@class":"org.apache.streampipes.model.datalake.DataLakeMeasure","eventSchema":{"eventProperties":[{"@class":"org.apache.streampipes.model.schema.EventPropertyPrimitive","description":"","domainProperties":[],"elementId":"sp:eventproperty:SDaEso","index":0.0,"propertyScope":"MEASUREMENT_PROPERTY","required":false,"runtimeName":"factory_id","runtimeType":"http://www.w3.org/2001/XMLSchema#float"},{"@class":"org.apache.streampipes.model.schema.EventPropertyPrimitive","description":"","domainProperties":[],"elementId":"sp:eventproperty:KaTnnS","index":1.0,"propertyScope":"MEASUREMENT_PROPERTY","required":false,"runtimeName":"factory_temperature","runtimeType":"http://www.w3.org/2001/XMLSchema#float"},{"@class":"org.apache.streampipes.model.schema.EventPropertyPrimitive","description":"","domainProperties":[],"elementId":"sp:eventproperty:mhBqKP","index":2.0,"propertyScope":"MEASUREMENT_PROPERTY","required":false,"runtimeName":"humidity","runtimeType":"http://www.w3.org/2001/XMLSchema#float"}]},"measureName":"Factory 1 environment condition identifier","pipelineId":"a08fbd230bea4c8baeb73a83d7fab944","pipelineIsRunning":true,"pipelineName":"Factory environment monitor"}}]},
  "pipelineId" : null,
  "measureName" : null,
  "_id" : "d9f3c4cbef024ed7b905bc9b656445d2",
  "_rev" : null
}