{
  "@class" : "org.apache.streampipes.model.connect.adapter.AdapterDescription",
  "elementId" : "sp:adapterdescription:JwPKUR",
  "dom" : null,
  "connectedTo" : null,
  "name" : "Flow rate ",
  "description" : "To display the flow rate and temperature information of machine",
  "iconUrl" : null,
  "appId" : "org.apache.streampipes.connect.iiot.adapters.simulator.machine",
  "includesAssets" : true,
  "includesLocales" : true,
  "includedAssets" : [ "documentation.md", "icon.png" ],
  "includedLocales" : [ "strings.en" ],
  "internallyManaged" : false,
  "dataStream" : {
    "@class" : "org.apache.streampipes.model.SpDataStream",
    "elementId" : "urn:streampipes.apache.org:eventstream:rkCgnQ",
    "dom" : null,
    "connectedTo" : null,
    "name" : null,
    "description" : null,
    "iconUrl" : null,
    "appId" : null,
    "includesAssets" : false,
    "includesLocales" : false,
    "includedAssets" : [ ],
    "includedLocales" : [ ],
    "internallyManaged" : false,
    "eventGrounding" : null,
    "eventSchema" : {
      "eventProperties" : [ {
        "@class" : "org.apache.streampipes.model.schema.EventPropertyPrimitive",
        "elementId" : "sp:eventproperty:eodlbJ",
        "label" : "Density",
        "description" : "Denotes the current density of the fluid",
        "runtimeName" : "density",
        "required" : false,
        "domainProperties" : [ "http://schema.org/Number" ],
        "propertyScope" : "MEASUREMENT_PROPERTY",
        "index" : 5,
        "runtimeId" : null,
        "runtimeType" : "http://www.w3.org/2001/XMLSchema#float",
        "measurementUnit" : null,
        "valueSpecification" : null
      }, {
        "@class" : "org.apache.streampipes.model.schema.EventPropertyPrimitive",
        "elementId" : "sp:eventproperty:KEPLeQ",
        "label" : "Mass Flow",
        "description" : "Denotes the current mass flow in the sensor",
        "runtimeName" : "mass_flow",
        "required" : false,
        "domainProperties" : [ "http://schema.org/Number" ],
        "propertyScope" : "MEASUREMENT_PROPERTY",
        "index" : 2,
        "runtimeId" : null,
        "runtimeType" : "http://www.w3.org/2001/XMLSchema#float",
        "measurementUnit" : null,
        "valueSpecification" : null
      }, {
        "@class" : "org.apache.streampipes.model.schema.EventPropertyPrimitive",
        "elementId" : "sp:eventproperty:OuurUN",
        "label" : "Sensor ID",
        "description" : "The ID of the sensor",
        "runtimeName" : "sensorId",
        "required" : false,
        "domainProperties" : [ "https://streampipes.org/vocabulary/examples/watertank/v1/hasSensorId" ],
        "propertyScope" : "DIMENSION_PROPERTY",
        "index" : 1,
        "runtimeId" : null,
        "runtimeType" : "http://www.w3.org/2001/XMLSchema#string",
        "measurementUnit" : null,
        "valueSpecification" : null
      }, {
        "@class" : "org.apache.streampipes.model.schema.EventPropertyPrimitive",
        "elementId" : "sp:eventproperty:zuSONl",
        "label" : "Sensor Fault Flags",
        "description" : "Any fault flags of the sensors",
        "runtimeName" : "sensor_fault_flags",
        "required" : false,
        "domainProperties" : [ "http://schema.org/Boolean" ],
        "propertyScope" : "MEASUREMENT_PROPERTY",
        "index" : 6,
        "runtimeId" : null,
        "runtimeType" : "http://www.w3.org/2001/XMLSchema#boolean",
        "measurementUnit" : null,
        "valueSpecification" : null
      }, {
        "@class" : "org.apache.streampipes.model.schema.EventPropertyPrimitive",
        "elementId" : "sp:eventproperty:VROUlg",
        "label" : "Temperature",
        "description" : "Denotes the current temperature in degrees celsius",
        "runtimeName" : "temperature",
        "required" : false,
        "domainProperties" : [ "http://schema.org/Number" ],
        "propertyScope" : "MEASUREMENT_PROPERTY",
        "index" : 4,
        "runtimeId" : null,
        "runtimeType" : "http://www.w3.org/2001/XMLSchema#float",
        "measurementUnit" : "http://qudt.org/vocab/unit#DegreeCelsius",
        "valueSpecification" : {
          "@class" : "org.apache.streampipes.model.schema.QuantitativeValue",
          "minValue" : 0.0,
          "maxValue" : 100.0,
          "step" : 0.1
        }
      }, {
        "@class" : "org.apache.streampipes.model.schema.EventPropertyPrimitive",
        "elementId" : "sp:eventproperty:AZrmEU",
        "label" : "Timestamp",
        "description" : "The current timestamp value",
        "runtimeName" : "timestamp",
        "required" : false,
        "domainProperties" : [ "http://schema.org/DateTime" ],
        "propertyScope" : "HEADER_PROPERTY",
        "index" : 0,
        "runtimeId" : null,
        "runtimeType" : "http://www.w3.org/2001/XMLSchema#long",
        "measurementUnit" : null,
        "valueSpecification" : null
      }, {
        "@class" : "org.apache.streampipes.model.schema.EventPropertyPrimitive",
        "elementId" : "sp:eventproperty:YbAUCR",
        "label" : "Volume Flow",
        "description" : "Denotes the current volume flow",
        "runtimeName" : "volume_flow",
        "required" : false,
        "domainProperties" : [ "http://schema.org/Number" ],
        "propertyScope" : "MEASUREMENT_PROPERTY",
        "index" : 3,
        "runtimeId" : null,
        "runtimeType" : "http://www.w3.org/2001/XMLSchema#float",
        "measurementUnit" : null,
        "valueSpecification" : null
      } ]
    },
    "category" : null,
    "index" : 0,
    "correspondingAdapterId" : null,
    "uri" : "urn:streampipes.apache.org:eventstream:rkCgnQ",
    "_rev" : null
  },
  "running" : false,
  "eventGrounding" : {
    "transportProtocols" : [ {
      "@class" : "org.apache.streampipes.model.grounding.KafkaTransportProtocol",
      "elementId" : "sp:transportprotocol:yiibiC",
      "brokerHostname" : "kafka",
      "topicDefinition" : {
        "@class" : "org.apache.streampipes.model.grounding.SimpleTopicDefinition",
        "actualTopicName" : "org.apache.streampipes.connect.0db7df0c-9d7a-4bff-ab95-40bb04baeb59"
      },
      "zookeeperHost" : null,
      "zookeeperPort" : 0,
      "kafkaPort" : 9092,
      "lingerMs" : null,
      "messageMaxBytes" : null,
      "maxRequestSize" : null,
      "acks" : null,
      "batchSize" : null,
      "offset" : null,
      "groupId" : null
    } ],
    "transportFormats" : [ {
      "rdfType" : [ "http://sepa.event-processing.org/sepa#json" ]
    } ]
  },
  "icon" : null,
  "config" : [ {
    "@class" : "org.apache.streampipes.model.staticproperty.FreeTextStaticProperty",
    "valueRequired" : false,
    "staticPropertyType" : "FreeTextStaticProperty",
    "index" : 0,
    "label" : "Wait Time (MS)",
    "description" : "The time to wait between two events in milliseconds",
    "internalName" : "wait-time-ms",
    "predefined" : false,
    "value" : "1000",
    "requiredDatatype" : null,
    "requiredDomainProperty" : "http://www.w3.org/2001/XMLSchema#integer",
    "mapsTo" : null,
    "multiLine" : false,
    "htmlAllowed" : false,
    "htmlFontFormat" : false,
    "placeholdersSupported" : false,
    "valueSpecification" : null
  }, {
    "@class" : "org.apache.streampipes.model.staticproperty.OneOfStaticProperty",
    "valueRequired" : false,
    "staticPropertyType" : "OneOfStaticProperty",
    "index" : 1,
    "label" : "Select sensor",
    "description" : "Select simulated sensor data to be published",
    "internalName" : "selected-simulator-option",
    "predefined" : false,
    "options" : [ {
      "elementId" : "sp:option:biWfxS",
      "name" : "flowrate",
      "selected" : true,
      "internalName" : null
    }, {
      "elementId" : "sp:option:oauHce",
      "name" : "pressure",
      "selected" : false,
      "internalName" : null
    }, {
      "elementId" : "sp:option:DpkUbG",
      "name" : "waterlevel",
      "selected" : false,
      "internalName" : null
    } ],
    "horizontalRendering" : false
  } ],
  "rules" : [ ],
  "category" : [ "Debugging" ],
  "createdAt" : 1697946594392,
  "selectedEndpointUrl" : null,
  "correspondingServiceGroup" : null,
  "correspondingDataStreamElementId" : "sp:spdatastream:NFDhHQ",
  "eventSchema" : {
    "eventProperties" : [ {
      "@class" : "org.apache.streampipes.model.schema.EventPropertyPrimitive",
      "elementId" : "sp:eventproperty:eodlbJ",
      "label" : "Density",
      "description" : "Denotes the current density of the fluid",
      "runtimeName" : "density",
      "required" : false,
      "domainProperties" : [ "http://schema.org/Number" ],
      "propertyScope" : "MEASUREMENT_PROPERTY",
      "index" : 5,
      "runtimeId" : null,
      "runtimeType" : "http://www.w3.org/2001/XMLSchema#float",
      "measurementUnit" : null,
      "valueSpecification" : null
    }, {
      "@class" : "org.apache.streampipes.model.schema.EventPropertyPrimitive",
      "elementId" : "sp:eventproperty:KEPLeQ",
      "label" : "Mass Flow",
      "description" : "Denotes the current mass flow in the sensor",
      "runtimeName" : "mass_flow",
      "required" : false,
      "domainProperties" : [ "http://schema.org/Number" ],
      "propertyScope" : "MEASUREMENT_PROPERTY",
      "index" : 2,
      "runtimeId" : null,
      "runtimeType" : "http://www.w3.org/2001/XMLSchema#float",
      "measurementUnit" : null,
      "valueSpecification" : null
    }, {
      "@class" : "org.apache.streampipes.model.schema.EventPropertyPrimitive",
      "elementId" : "sp:eventproperty:OuurUN",
      "label" : "Sensor ID",
      "description" : "The ID of the sensor",
      "runtimeName" : "sensorId",
      "required" : false,
      "domainProperties" : [ "https://streampipes.org/vocabulary/examples/watertank/v1/hasSensorId" ],
      "propertyScope" : "DIMENSION_PROPERTY",
      "index" : 1,
      "runtimeId" : null,
      "runtimeType" : "http://www.w3.org/2001/XMLSchema#string",
      "measurementUnit" : null,
      "valueSpecification" : null
    }, {
      "@class" : "org.apache.streampipes.model.schema.EventPropertyPrimitive",
      "elementId" : "sp:eventproperty:zuSONl",
      "label" : "Sensor Fault Flags",
      "description" : "Any fault flags of the sensors",
      "runtimeName" : "sensor_fault_flags",
      "required" : false,
      "domainProperties" : [ "http://schema.org/Boolean" ],
      "propertyScope" : "MEASUREMENT_PROPERTY",
      "index" : 6,
      "runtimeId" : null,
      "runtimeType" : "http://www.w3.org/2001/XMLSchema#boolean",
      "measurementUnit" : null,
      "valueSpecification" : null
    }, {
      "@class" : "org.apache.streampipes.model.schema.EventPropertyPrimitive",
      "elementId" : "sp:eventproperty:VROUlg",
      "label" : "Temperature",
      "description" : "Denotes the current temperature in degrees celsius",
      "runtimeName" : "temperature",
      "required" : false,
      "domainProperties" : [ "http://schema.org/Number" ],
      "propertyScope" : "MEASUREMENT_PROPERTY",
      "index" : 4,
      "runtimeId" : null,
      "runtimeType" : "http://www.w3.org/2001/XMLSchema#float",
      "measurementUnit" : "http://qudt.org/vocab/unit#DegreeCelsius",
      "valueSpecification" : {
        "@class" : "org.apache.streampipes.model.schema.QuantitativeValue",
        "minValue" : 0.0,
        "maxValue" : 100.0,
        "step" : 0.1
      }
    }, {
      "@class" : "org.apache.streampipes.model.schema.EventPropertyPrimitive",
      "elementId" : "sp:eventproperty:AZrmEU",
      "label" : "Timestamp",
      "description" : "The current timestamp value",
      "runtimeName" : "timestamp",
      "required" : false,
      "domainProperties" : [ "http://schema.org/DateTime" ],
      "propertyScope" : "HEADER_PROPERTY",
      "index" : 0,
      "runtimeId" : null,
      "runtimeType" : "http://www.w3.org/2001/XMLSchema#long",
      "measurementUnit" : null,
      "valueSpecification" : null
    }, {
      "@class" : "org.apache.streampipes.model.schema.EventPropertyPrimitive",
      "elementId" : "sp:eventproperty:YbAUCR",
      "label" : "Volume Flow",
      "description" : "Denotes the current volume flow",
      "runtimeName" : "volume_flow",
      "required" : false,
      "domainProperties" : [ "http://schema.org/Number" ],
      "propertyScope" : "MEASUREMENT_PROPERTY",
      "index" : 3,
      "runtimeId" : null,
      "runtimeType" : "http://www.w3.org/2001/XMLSchema#float",
      "measurementUnit" : null,
      "valueSpecification" : null
    } ]
  },
  "valueRules" : [ ],
  "streamRules" : [ ],
  "schemaRules" : [ ],
  "uri" : "sp:adapterdescription:JwPKUR",
  "_rev" : null
}