{
  "@class" : "org.apache.streampipes.model.connect.adapter.AdapterDescription",
  "elementId" : "sp:adapterdescription:OkkWiW",
  "dom" : null,
  "connectedTo" : null,
  "name" : "Factory environment monitor",
  "description" : "To mock the environmental datas, including temperature and humidity.",
  "iconUrl" : null,
  "appId" : "org.apache.streampipes.connect.iiot.protocol.stream.file",
  "includesAssets" : true,
  "includesLocales" : true,
  "includedAssets" : [ "documentation.md", "icon.png" ],
  "includedLocales" : [ "strings.en" ],
  "internallyManaged" : false,
  "dataStream" : {
    "@class" : "org.apache.streampipes.model.SpDataStream",
    "elementId" : "urn:streampipes.apache.org:eventstream:AoecwH",
    "dom" : null,
    "connectedTo" : null,
    "name" : null,
    "description" : null,
    "iconUrl" : null,
    "appId" : null,
    "includesAssets" : false,
    "includesLocales" : false,
    "includedAssets" : [ ],
    "includedLocales" : [ ],
    "internallyManaged" : false,
    "eventGrounding" : null,
    "eventSchema" : {
      "eventProperties" : [ {
        "@class" : "org.apache.streampipes.model.schema.EventPropertyPrimitive",
        "elementId" : "sp:eventproperty:SDaEso",
        "label" : null,
        "description" : "",
        "runtimeName" : "factory_id",
        "required" : false,
        "domainProperties" : [ ],
        "propertyScope" : "MEASUREMENT_PROPERTY",
        "index" : 0,
        "runtimeId" : null,
        "runtimeType" : "http://www.w3.org/2001/XMLSchema#float",
        "measurementUnit" : null,
        "valueSpecification" : null
      }, {
        "@class" : "org.apache.streampipes.model.schema.EventPropertyPrimitive",
        "elementId" : "sp:eventproperty:mhBqKP",
        "label" : null,
        "description" : "",
        "runtimeName" : "humidity",
        "required" : false,
        "domainProperties" : [ ],
        "propertyScope" : "MEASUREMENT_PROPERTY",
        "index" : 2,
        "runtimeId" : null,
        "runtimeType" : "http://www.w3.org/2001/XMLSchema#float",
        "measurementUnit" : null,
        "valueSpecification" : null
      }, {
        "@class" : "org.apache.streampipes.model.schema.EventPropertyPrimitive",
        "elementId" : "sp:eventproperty:KaTnnS",
        "label" : null,
        "description" : "",
        "runtimeName" : "temperature",
        "required" : false,
        "domainProperties" : [ ],
        "propertyScope" : "MEASUREMENT_PROPERTY",
        "index" : 1,
        "runtimeId" : null,
        "runtimeType" : "http://www.w3.org/2001/XMLSchema#float",
        "measurementUnit" : null,
        "valueSpecification" : null
      }, {
        "@class" : "org.apache.streampipes.model.schema.EventPropertyPrimitive",
        "elementId" : "http://eventProperty.de/timestamp/1b494734-1b88-d42c-8cf9-00f5446eefca",
        "label" : "Timestamp",
        "description" : "The current timestamp value",
        "runtimeName" : "timestamp",
        "required" : false,
        "domainProperties" : [ "http://schema.org/DateTime" ],
        "propertyScope" : "HEADER_PROPERTY",
        "index" : 0,
        "runtimeId" : null,
        "runtimeType" : "http://www.w3.org/2001/XMLSchema#long",
        "measurementUnit" : null,
        "valueSpecification" : null
      } ]
    },
    "category" : null,
    "index" : 0,
    "correspondingAdapterId" : null,
    "uri" : "urn:streampipes.apache.org:eventstream:AoecwH",
    "_rev" : null
  },
  "running" : false,
  "eventGrounding" : {
    "transportProtocols" : [ {
      "@class" : "org.apache.streampipes.model.grounding.KafkaTransportProtocol",
      "elementId" : "sp:transportprotocol:KzIgam",
      "brokerHostname" : "kafka",
      "topicDefinition" : {
        "@class" : "org.apache.streampipes.model.grounding.SimpleTopicDefinition",
        "actualTopicName" : "org.apache.streampipes.connect.fb8d0ffa-20cc-4730-86f3-7d0b4bd9e283"
      },
      "zookeeperHost" : null,
      "zookeeperPort" : 0,
      "kafkaPort" : 9092,
      "lingerMs" : null,
      "messageMaxBytes" : null,
      "maxRequestSize" : null,
      "acks" : null,
      "batchSize" : null,
      "offset" : null,
      "groupId" : null
    } ],
    "transportFormats" : [ {
      "rdfType" : [ "http://sepa.event-processing.org/sepa#json" ]
    } ]
  },
  "icon" : null,
  "config" : [ {
    "@class" : "org.apache.streampipes.model.staticproperty.FileStaticProperty",
    "valueRequired" : false,
    "staticPropertyType" : "FileStaticProperty",
    "index" : 0,
    "label" : "File",
    "description" : "File Path",
    "internalName" : "filePath",
    "predefined" : false,
    "endpointUrl" : null,
    "locationPath" : "5d565ea6-8cab-4221-9d54-fdc5d90983a8.json",
    "requiredFiletypes" : [ "csv", "json", "xml" ]
  }, {
    "@class" : "org.apache.streampipes.model.staticproperty.AnyStaticProperty",
    "valueRequired" : false,
    "staticPropertyType" : "AnyStaticProperty",
    "index" : 1,
    "label" : "Use current time",
    "description" : "Replace Event Time with Current Timestamp",
    "internalName" : "replaceTimestamp",
    "predefined" : false,
    "options" : [ {
      "elementId" : "sp:option:wWICro",
      "name" : "",
      "selected" : true,
      "internalName" : null
    } ],
    "horizontalRendering" : false
  }, {
    "@class" : "org.apache.streampipes.model.staticproperty.OneOfStaticProperty",
    "valueRequired" : false,
    "staticPropertyType" : "OneOfStaticProperty",
    "index" : 2,
    "label" : "Replay Once",
    "description" : "'yes' file is only replayed once, 'no' the file is replayed till adapter is stopped",
    "internalName" : "replayOnce",
    "predefined" : false,
    "options" : [ {
      "elementId" : "sp:option:oxSXyo",
      "name" : "no",
      "selected" : true,
      "internalName" : null
    }, {
      "elementId" : "sp:option:QmjPds",
      "name" : "yes",
      "selected" : false,
      "internalName" : null
    } ],
    "horizontalRendering" : false
  }, {
    "@class" : "org.apache.streampipes.model.staticproperty.StaticPropertyAlternatives",
    "valueRequired" : false,
    "staticPropertyType" : "StaticPropertyAlternatives",
    "index" : 3,
    "label" : "Replay Speed",
    "description" : "",
    "internalName" : "speed",
    "predefined" : false,
    "alternatives" : [ {
      "@class" : "org.apache.streampipes.model.staticproperty.StaticPropertyAlternative",
      "valueRequired" : false,
      "staticPropertyType" : "StaticPropertyAlternative",
      "index" : 0,
      "label" : "Keep original time",
      "description" : "",
      "internalName" : "keepOriginalTime",
      "predefined" : false,
      "elementId" : "sp:staticpropertyalternative:ifbJrA",
      "selected" : true,
      "staticProperty" : null
    }, {
      "@class" : "org.apache.streampipes.model.staticproperty.StaticPropertyAlternative",
      "valueRequired" : false,
      "staticPropertyType" : "StaticPropertyAlternative",
      "index" : 1,
      "label" : "Fastest (Ignore original time)",
      "description" : "",
      "internalName" : "fastest",
      "predefined" : false,
      "elementId" : "sp:staticpropertyalternative:OLnSHn",
      "selected" : false,
      "staticProperty" : null
    }, {
      "@class" : "org.apache.streampipes.model.staticproperty.StaticPropertyAlternative",
      "valueRequired" : false,
      "staticPropertyType" : "StaticPropertyAlternative",
      "index" : 2,
      "label" : "Speed Up Factor",
      "description" : "",
      "internalName" : "speedUpFactor",
      "predefined" : false,
      "elementId" : "sp:staticpropertyalternative:JrEwQg",
      "selected" : false,
      "staticProperty" : {
        "@class" : "org.apache.streampipes.model.staticproperty.StaticPropertyGroup",
        "valueRequired" : false,
        "staticPropertyType" : "StaticPropertyGroup",
        "index" : 0,
        "label" : "",
        "description" : "",
        "internalName" : "speed-up-factor-group",
        "predefined" : false,
        "staticProperties" : [ {
          "@class" : "org.apache.streampipes.model.staticproperty.FreeTextStaticProperty",
          "valueRequired" : false,
          "staticPropertyType" : "FreeTextStaticProperty",
          "index" : 0,
          "label" : "Speed Up",
          "description" : "original = 1; speedup 2x = 2; half speed  =  0.5",
          "internalName" : "speedUp",
          "predefined" : false,
          "value" : null,
          "requiredDatatype" : "http://www.w3.org/2001/XMLSchema#double",
          "requiredDomainProperty" : null,
          "mapsTo" : null,
          "multiLine" : false,
          "htmlAllowed" : false,
          "htmlFontFormat" : false,
          "placeholdersSupported" : false,
          "valueSpecification" : null
        } ],
        "showLabel" : null,
        "horizontalRendering" : false
      }
    } ]
  }, {
    "@class" : "org.apache.streampipes.model.staticproperty.StaticPropertyAlternatives",
    "valueRequired" : false,
    "staticPropertyType" : "StaticPropertyAlternatives",
    "index" : 0,
    "label" : "Format",
    "description" : "Select the format that is used to parse the events",
    "internalName" : "format",
    "predefined" : false,
    "alternatives" : [ {
      "@class" : "org.apache.streampipes.model.staticproperty.StaticPropertyAlternative",
      "valueRequired" : false,
      "staticPropertyType" : "StaticPropertyAlternative",
      "index" : 0,
      "label" : "Json",
      "description" : "Can be used to read json",
      "internalName" : "Json",
      "predefined" : false,
      "elementId" : "sp:staticpropertyalternative:hxRcyP",
      "selected" : true,
      "staticProperty" : {
        "@class" : "org.apache.streampipes.model.staticproperty.StaticPropertyGroup",
        "valueRequired" : false,
        "staticPropertyType" : "StaticPropertyGroup",
        "index" : 0,
        "label" : "Json",
        "description" : "Can be used to read json",
        "internalName" : "org.apache.streampipes.extensions.management.connect.adapter.parser.json",
        "predefined" : false,
        "staticProperties" : [ {
          "@class" : "org.apache.streampipes.model.staticproperty.StaticPropertyAlternatives",
          "valueRequired" : false,
          "staticPropertyType" : "StaticPropertyAlternatives",
          "index" : 0,
          "label" : "",
          "description" : "",
          "internalName" : "json_options",
          "predefined" : false,
          "alternatives" : [ {
            "@class" : "org.apache.streampipes.model.staticproperty.StaticPropertyAlternative",
            "valueRequired" : false,
            "staticPropertyType" : "StaticPropertyAlternative",
            "index" : 0,
            "label" : "Single Object",
            "description" : "object",
            "internalName" : "object",
            "predefined" : false,
            "elementId" : "sp:staticpropertyalternative:fBjqpP",
            "selected" : false,
            "staticProperty" : null
          }, {
            "@class" : "org.apache.streampipes.model.staticproperty.StaticPropertyAlternative",
            "valueRequired" : false,
            "staticPropertyType" : "StaticPropertyAlternative",
            "index" : 1,
            "label" : "Array",
            "description" : "array",
            "internalName" : "array",
            "predefined" : false,
            "elementId" : "sp:staticpropertyalternative:zUFpaE",
            "selected" : true,
            "staticProperty" : null
          }, {
            "@class" : "org.apache.streampipes.model.staticproperty.StaticPropertyAlternative",
            "valueRequired" : false,
            "staticPropertyType" : "StaticPropertyAlternative",
            "index" : 2,
            "label" : "Array Field",
            "description" : "arrayField",
            "internalName" : "arrayField",
            "predefined" : false,
            "elementId" : "sp:staticpropertyalternative:BMgFrj",
            "selected" : false,
            "staticProperty" : {
              "@class" : "org.apache.streampipes.model.staticproperty.StaticPropertyGroup",
              "valueRequired" : false,
              "staticPropertyType" : "StaticPropertyGroup",
              "index" : 0,
              "label" : "Delimiter",
              "description" : "",
              "internalName" : "arrayFieldConfig",
              "predefined" : false,
              "staticProperties" : [ {
                "@class" : "org.apache.streampipes.model.staticproperty.FreeTextStaticProperty",
                "valueRequired" : false,
                "staticPropertyType" : "FreeTextStaticProperty",
                "index" : 0,
                "label" : "Key",
                "description" : "Key of the array within the Json object",
                "internalName" : "key",
                "predefined" : false,
                "value" : null,
                "requiredDatatype" : "http://www.w3.org/2001/XMLSchema#string",
                "requiredDomainProperty" : null,
                "mapsTo" : null,
                "multiLine" : false,
                "htmlAllowed" : false,
                "htmlFontFormat" : false,
                "placeholdersSupported" : false,
                "valueSpecification" : null
              } ],
              "showLabel" : null,
              "horizontalRendering" : false
            }
          }, {
            "@class" : "org.apache.streampipes.model.staticproperty.StaticPropertyAlternative",
            "valueRequired" : false,
            "staticPropertyType" : "StaticPropertyAlternative",
            "index" : 3,
            "label" : "GeoJSON",
            "description" : "geojson",
            "internalName" : "geojson",
            "predefined" : false,
            "elementId" : "sp:staticpropertyalternative:NpqihZ",
            "selected" : false,
            "staticProperty" : null
          } ]
        } ],
        "showLabel" : null,
        "horizontalRendering" : false
      }
    }, {
      "@class" : "org.apache.streampipes.model.staticproperty.StaticPropertyAlternative",
      "valueRequired" : false,
      "staticPropertyType" : "StaticPropertyAlternative",
      "index" : 1,
      "label" : "CSV",
      "description" : "Can be used to read CSV",
      "internalName" : "CSV",
      "predefined" : false,
      "elementId" : "sp:staticpropertyalternative:PhTIUK",
      "selected" : false,
      "staticProperty" : {
        "@class" : "org.apache.streampipes.model.staticproperty.StaticPropertyGroup",
        "valueRequired" : false,
        "staticPropertyType" : "StaticPropertyGroup",
        "index" : 0,
        "label" : "CSV",
        "description" : "Can be used to read CSV",
        "internalName" : "org.apache.streampipes.extensions.management.connect.adapter.parser.csv",
        "predefined" : false,
        "staticProperties" : [ {
          "@class" : "org.apache.streampipes.model.staticproperty.FreeTextStaticProperty",
          "valueRequired" : false,
          "staticPropertyType" : "FreeTextStaticProperty",
          "index" : 0,
          "label" : "Delimiter",
          "description" : "The delimiter of the CSV file(s). Mostly either , or ;",
          "internalName" : "delimiter",
          "predefined" : false,
          "value" : null,
          "requiredDatatype" : null,
          "requiredDomainProperty" : "http://www.w3.org/2001/XMLSchema#string",
          "mapsTo" : null,
          "multiLine" : false,
          "htmlAllowed" : false,
          "htmlFontFormat" : false,
          "placeholdersSupported" : false,
          "valueSpecification" : null
        }, {
          "@class" : "org.apache.streampipes.model.staticproperty.AnyStaticProperty",
          "valueRequired" : false,
          "staticPropertyType" : "AnyStaticProperty",
          "index" : 1,
          "label" : "Header",
          "description" : "Does the CSV file include a header or not",
          "internalName" : "header",
          "predefined" : false,
          "options" : [ {
            "elementId" : "sp:option:mMKdDQ",
            "name" : "Header",
            "selected" : false,
            "internalName" : "Header"
          } ],
          "horizontalRendering" : false
        } ],
        "showLabel" : null,
        "horizontalRendering" : false
      }
    }, {
      "@class" : "org.apache.streampipes.model.staticproperty.StaticPropertyAlternative",
      "valueRequired" : false,
      "staticPropertyType" : "StaticPropertyAlternative",
      "index" : 2,
      "label" : "XML",
      "description" : "Can be used to read XML data",
      "internalName" : "XML",
      "predefined" : false,
      "elementId" : "sp:staticpropertyalternative:hFSVQU",
      "selected" : false,
      "staticProperty" : {
        "@class" : "org.apache.streampipes.model.staticproperty.StaticPropertyGroup",
        "valueRequired" : false,
        "staticPropertyType" : "StaticPropertyGroup",
        "index" : 0,
        "label" : "XML",
        "description" : "Can be used to read XML data",
        "internalName" : "org.apache.streampipes.extensions.management.connect.adapter.parser.xml",
        "predefined" : false,
        "staticProperties" : [ {
          "@class" : "org.apache.streampipes.model.staticproperty.FreeTextStaticProperty",
          "valueRequired" : false,
          "staticPropertyType" : "FreeTextStaticProperty",
          "index" : 0,
          "label" : "Tag",
          "description" : "Information in the tag is transformed into an event",
          "internalName" : "tag",
          "predefined" : false,
          "value" : null,
          "requiredDatatype" : null,
          "requiredDomainProperty" : "http://www.w3.org/2001/XMLSchema#string",
          "mapsTo" : null,
          "multiLine" : false,
          "htmlAllowed" : false,
          "htmlFontFormat" : false,
          "placeholdersSupported" : false,
          "valueSpecification" : null
        } ],
        "showLabel" : null,
        "horizontalRendering" : false
      }
    }, {
      "@class" : "org.apache.streampipes.model.staticproperty.StaticPropertyAlternative",
      "valueRequired" : false,
      "staticPropertyType" : "StaticPropertyAlternative",
      "index" : 3,
      "label" : "Image",
      "description" : "Processes images and transforms them into events",
      "internalName" : "Image",
      "predefined" : false,
      "elementId" : "sp:staticpropertyalternative:klmVCg",
      "selected" : false,
      "staticProperty" : {
        "@class" : "org.apache.streampipes.model.staticproperty.StaticPropertyGroup",
        "valueRequired" : false,
        "staticPropertyType" : "StaticPropertyGroup",
        "index" : 0,
        "label" : "Image",
        "description" : "Processes images and transforms them into events",
        "internalName" : "org.apache.streampipes.extensions.management.connect.adapter.parser.image",
        "predefined" : false,
        "staticProperties" : [ ],
        "showLabel" : null,
        "horizontalRendering" : false
      }
    } ]
  } ],
  "rules" : [ {
    "@class" : "org.apache.streampipes.model.connect.rules.value.AddTimestampRuleDescription",
    "runtimeKey" : "timestamp",
    "rulePriority" : 100
  } ],
  "category" : [ "Generic" ],
  "createdAt" : 1697905490465,
  "selectedEndpointUrl" : null,
  "correspondingServiceGroup" : null,
  "correspondingDataStreamElementId" : "sp:spdatastream:FoNSDD",
  "eventSchema" : {
    "eventProperties" : [ {
      "@class" : "org.apache.streampipes.model.schema.EventPropertyPrimitive",
      "elementId" : "sp:eventproperty:SDaEso",
      "label" : null,
      "description" : "",
      "runtimeName" : "factory_id",
      "required" : false,
      "domainProperties" : [ ],
      "propertyScope" : "MEASUREMENT_PROPERTY",
      "index" : 0,
      "runtimeId" : null,
      "runtimeType" : "http://www.w3.org/2001/XMLSchema#float",
      "measurementUnit" : null,
      "valueSpecification" : null
    }, {
      "@class" : "org.apache.streampipes.model.schema.EventPropertyPrimitive",
      "elementId" : "sp:eventproperty:mhBqKP",
      "label" : null,
      "description" : "",
      "runtimeName" : "humidity",
      "required" : false,
      "domainProperties" : [ ],
      "propertyScope" : "MEASUREMENT_PROPERTY",
      "index" : 2,
      "runtimeId" : null,
      "runtimeType" : "http://www.w3.org/2001/XMLSchema#float",
      "measurementUnit" : null,
      "valueSpecification" : null
    }, {
      "@class" : "org.apache.streampipes.model.schema.EventPropertyPrimitive",
      "elementId" : "sp:eventproperty:KaTnnS",
      "label" : null,
      "description" : "",
      "runtimeName" : "temperature",
      "required" : false,
      "domainProperties" : [ ],
      "propertyScope" : "MEASUREMENT_PROPERTY",
      "index" : 1,
      "runtimeId" : null,
      "runtimeType" : "http://www.w3.org/2001/XMLSchema#float",
      "measurementUnit" : null,
      "valueSpecification" : null
    }, {
      "@class" : "org.apache.streampipes.model.schema.EventPropertyPrimitive",
      "elementId" : "http://eventProperty.de/timestamp/1b494734-1b88-d42c-8cf9-00f5446eefca",
      "label" : "Timestamp",
      "description" : "The current timestamp value",
      "runtimeName" : "timestamp",
      "required" : false,
      "domainProperties" : [ "http://schema.org/DateTime" ],
      "propertyScope" : "HEADER_PROPERTY",
      "index" : 0,
      "runtimeId" : null,
      "runtimeType" : "http://www.w3.org/2001/XMLSchema#long",
      "measurementUnit" : null,
      "valueSpecification" : null
    } ]
  },
  "valueRules" : [ ],
  "streamRules" : [ ],
  "schemaRules" : [ ],
  "uri" : "sp:adapterdescription:OkkWiW",
  "_rev" : null
}