{
  "id" : null,
  "name" : "Machine Running Condition Monitoring of Water Level and Pressure",
  "description" : "To monitor the machine paramaters,including the water level and pressure condition.",
  "displayHeader" : false,
  "dashboardTimeSettings" : {
    "startTime" : 1.697974967874E12,
    "endTime" : 1.697975867874E12,
    "dynamicSelection" : 15.0
  },
  "dashboardGeneralSettings" : {
    "defaultViewMode" : "grid"
  },
  "widgets" : [ {
    "id" : "9994eaee1e2e426fadf3c5c25c06a1db",
    "name" : null,
    "component" : null,
    "settings" : null,
    "cols" : 3,
    "rows" : 4,
    "x" : 0,
    "y" : 0
  }, {
    "id" : "e9ed9c6eb6b2423d9d2bff4a2b3dc63e",
    "name" : null,
    "component" : null,
    "settings" : null,
    "cols" : 4,
    "rows" : 4,
    "x" : 3,
    "y" : 0
  }, {
    "id" : "21389a8c16ab40ec93c6f39f37f62d96",
    "name" : null,
    "component" : null,
    "settings" : null,
    "cols" : 3,
    "rows" : 4,
    "x" : 0,
    "y" : 4
  }, {
    "id" : "067072ebfe09420a921424496a6a73d2",
    "name" : null,
    "component" : null,
    "settings" : null,
    "cols" : 5,
    "rows" : 5,
    "x" : 3,
    "y" : 4
  } ],
  "_id" : "sp:dashboardmodel:jLtWWB",
  "_rev" : null
}