{
  "id" : null,
  "name" : "Smart Machine Monitor",
  "description" : "To monitor the factory machine condition, including pressure and water level.",
  "displayHeader" : true,
  "dashboardTimeSettings" : { },
  "dashboardGeneralSettings" : { },
  "widgets" : [ {
    "id" : "c2653dbb030f42d7aeaf0c35779f004b",
    "name" : null,
    "component" : null,
    "settings" : null,
    "cols" : 5,
    "rows" : 8,
    "x" : 0,
    "y" : 0
  }, {
    "id" : "946f27830fef4320a8e1aa7206220808",
    "name" : null,
    "component" : null,
    "settings" : null,
    "cols" : 6,
    "rows" : 8,
    "x" : 5,
    "y" : 0
  } ],
  "_id" : "sp:dashboardmodel:lyViOL",
  "_rev" : null
}