{
  "id" : null,
  "name" : "Smart Factory Monitoring of Environment Temperature and Machine Temperature",
  "description" : "To monitor the specific factory environmental temperature and the flow rate machine's temperature.",
  "displayHeader" : false,
  "dashboardTimeSettings" : {
    "startTime" : 1.698074022864E12,
    "endTime" : 1.698074922864E12,
    "dynamicSelection" : 15.0
  },
  "dashboardGeneralSettings" : {
    "defaultViewMode" : "grid"
  },
  "widgets" : [ {
    "id" : "d9f3c4cbef024ed7b905bc9b656445d2",
    "name" : null,
    "component" : null,
    "settings" : null,
    "cols" : 4,
    "rows" : 5,
    "x" : 0,
    "y" : 0
  }, {
    "id" : "a76d512bb8cc40eeb454350b61bb9640",
    "name" : null,
    "component" : null,
    "settings" : null,
    "cols" : 4,
    "rows" : 5,
    "x" : 4,
    "y" : 5
  }, {
    "id" : "c3e6130588a44ea4b751758edda6d4ad",
    "name" : null,
    "component" : null,
    "settings" : null,
    "cols" : 4,
    "rows" : 5,
    "x" : 0,
    "y" : 5
  }, {
    "id" : "5fe2aaa3b93044cc828f482584b91f43",
    "name" : null,
    "component" : null,
    "settings" : null,
    "cols" : 4,
    "rows" : 5,
    "x" : 4,
    "y" : 0
  } ],
  "_id" : "sp:dashboardmodel:NqWHhe",
  "_rev" : null
}