{
  "id" : null,
  "name" : "Flow Rate Sensor Condition",
  "description" : "To display the flow rate sensor running condition, including density and mass flow.",
  "displayHeader" : true,
  "dashboardTimeSettings" : { },
  "dashboardGeneralSettings" : { },
  "widgets" : [ {
    "id" : "1914c87d875244689ed84299880640d7",
    "name" : null,
    "component" : null,
    "settings" : null,
    "cols" : 4,
    "rows" : 9,
    "x" : 0,
    "y" : 0
  }, {
    "id" : "b0ba3c6d35c843a08ac41299c2c42390",
    "name" : null,
    "component" : null,
    "settings" : null,
    "cols" : 5,
    "rows" : 9,
    "x" : 4,
    "y" : 0
  } ],
  "_id" : "sp:dashboardmodel:KynSjy",
  "_rev" : null
}