{
  "id" : null,
  "name" : "Machine Running Condition Monitoring of Water Level and Pressure",
  "description" : "To monitor the machine paramaters,including the water level and pressure condition.",
  "displayHeader" : false,
  "dashboardTimeSettings" : {
    "startTime" : 1.69807397734E12,
    "endTime" : 1.69807487734E12,
    "dynamicSelection" : 15.0
  },
  "dashboardGeneralSettings" : {
    "defaultViewMode" : "grid"
  },
  "widgets" : [ {
    "id" : "9994eaee1e2e426fadf3c5c25c06a1db",
    "name" : null,
    "component" : null,
    "settings" : null,
    "cols" : 3,
    "rows" : 4,
    "x" : 0,
    "y" : 0
  }, {
    "id" : "e9ed9c6eb6b2423d9d2bff4a2b3dc63e",
    "name" : null,
    "component" : null,
    "settings" : null,
    "cols" : 5,
    "rows" : 4,
    "x" : 3,
    "y" : 0
  }, {
    "id" : "b699d7098c9642dc8cf0bb8698525775",
    "name" : null,
    "component" : null,
    "settings" : null,
    "cols" : 3,
    "rows" : 4,
    "x" : 0,
    "y" : 4
  }, {
    "id" : "2df4b9e5b4954f6ea2e7794b05f40b73",
    "name" : null,
    "component" : null,
    "settings" : null,
    "cols" : 5,
    "rows" : 4,
    "x" : 3,
    "y" : 4
  } ],
  "_id" : "sp:dashboardmodel:jLtWWB",
  "_rev" : null
}