{
  "id" : null,
  "name" : "Problem Analysis of Machine Mass Flow and Volume Flow",
  "description" : "To monitor machine real time condition of mass flow and volueme flow when the machine is meeting problem.",
  "displayHeader" : false,
  "dashboardTimeSettings" : {
    "startTime" : 1.697972085248E12,
    "endTime" : 1.697972985248E12,
    "dynamicSelection" : 15.0
  },
  "dashboardGeneralSettings" : {
    "defaultViewMode" : "slide"
  },
  "widgets" : [ {
    "id" : "a7f447dccf0343818498129965129116",
    "name" : null,
    "component" : null,
    "settings" : null,
    "cols" : 3,
    "rows" : 4,
    "x" : 0,
    "y" : 0
  }, {
    "id" : "92f1d361e5a9480e8e77f3f94c9e757f",
    "name" : null,
    "component" : null,
    "settings" : null,
    "cols" : 3,
    "rows" : 4,
    "x" : 0,
    "y" : 0
  }, {
    "id" : "1f5db63f33254579830287dab53d51dc",
    "name" : null,
    "component" : null,
    "settings" : null,
    "cols" : 3,
    "rows" : 4,
    "x" : 0,
    "y" : 0
  }, {
    "id" : "0e075cd988b74f9a92c01f6703d9f5a8",
    "name" : null,
    "component" : null,
    "settings" : null,
    "cols" : 3,
    "rows" : 4,
    "x" : 0,
    "y" : 0
  } ],
  "_id" : "sp:dashboardmodel:fnnIkE",
  "_rev" : null
}