{
  "id" : null,
  "name" : "Problem Analysis of Machine Mass Flow and Volume Flow",
  "description" : "To monitor machine real time condition of mass flow and volueme flow when machine is meeting problem.",
  "displayHeader" : false,
  "dashboardTimeSettings" : {
    "startTime" : 1.698046699151E12,
    "endTime" : 1.698047599151E12,
    "dynamicSelection" : 15.0
  },
  "dashboardGeneralSettings" : {
    "defaultViewMode" : "slide"
  },
  "widgets" : [ {
    "id" : "92f1d361e5a9480e8e77f3f94c9e757f",
    "name" : null,
    "component" : null,
    "settings" : null,
    "cols" : 3,
    "rows" : 4,
    "x" : 0,
    "y" : 0
  }, {
    "id" : "838ce2ac24f34903b1fe1a2c87ef2f73",
    "name" : null,
    "component" : null,
    "settings" : null,
    "cols" : 3,
    "rows" : 4,
    "x" : 3,
    "y" : 0
  }, {
    "id" : "d011145bf7b7407ca16d56a2ee47ef36",
    "name" : null,
    "component" : null,
    "settings" : null,
    "cols" : 3,
    "rows" : 4,
    "x" : 0,
    "y" : 4
  }, {
    "id" : "0d36795d268b45cc94d34ac7425949de",
    "name" : null,
    "component" : null,
    "settings" : null,
    "cols" : 3,
    "rows" : 4,
    "x" : 3,
    "y" : 4
  } ],
  "_id" : "sp:dashboardmodel:fnnIkE",
  "_rev" : null
}