{
  "id" : null,
  "name" : "Factory Temperature Monitor",
  "description" : "To monitor environment temperature and machine temperature.",
  "displayHeader" : true,
  "dashboardTimeSettings" : { },
  "dashboardGeneralSettings" : { },
  "widgets" : [ {
    "id" : "e473c9ab59294a60b8637d6f7f3b908c",
    "name" : null,
    "component" : null,
    "settings" : null,
    "cols" : 5,
    "rows" : 8,
    "x" : 0,
    "y" : 0
  }, {
    "id" : "184aed760d20408db9d22f544569150f",
    "name" : null,
    "component" : null,
    "settings" : null,
    "cols" : 6,
    "rows" : 8,
    "x" : 5,
    "y" : 0
  } ],
  "_id" : "sp:dashboardmodel:WtrETu",
  "_rev" : null
}