{"_id":"ypKmuqgAbmLOtaFKjFjgwuqe","assetName":"Example Asset - Smart Factory Monitoring and Analysis","assetDescription":"Using simulated data to demonstrate smart factory IIoT application scenarios, including equipment running condition, factory environment monitoring, and machine error analysis","assetLinks":[],"assetId":"pHwoxW","appDocType":"asset-management","removable":true,"assets":[{"assetId":"aa3fvvh0","assetName":"Error Analysis","assetDescription":"To record and analyse machine parameters in case of specific machine failure.","assetLinks":[{"linkLabel":"Problem Analysis of Machine Mass Flow and Volume Flow","linkType":"data-view","editingDisabled":false,"resourceId":"sp:dashboardmodel:fnnIkE","navigationActive":true,"queryHint":"data-view"},{"linkLabel":"Flow rate ","linkType":"adapter","editingDisabled":false,"resourceId":"sp:adapterdescription:JwPKUR","navigationActive":true,"queryHint":"adapter"},{"linkLabel":"Flow rate sensor running condition","linkType":"pipeline","editingDisabled":false,"resourceId":"a45e47189a8c4f0f92049cd3ba377a94","navigationActive":true,"queryHint":"pipeline"},{"linkLabel":"Flow Rate Sensor Condition","linkType":"dashboard","editingDisabled":false,"resourceId":"sp:dashboardmodel:KynSjy","navigationActive":true,"queryHint":"dashboard"},{"linkLabel":"Sensor fault time record identifier","linkType":"measurement","editingDisabled":false,"resourceId":"25ee825471bd4130ac84ab340a75c4cd","navigationActive":false,"queryHint":"measurement"},{"linkLabel":"Sensor running condition identifier","linkType":"measurement","editingDisabled":false,"resourceId":"0ed374244508445fa0ba451f9a3f92da","navigationActive":false,"queryHint":"measurement"}],"assets":[]},{"assetId":"azenwy7t","assetName":"Equipment Running Condition","assetDescription":"To display the machine running condition parameters, ensuring the machines are running in the expected status.","assetLinks":[{"linkLabel":"Machine Running Condition Monitoring of Water Level and Pressure","linkType":"data-view","editingDisabled":false,"resourceId":"sp:dashboardmodel:jLtWWB","navigationActive":true,"queryHint":"data-view"},{"linkLabel":"Pressure simulator","linkType":"adapter","editingDisabled":false,"resourceId":"sp:adapterdescription:QVjWEp","navigationActive":true,"queryHint":"adapter"},{"linkLabel":"Water level","linkType":"adapter","editingDisabled":false,"resourceId":"sp:adapterdescription:nKYsuV","navigationActive":true,"queryHint":"adapter"},{"linkLabel":"Water level trend analysis","linkType":"pipeline","editingDisabled":false,"resourceId":"451ac45c20cc4eb9ba70f3e31979313e","navigationActive":true,"queryHint":"pipeline"},{"linkLabel":"Abnormal pressure notification","linkType":"pipeline","editingDisabled":false,"resourceId":"08cb30fbb8b746c99c3296448d9bf825","navigationActive":true,"queryHint":"pipeline"},{"linkLabel":"Smart Machine Monitor","linkType":"dashboard","editingDisabled":false,"resourceId":"sp:dashboardmodel:lyViOL","navigationActive":true,"queryHint":"dashboard"}],"assets":[]},{"assetId":"abt1q1n9","assetName":"Environment Monitor","assetDescription":"To monitor the factory environment temperature and machine temperature.","assetLinks":[{"linkLabel":"Smart Factory Monitoring of Environment Temperature and Machine Temperature","linkType":"data-view","editingDisabled":false,"resourceId":"sp:dashboardmodel:NqWHhe","navigationActive":true,"queryHint":"data-view"},{"linkLabel":"Flow rate ","linkType":"adapter","editingDisabled":false,"resourceId":"sp:adapterdescription:JwPKUR","navigationActive":true,"queryHint":"adapter"},{"linkLabel":"Factory environment monitor","linkType":"adapter","editingDisabled":false,"resourceId":"sp:adapterdescription:OkkWiW","navigationActive":true,"queryHint":"adapter"},{"linkLabel":"Factory environmental data.json","linkType":"file","editingDisabled":false,"resourceId":"b6efdaaf23df4a52b20299b5a0065f24","navigationActive":false,"queryHint":"file"},{"linkLabel":"Factory environment monitor","linkType":"pipeline","editingDisabled":false,"resourceId":"a08fbd230bea4c8baeb73a83d7fab944","navigationActive":true,"queryHint":"pipeline"},{"linkLabel":"Flow rate sensor temperature condition","linkType":"pipeline","editingDisabled":false,"resourceId":"786b0610aac24e48b5163c5a3a9a9b9f","navigationActive":true,"queryHint":"pipeline"},{"linkLabel":"Factory Temperature Monitor","linkType":"dashboard","editingDisabled":false,"resourceId":"sp:dashboardmodel:WtrETu","navigationActive":true,"queryHint":"dashboard"}],"assets":[]}]}