{
  "@class" : "org.apache.streampipes.model.datalake.DataLakeMeasure",
  "measureName" : "itentifier_2",
  "timestampField" : "s0::timestamp",
  "eventSchema" : {
    "eventProperties" : [ {
      "@class" : "org.apache.streampipes.model.schema.EventPropertyPrimitive",
      "elementId" : "sp:eventproperty:IKdPLH",
      "label" : "Water Level",
      "description" : "Denotes the current water level in the container",
      "runtimeName" : "level",
      "required" : false,
      "domainProperties" : [ "http://schema.org/Number" ],
      "propertyScope" : "MEASUREMENT_PROPERTY",
      "index" : 2,
      "runtimeId" : null,
      "runtimeType" : "http://www.w3.org/2001/XMLSchema#float",
      "measurementUnit" : null,
      "valueSpecification" : null
    }, {
      "@class" : "org.apache.streampipes.model.schema.EventPropertyPrimitive",
      "elementId" : "sp:eventproperty:pLyyfE",
      "label" : "Overflow",
      "description" : "Indicates whether the tank overflows",
      "runtimeName" : "overflow",
      "required" : false,
      "domainProperties" : [ "http://schema.org/Number" ],
      "propertyScope" : "MEASUREMENT_PROPERTY",
      "index" : 3,
      "runtimeId" : null,
      "runtimeType" : "http://www.w3.org/2001/XMLSchema#boolean",
      "measurementUnit" : null,
      "valueSpecification" : null
    }, {
      "@class" : "org.apache.streampipes.model.schema.EventPropertyPrimitive",
      "elementId" : "sp:eventproperty:HZBCNv",
      "label" : "Sensor ID",
      "description" : "The ID of the sensor",
      "runtimeName" : "sensorId",
      "required" : false,
      "domainProperties" : [ "https://streampipes.org/vocabulary/examples/watertank/v1/hasSensorId" ],
      "propertyScope" : "DIMENSION_PROPERTY",
      "index" : 1,
      "runtimeId" : null,
      "runtimeType" : "http://www.w3.org/2001/XMLSchema#string",
      "measurementUnit" : null,
      "valueSpecification" : null
    } ]
  },
  "pipelineId" : null,
  "pipelineName" : null,
  "pipelineIsRunning" : false,
  "schemaVersion" : "1.1",
  "elementId" : "22d3ffee75844627bc1ffa40c8895700",
  "_rev" : null
}