{
  "widgetId" : null,
  "widgetType" : "raw",
  "dashboardWidgetSettings" : {
    "widgetLabel" : "Raw",
    "widgetName" : "raw",
    "config" : [ {
      "@class" : "org.apache.streampipes.model.staticproperty.FreeTextStaticProperty",
      "valueRequired" : false,
      "staticPropertyType" : "FreeTextStaticProperty",
      "index" : 0,
      "label" : "Widget title",
      "description" : "The title of the widget",
      "internalName" : "spi-title-key",
      "predefined" : false,
      "value" : "default_identifier",
      "requiredDatatype" : "http://www.w3.org/2001/XMLSchema#string",
      "requiredDomainProperty" : null,
      "mapsTo" : null,
      "multiLine" : false,
      "htmlAllowed" : false,
      "htmlFontFormat" : false,
      "placeholdersSupported" : false,
      "valueSpecification" : null
    }, {
      "@class" : "org.apache.streampipes.model.staticproperty.ColorPickerStaticProperty",
      "valueRequired" : false,
      "staticPropertyType" : "ColorPickerStaticProperty",
      "index" : 1,
      "label" : "Background color",
      "description" : "The background color",
      "internalName" : "spi-background-color-key",
      "predefined" : false,
      "selectedColor" : "#1B1464"
    }, {
      "@class" : "org.apache.streampipes.model.staticproperty.ColorPickerStaticProperty",
      "valueRequired" : false,
      "staticPropertyType" : "ColorPickerStaticProperty",
      "index" : 2,
      "label" : "Primary text color",
      "description" : "The primary text color",
      "internalName" : "spi-primary-text-color-key",
      "predefined" : false,
      "selectedColor" : "#FFFFFF"
    }, {
      "@class" : "org.apache.streampipes.model.staticproperty.ColorPickerStaticProperty",
      "valueRequired" : false,
      "staticPropertyType" : "ColorPickerStaticProperty",
      "index" : 3,
      "label" : "Secondary text color",
      "description" : "The secondary text color",
      "internalName" : "spi-secondary-text-color-key",
      "predefined" : false,
      "selectedColor" : "#39B54A"
    }, {
      "@class" : "org.apache.streampipes.model.staticproperty.FreeTextStaticProperty",
      "valueRequired" : false,
      "staticPropertyType" : "FreeTextStaticProperty",
      "index" : 4,
      "label" : "Refresh interval [seconds]",
      "description" : "The interval in seconds in which new data should be fetched",
      "internalName" : "spi-refresh-interval-key",
      "predefined" : false,
      "value" : "2",
      "requiredDatatype" : "http://www.w3.org/2001/XMLSchema#integer",
      "requiredDomainProperty" : null,
      "mapsTo" : null,
      "multiLine" : false,
      "htmlAllowed" : false,
      "htmlFontFormat" : false,
      "placeholdersSupported" : false,
      "valueSpecification" : null
    }, {
      "@class" : "org.apache.streampipes.model.staticproperty.FreeTextStaticProperty",
      "valueRequired" : false,
      "staticPropertyType" : "FreeTextStaticProperty",
      "index" : 5,
      "label" : "Past data",
      "description" : "The number of historic events that should be shown",
      "internalName" : "spi-query-limit-key",
      "predefined" : false,
      "value" : "50",
      "requiredDatatype" : "http://www.w3.org/2001/XMLSchema#integer",
      "requiredDomainProperty" : null,
      "mapsTo" : null,
      "multiLine" : false,
      "htmlAllowed" : false,
      "htmlFontFormat" : false,
      "placeholdersSupported" : false,
      "valueSpecification" : null
    } ],
    "requiredSchema" : {
      "eventProperties" : [ ]
    },
    "widgetIconName" : "fas fa-terminal",
    "widgetDescription" : "Displays the raw message as it comes in for testing purposes"
  },
  "pipelineId" : "80901de1bae8416692325fd1ab3a75ca",
  "visualizationName" : "default_identifier",
  "_id" : "c4f52482680244b5990ffbb3b5b557d8",
  "_rev" : null
}