{
  "@class" : "org.apache.streampipes.model.SpDataStream",
  "elementId" : "sp:spdatastream:dtkMJs",
  "dom" : null,
  "connectedTo" : null,
  "name" : "Default_Adapter1",
  "description" : "",
  "iconUrl" : null,
  "appId" : null,
  "includesAssets" : false,
  "includesLocales" : false,
  "includedAssets" : [ ],
  "includedLocales" : [ ],
  "internallyManaged" : true,
  "eventGrounding" : {
    "transportProtocols" : [ {
      "@class" : "org.apache.streampipes.model.grounding.KafkaTransportProtocol",
      "elementId" : "sp:transportprotocol:WSlgJL",
      "brokerHostname" : "kafka",
      "topicDefinition" : {
        "@class" : "org.apache.streampipes.model.grounding.SimpleTopicDefinition",
        "actualTopicName" : "org.apache.streampipes.connect.19620071-3978-468b-9e12-0f39e580c4a4"
      },
      "zookeeperHost" : null,
      "zookeeperPort" : 0,
      "kafkaPort" : 9092,
      "lingerMs" : null,
      "messageMaxBytes" : null,
      "maxRequestSize" : null,
      "acks" : null,
      "batchSize" : null,
      "offset" : null,
      "groupId" : null
    } ],
    "transportFormats" : [ {
      "rdfType" : [ "http://sepa.event-processing.org/sepa#json" ]
    } ]
  },
  "eventSchema" : {
    "eventProperties" : [ {
      "@class" : "org.apache.streampipes.model.schema.EventPropertyPrimitive",
      "elementId" : "sp:eventproperty:IKdPLH",
      "label" : "Water Level",
      "description" : "Denotes the current water level in the container",
      "runtimeName" : "level",
      "required" : false,
      "domainProperties" : [ "http://schema.org/Number" ],
      "propertyScope" : "MEASUREMENT_PROPERTY",
      "index" : 2,
      "runtimeId" : null,
      "runtimeType" : "http://www.w3.org/2001/XMLSchema#float",
      "measurementUnit" : null,
      "valueSpecification" : null
    }, {
      "@class" : "org.apache.streampipes.model.schema.EventPropertyPrimitive",
      "elementId" : "sp:eventproperty:pLyyfE",
      "label" : "Overflow",
      "description" : "Indicates whether the tank overflows",
      "runtimeName" : "overflow",
      "required" : false,
      "domainProperties" : [ "http://schema.org/Number" ],
      "propertyScope" : "MEASUREMENT_PROPERTY",
      "index" : 3,
      "runtimeId" : null,
      "runtimeType" : "http://www.w3.org/2001/XMLSchema#boolean",
      "measurementUnit" : null,
      "valueSpecification" : null
    }, {
      "@class" : "org.apache.streampipes.model.schema.EventPropertyPrimitive",
      "elementId" : "sp:eventproperty:HZBCNv",
      "label" : "Sensor ID",
      "description" : "The ID of the sensor",
      "runtimeName" : "sensorId",
      "required" : false,
      "domainProperties" : [ "https://streampipes.org/vocabulary/examples/watertank/v1/hasSensorId" ],
      "propertyScope" : "DIMENSION_PROPERTY",
      "index" : 1,
      "runtimeId" : null,
      "runtimeType" : "http://www.w3.org/2001/XMLSchema#string",
      "measurementUnit" : null,
      "valueSpecification" : null
    }, {
      "@class" : "org.apache.streampipes.model.schema.EventPropertyPrimitive",
      "elementId" : "sp:eventproperty:OnctfA",
      "label" : "Timestamp",
      "description" : "The current timestamp value",
      "runtimeName" : "timestamp",
      "required" : false,
      "domainProperties" : [ "http://schema.org/DateTime" ],
      "propertyScope" : "HEADER_PROPERTY",
      "index" : 0,
      "runtimeId" : null,
      "runtimeType" : "http://www.w3.org/2001/XMLSchema#long",
      "measurementUnit" : null,
      "valueSpecification" : null
    } ]
  },
  "category" : null,
  "index" : 0,
  "correspondingAdapterId" : "sp:adapterdescription:gMBaFO",
  "uri" : "sp:spdatastream:dtkMJs",
  "_rev" : null
}