{"_id":"UcAAnLECmzJeLSAnhqDshFxw","assetName":"Default_Asset3","assetDescription":"","assetLinks":[{"linkLabel":"Default_Dashboard3","linkType":"dashboard","editingDisabled":false,"resourceId":"sp:dashboardmodel:HOvYbp","navigationActive":true,"queryHint":"dashboard"},{"linkLabel":"Default_Adapter1","linkType":"adapter","editingDisabled":false,"resourceId":"sp:adapterdescription:gMBaFO","navigationActive":true,"queryHint":"adapter"},{"linkLabel":"Default_Adapter1","linkType":"data-source","editingDisabled":false,"resourceId":"sp:spdatastream:dtkMJs","navigationActive":false,"queryHint":"data-source"},{"linkLabel":"Default_Pipeline3","linkType":"pipeline","editingDisabled":false,"resourceId":"80901de1bae8416692325fd1ab3a75ca","navigationActive":true,"queryHint":"pipeline"},{"linkLabel":"itentifier_2","linkType":"measurement","editingDisabled":false,"resourceId":"22d3ffee75844627bc1ffa40c8895700","navigationActive":false,"queryHint":"measurement"}],"assetId":"ABmYir","appDocType":"asset-management","removable":true,"assets":[]}